<?xml version="1.0"?>
<Power><power_name>Back to Back</power_name><power_class_and_level>Warlord Utility 6</power_class_and_level><power_flavor>You take heart from the ally guarding your back.</power_flavor><power_frequency>Daily</power_frequency><power_keywords>Martial, Stance</power_keywords><power_action_type>Minor Action</power_action_type><power_range_and_aoe>Personal </power_range_and_aoe><power_rules>Effect: You assume the back to back stance. Until the stance ends, while you are adjacent to an ally, you and the ally gain a +1 bonus to attack rolls.</power_rules><power_rules_html>&lt;span class="flavor"&gt;&lt;b&gt;Effect: &lt;/b&gt;You assume the back to back stance. Until the stance ends, while you are adjacent to an ally, you and the ally gain a +1 bonus to attack rolls.&lt;/span&gt;
</power_rules_html><power_published_in>Dragon Magazine 384, page(s) 51. </power_published_in><power_dndinsider_id>10</power_dndinsider_id><formatOutput>1</formatOutput></Power>
