<?xml version="1.0"?>
<Power><power_name>Hurricane Strike</power_name><power_class_and_level>Fighter Attack 15</power_class_and_level><power_flavor>You swing your blade around you and the momentum carries you forward so you can do it again.</power_flavor><power_frequency>Daily</power_frequency><power_keywords>Martial, Weapon</power_keywords><power_action_type>Standard Action</power_action_type><power_range_and_aoe>Close burst 1</power_range_and_aoe><power_rules>Requirement: You must be wielding a two-handed weapon.
Primary Target: Each enemy in the burst that you can see
Primary Attack: Strength vs. AC
Hit: 1[W] + Strength modifier + Constitution modifier damage.
Effect: After the attack you can move up to 3 squares and make a secondary attack in a close burst 1.
Secondary Target: Any enemy in the burst that you can see
Secondary Attack: Strength vs. AC
Hit: Strength modifier + Constitution modifier damage.</power_rules><power_rules_html>&lt;span class="flavor"&gt;&lt;b&gt;Requirement: &lt;/b&gt;You must be wielding a two-handed weapon.&lt;/span&gt;
&lt;span class="flavor"&gt;&lt;b&gt;Primary Target: &lt;/b&gt;Each enemy in the burst that you can see&lt;/span&gt;
&lt;span class="flavor"&gt;&lt;b&gt;Primary Attack: &lt;/b&gt;Strength vs. AC&lt;/span&gt;
&lt;span class="flavor"&gt;&lt;b&gt;Hit: &lt;/b&gt;1[W] + Strength modifier + Constitution modifier damage.&lt;/span&gt;
&lt;span class="flavor"&gt;&lt;b&gt;Effect: &lt;/b&gt;After the attack you can move up to 3 squares and make a secondary attack in a close burst 1.&lt;/span&gt;
&lt;span class="flavor"&gt;&lt;b&gt;Secondary Target: &lt;/b&gt;Any enemy in the burst that you can see&lt;/span&gt;
&lt;span class="flavor"&gt;&lt;b&gt;Secondary Attack: &lt;/b&gt;Strength vs. AC&lt;/span&gt;
&lt;span class="flavor"&gt;&lt;b&gt;Hit: &lt;/b&gt;Strength modifier + Constitution modifier damage.&lt;/span&gt;
</power_rules_html><power_published_in>Dragon Magazine 379, page(s) 65. </power_published_in><power_dndinsider_id>10002</power_dndinsider_id><formatOutput>1</formatOutput></Power>
