<?xml version="1.0"?>
<Power><power_name>Slash and Kick</power_name><power_class_and_level>Fighter Attack 23</power_class_and_level><power_flavor>Your weapon tears through your foe, allowing you to follow up with a forceful kick to send the enemy sprawling.</power_flavor><power_frequency>Encounter</power_frequency><power_keywords>Martial, Weapon</power_keywords><power_action_type>Standard Action</power_action_type><power_range_and_aoe>Melee weapon</power_range_and_aoe><power_rules>Requirement: You must be wielding a two-handed weapon.
Target: One creature
Primary Attack: Strength vs. AC
Hit: 2[W] + Strength modifier damage, and you make a secondary attack against the same target.
Secondary Attack: Strength vs. Fortitude
Special: If you are bloodied, you gain a +4 bonus to your attack roll.
Hit: You push the target a number of squares equal to your Constitution modifier and the target falls prone.</power_rules><power_rules_html>&lt;span class="flavor"&gt;&lt;b&gt;Requirement: &lt;/b&gt;You must be wielding a two-handed weapon.&lt;/span&gt;
&lt;span class="flavor"&gt;&lt;b&gt;Target: &lt;/b&gt;One creature&lt;/span&gt;
&lt;span class="flavor"&gt;&lt;b&gt;Primary Attack: &lt;/b&gt;Strength vs. AC&lt;/span&gt;
&lt;span class="flavor"&gt;&lt;b&gt;Hit: &lt;/b&gt;2[W] + Strength modifier damage, and you make a secondary attack against the same target.&lt;/span&gt;
&lt;span class="flavor"&gt;&lt;b&gt;Secondary Attack: &lt;/b&gt;Strength vs. Fortitude&lt;/span&gt;
&lt;span class="flavor"&gt;&lt;b&gt;Special: &lt;/b&gt;If you are bloodied, you gain a +4 bonus to your attack roll.&lt;/span&gt;
&lt;span class="flavor"&gt;&lt;b&gt;Hit: &lt;/b&gt;You push the target a number of squares equal to your Constitution modifier and the target falls prone.&lt;/span&gt;
</power_rules_html><power_published_in>Dragon Magazine 379, page(s) 65. </power_published_in><power_dndinsider_id>10007</power_dndinsider_id><formatOutput>1</formatOutput></Power>
