<?xml version="1.0"?>
<Power><power_name>Tide of Iron</power_name><power_class_and_level>Fighter Attack 1</power_class_and_level><power_flavor>After each swing, you use your shield to shove your foe backward, and then you surge ahead.</power_flavor><power_frequency>At-Will</power_frequency><power_keywords>Martial, Weapon</power_keywords><power_action_type>Standard Action</power_action_type><power_range_and_aoe>Melee weapon</power_range_and_aoe><power_rules>Requirement: You must be using a shield.
Target: One creature
Attack: Strength vs. AC
Hit: 1[W] + Strength modifier damage, and you can push the target 1 square if it is no larger than one size category larger than you. You can then shift 1 square into the space that the target left.
Level 21: 2[W] + Strength modifier damage.</power_rules><power_rules_html>&lt;span class="flavor"&gt;&lt;b&gt;Requirement: &lt;/b&gt;You must be using a shield.&lt;/span&gt;
&lt;span class="flavor"&gt;&lt;b&gt;Target: &lt;/b&gt;One creature&lt;/span&gt;
&lt;span class="flavor"&gt;&lt;b&gt;Attack: &lt;/b&gt;Strength vs. AC&lt;/span&gt;
&lt;span class="flavor"&gt;&lt;b&gt;Hit: &lt;/b&gt;1[W] + Strength modifier damage, and you can push the target 1 square if it is no larger than one size category larger than you. You can then shift 1 square into the space that the target left.&lt;/span&gt;
&lt;span class="flavor"&gt;Level 21: 2[W] + Strength modifier damage.&lt;/span&gt;
</power_rules_html><power_published_in>Player's Handbook, page(s) 77, Class Compendium.</power_published_in><power_dndinsider_id>1000</power_dndinsider_id><formatOutput>1</formatOutput></Power>
