<?xml version="1.0"?>
<Power><power_name>Leaping Assault</power_name><power_class_and_level>Fighter Attack 13</power_class_and_level><power_flavor>You spring through your foes to rip apart an enemy with a savage swing.</power_flavor><power_frequency>Encounter</power_frequency><power_keywords>Martial, Weapon</power_keywords><power_action_type>Standard Action</power_action_type><power_range_and_aoe>Melee weapon</power_range_and_aoe><power_rules>Prerequisite: You must be trained in Athletics.
Requirement: You must be wielding a two-handed weapon.
Effect: Before the attack, you move up to your speed. This movement does not provoke opportunity attacks from any enemy marked by you.
Target: One creature
Attack: Strength vs. AC
Hit: 2[W] + Strength modifier + Constitution modifier damage.</power_rules><power_rules_html>&lt;span class="flavor"&gt;&lt;b&gt;Prerequisite: &lt;/b&gt;You must be trained in Athletics.&lt;/span&gt;
&lt;span class="flavor"&gt;&lt;b&gt;Requirement: &lt;/b&gt;You must be wielding a two-handed weapon.&lt;/span&gt;
&lt;span class="flavor"&gt;&lt;b&gt;Effect: &lt;/b&gt;Before the attack, you move up to your speed. This movement does not provoke opportunity attacks from any enemy marked by you.&lt;/span&gt;
&lt;span class="flavor"&gt;&lt;b&gt;Target: &lt;/b&gt;One creature&lt;/span&gt;
&lt;span class="flavor"&gt;&lt;b&gt;Attack: &lt;/b&gt;Strength vs. AC&lt;/span&gt;
&lt;span class="flavor"&gt;&lt;b&gt;Hit: &lt;/b&gt;2[W] + Strength modifier + Constitution modifier damage.&lt;/span&gt;
</power_rules_html><power_published_in>Dragon Magazine 379, page(s) 65. </power_published_in><power_dndinsider_id>10001</power_dndinsider_id><formatOutput>1</formatOutput></Power>
