<?xml version="1.0"?>
<Power><power_name>Wild Offensive</power_name><power_class_and_level>Fighter Attack 27</power_class_and_level><power_flavor>Your weapon moves with astonishing speed, leaving those you strike reeling in pain.</power_flavor><power_frequency>Encounter</power_frequency><power_keywords>Martial, Weapon</power_keywords><power_action_type>Standard Action</power_action_type><power_range_and_aoe>Melee weapon</power_range_and_aoe><power_rules>Requirement: You must be wielding a two-handed weapon.
Target: One, two, or three creatures
Attack: Strength -2 vs. AC
Hit: 2[W] + Strength modifier + Constitution modifier damage, and the target grants combat advantage to you until the end of your next turn.</power_rules><power_rules_html>&lt;span class="flavor"&gt;&lt;b&gt;Requirement: &lt;/b&gt;You must be wielding a two-handed weapon.&lt;/span&gt;
&lt;span class="flavor"&gt;&lt;b&gt;Target: &lt;/b&gt;One, two, or three creatures&lt;/span&gt;
&lt;span class="flavor"&gt;&lt;b&gt;Attack: &lt;/b&gt;Strength -2 vs. AC&lt;/span&gt;
&lt;span class="flavor"&gt;&lt;b&gt;Hit: &lt;/b&gt;2[W] + Strength modifier + Constitution modifier damage, and the target grants combat advantage to you until the end of your next turn.&lt;/span&gt;
</power_rules_html><power_published_in>Dragon Magazine 379, page(s) 65. </power_published_in><power_dndinsider_id>10009</power_dndinsider_id><formatOutput>1</formatOutput></Power>
