<?xml version="1.0"?>
<Power><power_name>Mighty Surge</power_name><power_class_and_level>Fighter Utility 10</power_class_and_level><power_flavor>You dig deep to find the strength you need to overcome your foes.</power_flavor><power_frequency>Daily</power_frequency><power_keywords>Healing, Martial</power_keywords><power_action_type>Minor Action</power_action_type><power_range_and_aoe>Personal </power_range_and_aoe><power_rules>Effect: You can spend a healing surge, and you also gain a +2 power bonus to all defenses and a +1 power bonus to attack rolls until the end of your next turn. Until the end of the encounter, each time you spend a healing surge, you gain a +2 power bonus to all defenses and a +1 power bonus to attack rolls until the end of your next turn.</power_rules><power_rules_html>&lt;span class="flavor"&gt;&lt;b&gt;Effect: &lt;/b&gt;You can spend a healing surge, and you also gain a +2 power bonus to all defenses and a +1 power bonus to attack rolls until the end of your next turn. Until the end of the encounter, each time you spend a healing surge, you gain a +2 power bonus to all defenses and a +1 power bonus to attack rolls until the end of your next turn.&lt;/span&gt;
</power_rules_html><power_published_in>Dragon Magazine 379, page(s) 64. </power_published_in><power_dndinsider_id>10000</power_dndinsider_id><formatOutput>1</formatOutput></Power>
