<?xml version="1.0"?>
<Power><power_name>Time to Die</power_name><power_class_and_level>Fighter Attack 25</power_class_and_level><power_flavor>You&#x2019; ve battled this enemy long enough: Putting all your strength behind the attack, you fling the foe away and then leap after it to bring the battle to a bloody close.</power_flavor><power_frequency>Daily</power_frequency><power_keywords>Martial, Weapon</power_keywords><power_action_type>Standard Action</power_action_type><power_range_and_aoe>Melee weapon</power_range_and_aoe><power_rules>Requirement: You must be wielding a two-handed weapon.
Target: One creature
Attack: Strength vs. AC
Hit: 3[W] + Strength modifier damage, and you push the target a number of squares equal to your Constitution modifier.
Miss: Half damage, and you push the target 2 squares.
Effect: You make a charge attack against the same target as a free action. If this attack hits, in addition to the damage from the attack, you push the target a number of squares equal to your Constitution modifier and your target falls prone.</power_rules><power_rules_html>&lt;span class="flavor"&gt;&lt;b&gt;Requirement: &lt;/b&gt;You must be wielding a two-handed weapon.&lt;/span&gt;
&lt;span class="flavor"&gt;&lt;b&gt;Target: &lt;/b&gt;One creature&lt;/span&gt;
&lt;span class="flavor"&gt;&lt;b&gt;Attack: &lt;/b&gt;Strength vs. AC&lt;/span&gt;
&lt;span class="flavor"&gt;&lt;b&gt;Hit: &lt;/b&gt;3[W] + Strength modifier damage, and you push the target a number of squares equal to your Constitution modifier.&lt;/span&gt;
&lt;span class="flavor"&gt;&lt;b&gt;Miss: &lt;/b&gt;Half damage, and you push the target 2 squares.&lt;/span&gt;
&lt;span class="flavor"&gt;&lt;b&gt;Effect: &lt;/b&gt;You make a charge attack against the same target as a free action. If this attack hits, in addition to the damage from the attack, you push the target a number of squares equal to your Constitution modifier and your target falls prone.&lt;/span&gt;
</power_rules_html><power_published_in>Dragon Magazine 379, page(s) 65. </power_published_in><power_dndinsider_id>10008</power_dndinsider_id><formatOutput>1</formatOutput></Power>
