<?xml version="1.0"?>
<Power><power_name>Bitter Harvest</power_name><power_class_and_level>Fighter Attack 17</power_class_and_level><power_flavor>You smash through the pressing host to set your eyes and your weapon on your chosen foe.</power_flavor><power_frequency>Encounter</power_frequency><power_keywords>Martial, Weapon</power_keywords><power_action_type>Standard Action</power_action_type><power_range_and_aoe>Close burst 1</power_range_and_aoe><power_rules>Requirement: You must be wielding a two-handed weapon.
Primary Target: Each enemy in the burst
Primary Attack: Strength vs. Fortitude
Hit: Constitution modifier damage, and you push the target 1 square.
Effect: You shift 1 square and make a secondary melee attack.
Secondary Target: An enemy marked by you
Secondary Attack: Strength -2 vs. Fortitude
Hit: 2[W] + Strength modifier + Constitution modifier damage.</power_rules><power_rules_html>&lt;span class="flavor"&gt;&lt;b&gt;Requirement: &lt;/b&gt;You must be wielding a two-handed weapon.&lt;/span&gt;
&lt;span class="flavor"&gt;&lt;b&gt;Primary Target: &lt;/b&gt;Each enemy in the burst&lt;/span&gt;
&lt;span class="flavor"&gt;&lt;b&gt;Primary Attack: &lt;/b&gt;Strength vs. Fortitude&lt;/span&gt;
&lt;span class="flavor"&gt;&lt;b&gt;Hit: &lt;/b&gt;Constitution modifier damage, and you push the target 1 square.&lt;/span&gt;
&lt;span class="flavor"&gt;&lt;b&gt;Effect: &lt;/b&gt;You shift 1 square and make a secondary melee attack.&lt;/span&gt;
&lt;span class="flavor"&gt;&lt;b&gt;Secondary Target: &lt;/b&gt;An enemy marked by you&lt;/span&gt;
&lt;span class="flavor"&gt;&lt;b&gt;Secondary Attack: &lt;/b&gt;Strength -2 vs. Fortitude&lt;/span&gt;
&lt;span class="flavor"&gt;&lt;b&gt;Hit: &lt;/b&gt;2[W] + Strength modifier + Constitution modifier damage.&lt;/span&gt;
</power_rules_html><power_published_in>Dragon Magazine 379, page(s) 65. </power_published_in><power_dndinsider_id>10004</power_dndinsider_id><formatOutput>1</formatOutput></Power>
