<?xml version="1.0"?>
<Power><power_name>Toppling Finish</power_name><power_class_and_level>Fighter Attack 19</power_class_and_level><power_flavor>In one smooth stroke, you topple the enemy and bring your weapon back to plunge it down into its struggling body.</power_flavor><power_frequency>Daily</power_frequency><power_keywords>Martial, Reliable, Weapon</power_keywords><power_action_type>Standard Action</power_action_type><power_range_and_aoe>Melee weapon</power_range_and_aoe><power_rules>Requirement: You must be wielding a two-handed weapon.
Primary Target: One creature
Primary Attack: Strength vs. Fortitude
Hit: The target falls prone.
Effect: You make a secondary attack against the same target.
Secondary Attack: Strength vs. AC
Hit: 5[W] + Strength modifier damage.
Miss: Half damage.
Special: If the target grants combat advantage to you, your attack deals extra damage equal to 3 + your Constitution modifier.</power_rules><power_rules_html>&lt;span class="flavor"&gt;&lt;b&gt;Requirement: &lt;/b&gt;You must be wielding a two-handed weapon.&lt;/span&gt;
&lt;span class="flavor"&gt;&lt;b&gt;Primary Target: &lt;/b&gt;One creature&lt;/span&gt;
&lt;span class="flavor"&gt;&lt;b&gt;Primary Attack: &lt;/b&gt;Strength vs. Fortitude&lt;/span&gt;
&lt;span class="flavor"&gt;&lt;b&gt;Hit: &lt;/b&gt;The target falls prone.&lt;/span&gt;
&lt;span class="flavor"&gt;&lt;b&gt;Effect: &lt;/b&gt;You make a secondary attack against the same target.&lt;/span&gt;
&lt;span class="flavor"&gt;&lt;b&gt;Secondary Attack: &lt;/b&gt;Strength vs. AC&lt;/span&gt;
&lt;span class="flavor"&gt;&lt;b&gt;Hit: &lt;/b&gt;5[W] + Strength modifier damage.&lt;/span&gt;
&lt;span class="flavor"&gt;&lt;b&gt;Miss: &lt;/b&gt;Half damage.&lt;/span&gt;
&lt;span class="flavor"&gt;&lt;b&gt;Special: &lt;/b&gt;If the target grants combat advantage to you, your attack deals extra damage equal to 3 + your Constitution modifier.&lt;/span&gt;
</power_rules_html><power_published_in>Dragon Magazine 379, page(s) 65. </power_published_in><power_dndinsider_id>10005</power_dndinsider_id><formatOutput>1</formatOutput></Power>
