<?xml version="1.0"?>
<Power><power_name>Battle Furor</power_name><power_class_and_level>Fighter Utility 22</power_class_and_level><power_flavor>When you draw upon your reserves, your fury rises and adds terrible weight to your attacks.</power_flavor><power_frequency>Encounter</power_frequency><power_keywords>Martial, Stance</power_keywords><power_action_type>Minor Action</power_action_type><power_range_and_aoe>Personal </power_range_and_aoe><power_rules>Effect: Until the stance ends, whenever you would regain hit points, you gain any hit points in excess of your maximum value as temporary hit points. Each time you regain hit points, you gain a bonus to your next damage roll equal to your Constitution modifier.</power_rules><power_rules_html>&lt;span class="flavor"&gt;&lt;b&gt;Effect: &lt;/b&gt;Until the stance ends, whenever you would regain hit points, you gain any hit points in excess of your maximum value as temporary hit points. Each time you regain hit points, you gain a bonus to your next damage roll equal to your Constitution modifier.&lt;/span&gt;
</power_rules_html><power_published_in>Dragon Magazine 379, page(s) 65. </power_published_in><power_dndinsider_id>10006</power_dndinsider_id><formatOutput>1</formatOutput></Power>
