<?xml version="1.0"?>
<Power><power_name>Warding Steel</power_name><power_class_and_level>Fighter Utility 16</power_class_and_level><power_flavor>You whip your weapon up to intercept your enemies&#x2019; attacks.</power_flavor><power_frequency>Encounter</power_frequency><power_keywords>Martial</power_keywords><power_action_type>Minor Action</power_action_type><power_range_and_aoe>Personal </power_range_and_aoe><power_rules>Requirement: You must be wielding a two-handed weapon.
Effect: You gain a bonus equal to your Constitution modifier to AC and Fortitude until the start of your next turn.</power_rules><power_rules_html>&lt;span class="flavor"&gt;&lt;b&gt;Requirement: &lt;/b&gt;You must be wielding a two-handed weapon.&lt;/span&gt;
&lt;span class="flavor"&gt;&lt;b&gt;Effect: &lt;/b&gt;You gain a bonus equal to your Constitution modifier to AC and Fortitude until the start of your next turn.&lt;/span&gt;
</power_rules_html><power_published_in>Dragon Magazine 379, page(s) 65. </power_published_in><power_dndinsider_id>10003</power_dndinsider_id><formatOutput>1</formatOutput></Power>
