<?xml version="1.0"?>
<Power><power_name>Shattering Blow</power_name><power_class_and_level>Siegebreaker Attack 20</power_class_and_level><power_flavor>Your weapon crashes into the foe, splitting it wide and leaving it gasping as its vitality sprays the air.</power_flavor><power_frequency>Daily</power_frequency><power_keywords>Martial, Reliable, Weapon</power_keywords><power_action_type>Standard Action</power_action_type><power_range_and_aoe>Melee weapon</power_range_and_aoe><power_rules>Requirement: You must be wielding a two-handed weapon.
Target: One creature
Attack: Strength vs. AC
Hit: 2[W] + Strength modifier damage, and the target is dazed and takes ongoing 10 damage (save ends both).
Special: If the target granted combat advantage to you, it also falls prone.</power_rules><power_rules_html>&lt;span class="flavor"&gt;&lt;b&gt;Requirement: &lt;/b&gt;You must be wielding a two-handed weapon.&lt;/span&gt;
&lt;span class="flavor"&gt;&lt;b&gt;Target: &lt;/b&gt;One creature&lt;/span&gt;
&lt;span class="flavor"&gt;&lt;b&gt;Attack: &lt;/b&gt;Strength vs. AC&lt;/span&gt;
&lt;span class="flavor"&gt;&lt;b&gt;Hit: &lt;/b&gt;2[W] + Strength modifier damage, and the target is dazed and takes ongoing 10 damage (save ends both).&lt;/span&gt;
&lt;span class="flavor"&gt;&lt;b&gt;Special: &lt;/b&gt;If the target granted combat advantage to you, it also falls prone.&lt;/span&gt;
</power_rules_html><power_published_in>Dragon Magazine 379, page(s) 67. </power_published_in><power_dndinsider_id>10015</power_dndinsider_id><formatOutput>1</formatOutput></Power>
