<?xml version="1.0"?>
<Power><power_name>Image of Death</power_name><power_class_and_level>Fighter Attack 29</power_class_and_level><power_flavor>As your enemies fall beneath your blade, you become the very image of death&#x2014;a menacing presence sparking terror in all who behold you.</power_flavor><power_frequency>Daily</power_frequency><power_keywords>Martial, Weapon</power_keywords><power_action_type>Standard Action</power_action_type><power_range_and_aoe>Melee weapon</power_range_and_aoe><power_rules>Target: One creature
Attack: Strength -2 vs. AC
Hit: 5[W] + Strength modifier + twice your Constitution modifier damage.
Miss: Half damage.
Effect: Until the end of the encounter, you gain combat advantage against any enemy marked by you.</power_rules><power_rules_html>&lt;span class="flavor"&gt;&lt;b&gt;Target: &lt;/b&gt;One creature&lt;/span&gt;
&lt;span class="flavor"&gt;&lt;b&gt;Attack: &lt;/b&gt;Strength -2 vs. AC&lt;/span&gt;
&lt;span class="flavor"&gt;&lt;b&gt;Hit: &lt;/b&gt;5[W] + Strength modifier + twice your Constitution modifier damage.&lt;/span&gt;
&lt;span class="flavor"&gt;&lt;b&gt;Miss: &lt;/b&gt;Half damage.&lt;/span&gt;
&lt;span class="flavor"&gt;&lt;b&gt;Effect: &lt;/b&gt;Until the end of the encounter, you gain combat advantage against any enemy marked by you.&lt;/span&gt;
</power_rules_html><power_published_in>Dragon Magazine 379, page(s) 66. </power_published_in><power_dndinsider_id>10010</power_dndinsider_id><formatOutput>1</formatOutput></Power>
