<?xml version="1.0"?>
<Power><power_name>Spiritspell Assault</power_name><power_class_and_level>Shyran Spiritblade Attack 20</power_class_and_level><power_flavor>You charge your blade with arcane energy, and as you strike, you focus another spell through your spirit companion.</power_flavor><power_frequency>Daily</power_frequency><power_keywords>Arcane, Force, Primal, Weapon</power_keywords><power_action_type>Standard Action</power_action_type><power_range_and_aoe>Melee weapon</power_range_and_aoe><power_rules>Target: One creature
Primary Attack: Intelligence vs. AC
Hit: 3[W] + Intelligence modifier force damage.
Effect: Make a secondary attack with one of your swordmage at-will attack powers, as if you were in your sprit companion&#x2019;s square.</power_rules><power_rules_html>&lt;span class="flavor"&gt;&lt;b&gt;Target: &lt;/b&gt;One creature&lt;/span&gt;
&lt;span class="flavor"&gt;&lt;b&gt;Primary Attack: &lt;/b&gt;Intelligence vs. AC&lt;/span&gt;
&lt;span class="flavor"&gt;&lt;b&gt;Hit: &lt;/b&gt;3[W] + Intelligence modifier force damage.&lt;/span&gt;
&lt;span class="flavor"&gt;&lt;b&gt;Effect: &lt;/b&gt;Make a secondary attack with one of your swordmage at-will attack powers, as if you were in your sprit companion&#x2019;s square.&lt;/span&gt;
</power_rules_html><power_published_in>Dragon Magazine 379, page(s) 70. </power_published_in><power_dndinsider_id>10018</power_dndinsider_id><formatOutput>1</formatOutput></Power>
