<?xml version="1.0"?>
<Power><power_name>One with the Blade</power_name><power_class_and_level>Shyran Spiritblade Utility 12</power_class_and_level><power_flavor>You coax your spirit companion into your blade, making your attacks more precise.</power_flavor><power_frequency>Daily</power_frequency><power_keywords>Primal, Spirit</power_keywords><power_action_type>Minor Action</power_action_type><power_range_and_aoe>Personal </power_range_and_aoe><power_rules>Effect: Your spirit companion disappears. You may spend a healing surge, and you gain a +2 power bonus to melee weapon attacks until the end of the encounter or until you next use call spirit companion.</power_rules><power_rules_html>&lt;span class="flavor"&gt;&lt;b&gt;Effect: &lt;/b&gt;Your spirit companion disappears. You may spend a healing surge, and you gain a +2 power bonus to melee weapon attacks until the end of the encounter or until you next use call spirit companion.&lt;/span&gt;
</power_rules_html><power_published_in>Dragon Magazine 379, page(s) 70. </power_published_in><power_dndinsider_id>10019</power_dndinsider_id><formatOutput>1</formatOutput></Power>
