<?xml version="1.0"?>
<Power><power_name>Blocking Maneuver</power_name><power_class_and_level>Great Weapon Master Utility 12</power_class_and_level><power_flavor>Adjusting your grip, you move your weapon to intercept the attack.</power_flavor><power_frequency>Encounter</power_frequency><power_keywords>Martial</power_keywords><power_action_type>Immediate Interrupt</power_action_type><power_range_and_aoe>Personal </power_range_and_aoe><power_rules>Requirement: You must be wielding a two-handed weapon.
Trigger: An enemy you have marked makes an attack against you
Effect: You end the mark to gain a +4 bonus to AC and Reflex until the end of your next turn.
Special: You cannot mark this enemy until the end of your next turn.</power_rules><power_rules_html>&lt;span class="flavor"&gt;&lt;b&gt;Requirement: &lt;/b&gt;You must be wielding a two-handed weapon.&lt;/span&gt;
&lt;span class="flavor"&gt;&lt;b&gt;Trigger: &lt;/b&gt;An enemy you have marked makes an attack against you&lt;/span&gt;
&lt;span class="flavor"&gt;&lt;b&gt;Effect: &lt;/b&gt;You end the mark to gain a +4 bonus to AC and Reflex until the end of your next turn.&lt;/span&gt;
&lt;span class="flavor"&gt;&lt;b&gt;Special: &lt;/b&gt;You cannot mark this enemy until the end of your next turn.&lt;/span&gt;
</power_rules_html><power_published_in>Dragon Magazine 379, page(s) 67. </power_published_in><power_dndinsider_id>10013</power_dndinsider_id><formatOutput>1</formatOutput></Power>
