<?xml version="1.0"?>
<Power><power_name>Scattering Strike</power_name><power_class_and_level>Great Weapon Master Attack 20</power_class_and_level><power_flavor>After delivering a crippling strike to your foe, you reverse the weapon to clear yourself some space.</power_flavor><power_frequency>Daily</power_frequency><power_keywords>Martial, Weapon</power_keywords><power_action_type>Standard Action</power_action_type><power_range_and_aoe>Melee weapon</power_range_and_aoe><power_rules>Requirement: You must be wielding a two-handed weapon
Target: One creature
Attack: Strength vs. AC
Hit: 2[W] + Strength modifier damage, and the target is weakened (save ends).
Effect: You push each adjacent creature other than the target 2 squares.</power_rules><power_rules_html>&lt;span class="flavor"&gt;&lt;b&gt;Requirement: &lt;/b&gt;You must be wielding a two-handed weapon&lt;/span&gt;
&lt;span class="flavor"&gt;&lt;b&gt;Target: &lt;/b&gt;One creature&lt;/span&gt;
&lt;span class="flavor"&gt;&lt;b&gt;Attack: &lt;/b&gt;Strength vs. AC&lt;/span&gt;
&lt;span class="flavor"&gt;&lt;b&gt;Hit: &lt;/b&gt;2[W] + Strength modifier damage, and the target is weakened (save ends).&lt;/span&gt;
&lt;span class="flavor"&gt;&lt;b&gt;Effect: &lt;/b&gt;You push each adjacent creature other than the target 2 squares.&lt;/span&gt;
</power_rules_html><power_published_in>Dragon Magazine 379, page(s) 67. </power_published_in><power_dndinsider_id>10012</power_dndinsider_id><formatOutput>1</formatOutput></Power>
