<?xml version="1.0"?>
<Power><power_name>Spirit Beckoned</power_name><power_class_and_level>Shyran Spiritblade Attack 11</power_class_and_level><power_flavor>As you strike your foe with your blade, your spirit companion senses its weakness.</power_flavor><power_frequency>Encounter</power_frequency><power_keywords>Primal, Weapon</power_keywords><power_action_type>Standard Action</power_action_type><power_range_and_aoe>Melee weapon</power_range_and_aoe><power_rules>Target: One creature
Attack: Intelligence or Wisdom vs. AC
Hit: 2[W] + Intelligence or Wisdom modifier damage.
Effect: Until the end of your next turn, you gain a +2 power bonus on attack rolls with spirit powers against the target, and a successful attack knocks the target prone.</power_rules><power_rules_html>&lt;span class="flavor"&gt;&lt;b&gt;Target: &lt;/b&gt;One creature&lt;/span&gt;
&lt;span class="flavor"&gt;&lt;b&gt;Attack: &lt;/b&gt;Intelligence or Wisdom vs. AC&lt;/span&gt;
&lt;span class="flavor"&gt;&lt;b&gt;Hit: &lt;/b&gt;2[W] + Intelligence or Wisdom modifier damage.&lt;/span&gt;
&lt;span class="flavor"&gt;&lt;b&gt;Effect: &lt;/b&gt;Until the end of your next turn, you gain a +2 power bonus on attack rolls with spirit powers against the target, and a successful attack knocks the target prone.&lt;/span&gt;
</power_rules_html><power_published_in>Dragon Magazine 379, page(s) 70. </power_published_in><power_dndinsider_id>10017</power_dndinsider_id><formatOutput>1</formatOutput></Power>
