<?xml version="1.0"?>
<Power><power_name>Brutal Momentum</power_name><power_class_and_level>Siegebreaker Utility 12</power_class_and_level><power_flavor>Your attacks fall with such fury that your enemy cannot possibly defend against them all.</power_flavor><power_frequency>Encounter</power_frequency><power_keywords>Martial, Stance</power_keywords><power_action_type>Minor Action</power_action_type><power_range_and_aoe>Personal </power_range_and_aoe><power_rules>Effect: Until the stance ends, whenever you hit an enemy with an at-will attack power using a two-handed weapon, your next attack against that enemy gains +2 power bonus to the attack roll.</power_rules><power_rules_html>&lt;span class="flavor"&gt;&lt;b&gt;Effect: &lt;/b&gt;Until the stance ends, whenever you hit an enemy with an at-will attack power using a two-handed weapon, your next attack against that enemy gains +2 power bonus to the attack roll.&lt;/span&gt;
</power_rules_html><power_published_in>Dragon Magazine 379, page(s) 67. </power_published_in><power_dndinsider_id>10016</power_dndinsider_id><formatOutput>1</formatOutput></Power>
