<?xml version="1.0"?>
<Power><power_name>Grim Warning</power_name><power_class_and_level>Great Weapon Master Attack 11</power_class_and_level><power_flavor>A vicious strike from your weapon reminds the enemy why attacking you is such a bad idea.</power_flavor><power_frequency>Encounter</power_frequency><power_keywords>Martial, Weapon</power_keywords><power_action_type>Immediate Reaction</power_action_type><power_range_and_aoe>Melee weapon</power_range_and_aoe><power_rules>Trigger: An enemy hits or misses you with a melee attack
Requirement: You must be wielding a two-handed weapon.
Target: The triggering enemy
Attack: Strength -2 vs. AC
Hit: 3[W] + Strength modifier + Constitution modifier damage.</power_rules><power_rules_html>&lt;span class="flavor"&gt;&lt;b&gt;Trigger: &lt;/b&gt;An enemy hits or misses you with a melee attack&lt;/span&gt;
&lt;span class="flavor"&gt;&lt;b&gt;Requirement: &lt;/b&gt;You must be wielding a two-handed weapon.&lt;/span&gt;
&lt;span class="flavor"&gt;&lt;b&gt;Target: &lt;/b&gt;The triggering enemy&lt;/span&gt;
&lt;span class="flavor"&gt;&lt;b&gt;Attack: &lt;/b&gt;Strength -2 vs. AC&lt;/span&gt;
&lt;span class="flavor"&gt;&lt;b&gt;Hit: &lt;/b&gt;3[W] + Strength modifier + Constitution modifier damage.&lt;/span&gt;
</power_rules_html><power_published_in>Dragon Magazine 379, page(s) 66. </power_published_in><power_dndinsider_id>10011</power_dndinsider_id><formatOutput>1</formatOutput></Power>
