<?xml version="1.0"?>
<Power><power_name>Cursefire Light</power_name><power_class_and_level>Underchasm Darkwatcher Utility 12</power_class_and_level><power_flavor>Your body is ablaze in an eerie green flame that feeds off your curses, bolstering you.</power_flavor><power_frequency>Daily</power_frequency><power_keywords>Arcane, Stance</power_keywords><power_action_type>Minor Action</power_action_type><power_range_and_aoe>Personal </power_range_and_aoe><power_rules>Effect: Until the stance ends, whenever an enemy cursed by you hits you with an attack, you can choose to gain 5 temporary hit points or make a saving throw.</power_rules><power_rules_html>&lt;span class="flavor"&gt;&lt;b&gt;Effect: &lt;/b&gt;Until the stance ends, whenever an enemy cursed by you hits you with an attack, you can choose to gain 5 temporary hit points or make a saving throw.&lt;/span&gt;
</power_rules_html><power_published_in>Dragon Magazine 379, page(s) 71. </power_published_in><power_dndinsider_id>10023</power_dndinsider_id><formatOutput>1</formatOutput></Power>
