<?xml version="1.0"?>
<Power><power_name>Resilient Denial</power_name><power_class_and_level>Dragonfoe Ragespell Utility 12</power_class_and_level><power_flavor>After you are hit by a particularly devastating attack, you channel your fury and attune your arcane energies to resist another such strike.</power_flavor><power_frequency>Daily</power_frequency><power_keywords>Arcane</power_keywords><power_action_type>Immediate Reaction</power_action_type><power_range_and_aoe>Personal </power_range_and_aoe><power_rules>Trigger: An attack bloodies you
Effect: Choose one of the following damage types: acid, cold, fire, lightning, poison, or thunder damage. You gain resist 15 against that damage type until the end of the encounter.</power_rules><power_rules_html>&lt;span class="flavor"&gt;&lt;b&gt;Trigger: &lt;/b&gt;An attack bloodies you&lt;/span&gt;
&lt;span class="flavor"&gt;&lt;b&gt;Effect: &lt;/b&gt;Choose one of the following damage types: acid, cold, fire, lightning, poison, or thunder damage. You gain resist 15 against that damage type until the end of the encounter.&lt;/span&gt;
</power_rules_html><power_published_in>Dragon Magazine 379, page(s) 73. </power_published_in><power_dndinsider_id>10026</power_dndinsider_id><formatOutput>1</formatOutput></Power>
