<?xml version="1.0"?>
<Power><power_name>Form of the Umber Hulk Attack</power_name><power_class_and_level>Underchasm Darkwatcher Attack 20</power_class_and_level><power_flavor>Your eyes take on an insectlike appearance, you sprout antennae from atop your head, and a pair of sharp mandibles grows out from your mouth. At the moment you choose, you can gaze upon your enemies and sow confusion in their ranks.</power_flavor><power_frequency>Daily</power_frequency><power_keywords>Polymorph, Primal</power_keywords><power_action_type>Minor Action</power_action_type><power_range_and_aoe>Personal </power_range_and_aoe><power_rules>Effect: You assume the guardian form of the umber hulk. While you are in this form, you gain a +2 power bonus to AC and Fortitude defense. In addition, you also gain tremorsense 5 and a burrow speed of 2.
Once during this encounter, you can use the Form of the Umber Hulk Attack power while you are in this form.
Encounter
Polymorph
,
Primal
Standard Action
Close
blast 3
Target: Each enemy in the blast
Attack: Constitution or Charisma vs. Will
Hit: Target slides 1 square and is dazed (save ends).
Miss: Target slides 1 square.
Requirement: The power Form of the Umber Hulk must be active in order to use this power.</power_rules><power_rules_html>&lt;span class="flavor"&gt;&lt;b&gt;Effect: &lt;/b&gt;You assume the guardian form of the umber hulk. While you are in this form, you gain a +2 power bonus to AC and Fortitude defense. In addition, you also gain tremorsense 5 and a burrow speed of 2.&lt;/span&gt;
&lt;span class="flavor"&gt;Once during this encounter, you can use the Form of the Umber Hulk Attack power while you are in this form.&lt;/span&gt;
&lt;span class="flavor"&gt;Encounter&lt;/span&gt;
&lt;span class="flavor"&gt;Polymorph&lt;/span&gt;
&lt;span class="flavor"&gt;,&lt;/span&gt;
&lt;span class="flavor"&gt;Primal&lt;/span&gt;
&lt;span class="flavor"&gt;Standard Action&lt;/span&gt;
&lt;span class="flavor"&gt;Close&lt;/span&gt;
&lt;span class="flavor"&gt;blast 3&lt;/span&gt;
&lt;span class="flavor"&gt;&lt;b&gt;Target: &lt;/b&gt;Each enemy in the blast&lt;/span&gt;
&lt;span class="flavor"&gt;&lt;b&gt;Attack: &lt;/b&gt;Constitution or Charisma vs. Will&lt;/span&gt;
&lt;span class="flavor"&gt;&lt;b&gt;Hit: &lt;/b&gt;Target slides 1 square and is dazed (save ends).&lt;/span&gt;
&lt;span class="flavor"&gt;&lt;b&gt;Miss: &lt;/b&gt;Target slides 1 square.&lt;/span&gt;
&lt;span class="flavor"&gt;&lt;b&gt;Requirement: &lt;/b&gt;The power Form of the Umber Hulk must be active in order to use this power.&lt;/span&gt;
</power_rules_html><power_published_in>Dragon Magazine 379, page(s) 71. </power_published_in><power_dndinsider_id>10021</power_dndinsider_id><formatOutput>1</formatOutput></Power>
