<?xml version="1.0"?>
<Power><power_name>Arcane Overload</power_name><power_class_and_level>Dragonfoe Ragespell Attack 20</power_class_and_level><power_flavor>You charge your weapon with crackling arcane power. When your attack lands, the foe is awash in an explosion of withering energy, and the residual energy envelops your weapon.</power_flavor><power_frequency>Daily</power_frequency><power_keywords>Arcane, Weapon</power_keywords><power_action_type>Standard Action</power_action_type><power_range_and_aoe>Melee weapon</power_range_and_aoe><power_rules>Target: One creature
Attack: Strength vs. Fortitude
Hit: 3[W] + Strength modifier damage and the target is weakened (save ends).
Miss: Half damage.
Effect: The next time you hit with a weapon power before the end of your next turn, you can use a sorcerer at-will or encounter attack power as a free action that does not provoke opportunity attacks.</power_rules><power_rules_html>&lt;span class="flavor"&gt;&lt;b&gt;Target: &lt;/b&gt;One creature&lt;/span&gt;
&lt;span class="flavor"&gt;&lt;b&gt;Attack: &lt;/b&gt;Strength vs. Fortitude&lt;/span&gt;
&lt;span class="flavor"&gt;&lt;b&gt;Hit: &lt;/b&gt;3[W] + Strength modifier damage and the target is weakened (save ends).&lt;/span&gt;
&lt;span class="flavor"&gt;&lt;b&gt;Miss: &lt;/b&gt;Half damage.&lt;/span&gt;
&lt;span class="flavor"&gt;&lt;b&gt;Effect: &lt;/b&gt;The next time you hit with a weapon power before the end of your next turn, you can use a sorcerer at-will or encounter attack power as a free action that does not provoke opportunity attacks.&lt;/span&gt;
</power_rules_html><power_published_in>Dragon Magazine 379, page(s) 73. </power_published_in><power_dndinsider_id>10025</power_dndinsider_id><formatOutput>1</formatOutput></Power>
