<?xml version="1.0"?>
<Power><power_name>Sorcerer's Fury</power_name><power_class_and_level>Dragonfoe Ragespell Attack 11</power_class_and_level><power_flavor>A burst of energy erupts from your blade as you plunge it into your enemy, pushing away those near it.</power_flavor><power_frequency>Encounter</power_frequency><power_keywords>Arcane, Weapon</power_keywords><power_action_type>Standard Action</power_action_type><power_range_and_aoe>Melee weapon</power_range_and_aoe><power_rules>Target: One creature
Attack: Strength vs. AC
Hit: 3[W] + Strength force damage, and all creatures adjacent to the target are pushed 2 squares.</power_rules><power_rules_html>&lt;span class="flavor"&gt;&lt;b&gt;Target: &lt;/b&gt;One creature&lt;/span&gt;
&lt;span class="flavor"&gt;&lt;b&gt;Attack: &lt;/b&gt;Strength vs. AC&lt;/span&gt;
&lt;span class="flavor"&gt;&lt;b&gt;Hit: &lt;/b&gt;3[W] + Strength force damage, and all creatures adjacent to the target are pushed 2 squares.&lt;/span&gt;
</power_rules_html><power_published_in>Dragon Magazine 379, page(s) 73. </power_published_in><power_dndinsider_id>10024</power_dndinsider_id><formatOutput>1</formatOutput></Power>
