<?xml version="1.0"?>
<Power><power_name>Deepdark Strike</power_name><power_class_and_level>Underchasm Darkwatcher Attack 11</power_class_and_level><power_flavor>Your weapon is wreathed in an impenetrable blackness, which darkens your enemy&#x2019;s eyes when you strike.</power_flavor><power_frequency>Encounter</power_frequency><power_keywords>Arcane, Weapon</power_keywords><power_action_type>Standard Action</power_action_type><power_range_and_aoe>Melee weapon</power_range_and_aoe><power_rules>Target: One creature
Attack: Constitution vs. AC
Hit: 1[W] + Constitution modifier damage, and the target is blinded until the end of your next turn.</power_rules><power_rules_html>&lt;span class="flavor"&gt;&lt;b&gt;Target: &lt;/b&gt;One creature&lt;/span&gt;
&lt;span class="flavor"&gt;&lt;b&gt;Attack: &lt;/b&gt;Constitution vs. AC&lt;/span&gt;
&lt;span class="flavor"&gt;&lt;b&gt;Hit: &lt;/b&gt;1[W] + Constitution modifier damage, and the target is blinded until the end of your next turn.&lt;/span&gt;
</power_rules_html><power_published_in>Dragon Magazine 379, page(s) 71. </power_published_in><power_dndinsider_id>10020</power_dndinsider_id><formatOutput>1</formatOutput></Power>
