<?xml version="1.0"?>
<Power><power_name>Haunting Form</power_name><power_class_and_level>Avenging Haunt Utility 12</power_class_and_level><power_flavor>You adopt a ghostly form to achieve your vengeful aims.</power_flavor><power_frequency>Daily</power_frequency><power_keywords></power_keywords><power_action_type>Minor Action</power_action_type><power_range_and_aoe>Personal </power_range_and_aoe><power_rules>Effect: You gain insubstantial, phasing, and fly 6 (hover, maximum altitude 2 squares) until the end of your next turn.
Sustain Standard: If you don&#x2019;t sustain this power, you can land as a free action.</power_rules><power_rules_html>&lt;span class="flavor"&gt;&lt;b&gt;Effect: &lt;/b&gt;You gain insubstantial, phasing, and fly 6 (hover, maximum altitude 2 squares) until the end of your next turn.&lt;/span&gt;
&lt;span class="flavor"&gt;&lt;b&gt;Sustain Standard: &lt;/b&gt;If you don&#x2019;t sustain this power, you can land as a free action.&lt;/span&gt;
</power_rules_html><power_published_in>Dragon Magazine 376, page(s) 43. </power_published_in><power_dndinsider_id>10031</power_dndinsider_id><formatOutput>1</formatOutput></Power>
