<?xml version="1.0"?>
<Power><power_name>Hungry for the Kill</power_name><power_class_and_level>Druid Attack 17</power_class_and_level><power_flavor>As you shake your enemy&#x2019;s life loose, you avoid a doom waiting for you.</power_flavor><power_frequency>Encounter</power_frequency><power_keywords>Beast Form, Healing, Implement, Primal</power_keywords><power_action_type>Standard Action</power_action_type><power_range_and_aoe>Melee touch</power_range_and_aoe><power_rules>Effect: Before the attack, you shift 2 squares.
Primal Predator: The number of squares you shift equals your Dexterity modifier.
Target: One creature
Attack: Wisdom vs. Reflex
Hit: 2d12 + Wisdom modifier damage. If either you or the target is bloodied or at 0 hit points or fewer, you can spend a healing surge, make a saving throw, or both.</power_rules><power_rules_html>&lt;span class="flavor"&gt;&lt;b&gt;Effect: &lt;/b&gt;Before the attack, you shift 2 squares.&lt;/span&gt;
&lt;span class="flavor"&gt;&lt;b&gt;Primal Predator: &lt;/b&gt;The number of squares you shift equals your Dexterity modifier.&lt;/span&gt;
&lt;span class="flavor"&gt;&lt;b&gt;Target: &lt;/b&gt;One creature&lt;/span&gt;
&lt;span class="flavor"&gt;&lt;b&gt;Attack: &lt;/b&gt;Wisdom vs. Reflex&lt;/span&gt;
&lt;span class="flavor"&gt;&lt;b&gt;Hit: &lt;/b&gt;2d12 + Wisdom modifier damage. If either you or the target is bloodied or at 0 hit points or fewer, you can spend a healing surge, make a saving throw, or both.&lt;/span&gt;
</power_rules_html><power_published_in>Primal Power, page(s) 47. </power_published_in><power_dndinsider_id>10037</power_dndinsider_id><formatOutput>1</formatOutput></Power>
