<?xml version="1.0"?>
<Power><power_name>Mist Walker's Step</power_name><power_class_and_level>Monk Utility 22</power_class_and_level><power_flavor>With the proper focus of your psionic power, even physical obstacles are no match for you.</power_flavor><power_frequency>Encounter</power_frequency><power_keywords>Psionic</power_keywords><power_action_type>Minor Action</power_action_type><power_range_and_aoe>Personal </power_range_and_aoe><power_rules>Effect: You are phasing and ignore difficult terrain until the end of your next turn.</power_rules><power_rules_html>&lt;span class="flavor"&gt;&lt;b&gt;Effect: &lt;/b&gt;You are phasing and ignore difficult terrain until the end of your next turn.&lt;/span&gt;
</power_rules_html><power_published_in>Player's Handbook 3, page(s) 73. </power_published_in><power_dndinsider_id>10034</power_dndinsider_id><formatOutput>1</formatOutput></Power>
