<?xml version="1.0"?>
<Power><power_name>Devouring Swarm</power_name><power_class_and_level>Druid Attack 17</power_class_and_level><power_flavor>You dispatch pieces of your swarm form to drain blood from your foes to give yourself resilience.</power_flavor><power_frequency>Encounter</power_frequency><power_keywords>Beast Form, Implement, Primal</power_keywords><power_action_type>Standard Action</power_action_type><power_range_and_aoe>Close blast 5</power_range_and_aoe><power_rules>Target: Each creature in the blast
Attack: Wisdom vs. Fortitude
Hit: 3d8 + Wisdom modifier damage.
Effect: If you hit at least one target, you gain 10 temporary hit points.
Primal Swarm: Add your Constitution modifier to the temporary hit points.</power_rules><power_rules_html>&lt;span class="flavor"&gt;&lt;b&gt;Target: &lt;/b&gt;Each creature in the blast&lt;/span&gt;
&lt;span class="flavor"&gt;&lt;b&gt;Attack: &lt;/b&gt;Wisdom vs. Fortitude&lt;/span&gt;
&lt;span class="flavor"&gt;&lt;b&gt;Hit: &lt;/b&gt;3d8 + Wisdom modifier damage.&lt;/span&gt;
&lt;span class="flavor"&gt;&lt;b&gt;Effect: &lt;/b&gt;If you hit at least one target, you gain 10 temporary hit points.&lt;/span&gt;
&lt;span class="flavor"&gt;&lt;b&gt;Primal Swarm: &lt;/b&gt;Add your Constitution modifier to the temporary hit points.&lt;/span&gt;
</power_rules_html><power_published_in>Primal Power, page(s) 47. </power_published_in><power_dndinsider_id>10036</power_dndinsider_id><formatOutput>1</formatOutput></Power>
