<?xml version="1.0"?>
<Power><power_name>Death Locus</power_name><power_class_and_level>Avenging Haunt Attack 20</power_class_and_level><power_flavor>After an initial burst of black, life-sapping energy, your body is flooded with a killing darkness that is attracted to those it initially touched.</power_flavor><power_frequency>Daily</power_frequency><power_keywords>Necrotic</power_keywords><power_action_type>Standard Action</power_action_type><power_range_and_aoe>Area burst 1 within 10</power_range_and_aoe><power_rules>Target: Each creature in the burst
Attack: Your highest ability modifier + 6 vs. Fortitude
Hit: 5d8 + your highest ability modifier necrotic damage, and if the target attacks you, it takes half the damage it deals you as necrotic damage (save ends).
Miss: Half damage, and if the target attacks you before the end of your next turn, the target takes half the damage it deals you as necrotic damage.</power_rules><power_rules_html>&lt;span class="flavor"&gt;&lt;b&gt;Target: &lt;/b&gt;Each creature in the burst&lt;/span&gt;
&lt;span class="flavor"&gt;&lt;b&gt;Attack: &lt;/b&gt;Your highest ability modifier + 6 vs. Fortitude&lt;/span&gt;
&lt;span class="flavor"&gt;&lt;b&gt;Hit: &lt;/b&gt;5d8 + your highest ability modifier necrotic damage, and if the target attacks you, it takes half the damage it deals you as necrotic damage (save ends).&lt;/span&gt;
&lt;span class="flavor"&gt;&lt;b&gt;Miss: &lt;/b&gt;Half damage, and if the target attacks you before the end of your next turn, the target takes half the damage it deals you as necrotic damage.&lt;/span&gt;
</power_rules_html><power_published_in>Dragon Magazine 376, page(s) 44. </power_published_in><power_dndinsider_id>10032</power_dndinsider_id><formatOutput>1</formatOutput></Power>
