<?xml version="1.0"?>
<Power><power_name>Diamond Body</power_name><power_class_and_level>Monk Utility 22</power_class_and_level><power_flavor>Your incredible speed and resilience, born from your mastery of psionic magic, allow you to shrug off a deadly attack.</power_flavor><power_frequency>Encounter</power_frequency><power_keywords>Psionic</power_keywords><power_action_type>Immediate Interrupt</power_action_type><power_range_and_aoe>Personal </power_range_and_aoe><power_rules>Trigger: You are hit by an attack
Effect: You gain resist 20 to all damage against the triggering attack.</power_rules><power_rules_html>&lt;span class="flavor"&gt;&lt;b&gt;Trigger: &lt;/b&gt;You are hit by an attack&lt;/span&gt;
&lt;span class="flavor"&gt;&lt;b&gt;Effect: &lt;/b&gt;You gain resist 20 to all damage against the triggering attack.&lt;/span&gt;
</power_rules_html><power_published_in>Player's Handbook 3, page(s) 73. </power_published_in><power_dndinsider_id>10033</power_dndinsider_id><formatOutput>1</formatOutput></Power>
