<?xml version="1.0"?>
<Power><power_name>Deathly Retort</power_name><power_class_and_level>Avenging Haunt Attack 11</power_class_and_level><power_flavor>Your soul lashes out with necrotic energy at one who would harm you.</power_flavor><power_frequency>Encounter</power_frequency><power_keywords>Necrotic</power_keywords><power_action_type>Immediate Reaction</power_action_type><power_range_and_aoe>Close burst 20</power_range_and_aoe><power_rules>Trigger: A creature within 20 squares of you hits you with an attack.
Target: The triggering creature
Attack: Your highest ability modifier + 4 vs. Fortitude
Level 21: Your highest ability modifier + 6 vs. Fortitude
Hit: The target takes necrotic damage equal to the damage you took from the attack.</power_rules><power_rules_html>&lt;span class="flavor"&gt;&lt;b&gt;Trigger: &lt;/b&gt;A creature within 20 squares of you hits you with an attack.&lt;/span&gt;
&lt;span class="flavor"&gt;&lt;b&gt;Target: &lt;/b&gt;The triggering creature&lt;/span&gt;
&lt;span class="flavor"&gt;&lt;b&gt;Attack: &lt;/b&gt;Your highest ability modifier + 4 vs. Fortitude&lt;/span&gt;
&lt;span class="flavor"&gt;Level 21: Your highest ability modifier + 6 vs. Fortitude&lt;/span&gt;
&lt;span class="flavor"&gt;&lt;b&gt;Hit: &lt;/b&gt;The target takes necrotic damage equal to the damage you took from the attack.&lt;/span&gt;
</power_rules_html><power_published_in>Dragon Magazine 376, page(s) 43. </power_published_in><power_dndinsider_id>10030</power_dndinsider_id><formatOutput>1</formatOutput></Power>
