<?xml version="1.0"?>
<Power><power_name>Cloud of Sparrows</power_name><power_class_and_level>Druid Attack 17</power_class_and_level><power_flavor>Sparrows swirl around you, a storm of tiny talons and beaks that rends your foes and then whisks you away.</power_flavor><power_frequency>Encounter</power_frequency><power_keywords>Implement, Primal, Teleportation</power_keywords><power_action_type>Standard Action</power_action_type><power_range_and_aoe>Close burst 2</power_range_and_aoe><power_rules>Target: Each enemy in the burst
Attack: Wisdom vs. Fortitude
Hit: 3d6 + Wisdom modifier damage.
Effect: You teleport 5 squares, and you gain concealment until the start of your next turn.</power_rules><power_rules_html>&lt;span class="flavor"&gt;&lt;b&gt;Target: &lt;/b&gt;Each enemy in the burst&lt;/span&gt;
&lt;span class="flavor"&gt;&lt;b&gt;Attack: &lt;/b&gt;Wisdom vs. Fortitude&lt;/span&gt;
&lt;span class="flavor"&gt;&lt;b&gt;Hit: &lt;/b&gt;3d6 + Wisdom modifier damage.&lt;/span&gt;
&lt;span class="flavor"&gt;&lt;b&gt;Effect: &lt;/b&gt;You teleport 5 squares, and you gain concealment until the start of your next turn.&lt;/span&gt;
</power_rules_html><power_published_in>Primal Power, page(s) 47. </power_published_in><power_dndinsider_id>10035</power_dndinsider_id><formatOutput>1</formatOutput></Power>
