<?xml version="1.0"?>
<Power><power_name>Icewrought Armor</power_name><power_class_and_level>Icewrought Sentinel Utility 12</power_class_and_level><power_flavor>A shell of ice spreads across your ally, offering protection even as it freezes a foe that dares to strike.</power_flavor><power_frequency>Encounter</power_frequency><power_keywords>Primal</power_keywords><power_action_type>Minor Action</power_action_type><power_range_and_aoe>Close burst 3</power_range_and_aoe><power_rules>Target: You or one ally in the burst
Effect: The target gains a +2 bonus to all defenses until the end of your next turn. If the target is hit by a melee attack before the bonus ends, the attacker is immobilized until the end of its next turn, and the bonus ends.</power_rules><power_rules_html>&lt;span class="flavor"&gt;&lt;b&gt;Target: &lt;/b&gt;You or one ally in the burst&lt;/span&gt;
&lt;span class="flavor"&gt;&lt;b&gt;Effect: &lt;/b&gt;The target gains a +2 bonus to all defenses until the end of your next turn. If the target is hit by a melee attack before the bonus ends, the attacker is immobilized until the end of its next turn, and the bonus ends.&lt;/span&gt;
</power_rules_html><power_published_in>Primal Power, page(s) 111. </power_published_in><power_dndinsider_id>10042</power_dndinsider_id><formatOutput>1</formatOutput></Power>
