<?xml version="1.0"?>
<Power><power_name>Abyssal Command</power_name><power_class_and_level>Enemy of the Abyss Attack 20</power_class_and_level><power_flavor>As the Abyss stains your bloodline, you corrupt another&#x2019;s body and mind.</power_flavor><power_frequency>Daily</power_frequency><power_keywords>Charm, Reliable</power_keywords><power_action_type>Standard Action</power_action_type><power_range_and_aoe>Melee touch</power_range_and_aoe><power_rules>Target: One creature
Attack: Strength or Intelligence + 9 vs. Will
Hit: 2d10 + Strength or Intelligence modifier damage, and the target is dominated (save ends). If the target is a demon, it takes a &#x2013;2 penalty to saving throws against this effect.
Aftereffect: The target is dazed (save ends).</power_rules><power_rules_html>&lt;span class="flavor"&gt;&lt;b&gt;Target: &lt;/b&gt;One creature&lt;/span&gt;
&lt;span class="flavor"&gt;&lt;b&gt;Attack: &lt;/b&gt;Strength or Intelligence + 9 vs. Will&lt;/span&gt;
&lt;span class="flavor"&gt;&lt;b&gt;Hit: &lt;/b&gt;2d10 + Strength or Intelligence modifier damage, and the target is dominated (save ends). If the target is a demon, it takes a &#x2013;2 penalty to saving throws against this effect.&lt;/span&gt;
&lt;span class="flavor"&gt;Aftereffect: The target is dazed (save ends).&lt;/span&gt;
</power_rules_html><power_published_in>Dragon Magazine 380, page(s) 22. </power_published_in><power_dndinsider_id>10048</power_dndinsider_id><formatOutput>1</formatOutput></Power>
