<?xml version="1.0"?>
<Power><power_name>Stormhowler's Strike</power_name><power_class_and_level>Warden Attack 13</power_class_and_level><power_flavor>Your attack summons up a storm of primal fury that draws in those that try to escape it.</power_flavor><power_frequency>Encounter</power_frequency><power_keywords>Primal, Teleportation, Weapon, Zone</power_keywords><power_action_type>Standard Action</power_action_type><power_range_and_aoe>Close blast 3</power_range_and_aoe><power_rules>Target: Each enemy in the blast
Attack: Strength vs. Fortitude
Hit: 1[W] + Strength modifier damage.
Effect: The blast creates a zone of howling wind that lasts until the end of your next turn. Any enemy that starts its turn within the zone and ends its turn outside the zone is teleported at the end of its turn to a square within the zone.</power_rules><power_rules_html>&lt;span class="flavor"&gt;&lt;b&gt;Target: &lt;/b&gt;Each enemy in the blast&lt;/span&gt;
&lt;span class="flavor"&gt;&lt;b&gt;Attack: &lt;/b&gt;Strength vs. Fortitude&lt;/span&gt;
&lt;span class="flavor"&gt;&lt;b&gt;Hit: &lt;/b&gt;1[W] + Strength modifier damage.&lt;/span&gt;
&lt;span class="flavor"&gt;&lt;b&gt;Effect: &lt;/b&gt;The blast creates a zone of howling wind that lasts until the end of your next turn. Any enemy that starts its turn within the zone and ends its turn outside the zone is teleported at the end of its turn to a square within the zone.&lt;/span&gt;
</power_rules_html><power_published_in>Primal Power, page(s) 99. </power_published_in><power_dndinsider_id>10041</power_dndinsider_id><formatOutput>1</formatOutput></Power>
