<?xml version="1.0"?>
<Power><power_name>Void Assumption</power_name><power_class_and_level>Genasi Racial Power</power_class_and_level><power_flavor>You become the void, the absence of all, for just long enough.</power_flavor><power_frequency>Encounter</power_frequency><power_keywords></power_keywords><power_action_type>Minor Action</power_action_type><power_range_and_aoe>Personal </power_range_and_aoe><power_rules>Effect: You cease to exist and can take no actions until the start of your next turn. You have line of sight and line of effect to no creature, and no creature has line of sight or line of effect to you. At the start of your next turn, you reappear in the square of your choice within 3 squares of the square you left.</power_rules><power_rules_html>&lt;span class="flavor"&gt;&lt;b&gt;Effect: &lt;/b&gt;You cease to exist and can take no actions until the start of your next turn. You have line of sight and line of effect to no creature, and no creature has line of sight or line of effect to you. At the start of your next turn, you reappear in the square of your choice within 3 squares of the square you left.&lt;/span&gt;
</power_rules_html><power_published_in>Dragon Magazine 380, page(s) 19. </power_published_in><power_dndinsider_id>10046</power_dndinsider_id><formatOutput>1</formatOutput></Power>
