<?xml version="1.0"?>
<Power><power_name>Acid Surge</power_name><power_class_and_level>Genasi Racial Power</power_class_and_level><power_flavor>You dissolve into a bubbling, hissing liquid and surge through your enemies.</power_flavor><power_frequency>Encounter</power_frequency><power_keywords>Acid</power_keywords><power_action_type>Move Action</power_action_type><power_range_and_aoe>Personal </power_range_and_aoe><power_rules>Effect: You shift half your speed over ground or liquid terrain and through squares occupied by enemies. You must end your movement in an unoccupied square. You make the attack against each creature whose space you enter.
Attack: Strength + 3 vs. Reflex, Constitution + 3 vs. Reflex, or Dexterity + 3 vs. Reflex
Level 11: The bonus on the attack increases to + 6
Level 21: The bonus on the attack increases to + 9
Hit: 1d8 + Strength, Constitution, or Dexterity modifier acid damage.
Level 11: 2d8 + Strength, Constitution, or Dexterity modifier acid damage.
Level 21: 3d8 + Strength, Constitution, or Dexterity modifier acid damage.</power_rules><power_rules_html>&lt;span class="flavor"&gt;&lt;b&gt;Effect: &lt;/b&gt;You shift half your speed over ground or liquid terrain and through squares occupied by enemies. You must end your movement in an unoccupied square. You make the attack against each creature whose space you enter.&lt;/span&gt;
&lt;span class="flavor"&gt;&lt;b&gt;Attack: &lt;/b&gt;Strength + 3 vs. Reflex, Constitution + 3 vs. Reflex, or Dexterity + 3 vs. Reflex&lt;/span&gt;
&lt;span class="flavor"&gt;Level 11: The bonus on the attack increases to + 6&lt;/span&gt;
&lt;span class="flavor"&gt;Level 21: The bonus on the attack increases to + 9&lt;/span&gt;
&lt;span class="flavor"&gt;&lt;b&gt;Hit: &lt;/b&gt;1d8 + Strength, Constitution, or Dexterity modifier acid damage.&lt;/span&gt;
&lt;span class="flavor"&gt;Level 11: 2d8 + Strength, Constitution, or Dexterity modifier acid damage.&lt;/span&gt;
&lt;span class="flavor"&gt;Level 21: 3d8 + Strength, Constitution, or Dexterity modifier acid damage.&lt;/span&gt;
</power_rules_html><power_published_in>Dragon Magazine 380, page(s) 19. </power_published_in><power_dndinsider_id>10043</power_dndinsider_id><formatOutput>1</formatOutput></Power>
