<?xml version="1.0"?>
<Power><power_name>Abyssal Rend</power_name><power_class_and_level>Enemy of the Abyss Attack 11</power_class_and_level><power_flavor>Channeling the Abyss&#x2019;s evil, your fingertips tear through your foe&#x2019;s armor and flesh&#x2014;more so if you can smell its blood.</power_flavor><power_frequency>Encounter</power_frequency><power_keywords></power_keywords><power_action_type>Standard Action</power_action_type><power_range_and_aoe>Melee touch</power_range_and_aoe><power_rules>Target: One creature
Attack: Strength or Intelligence + 6 vs. Fortitude
Level 21: Strength or Intelligence + 9 vs. Fortitude
Hit: 3d10 + Strength or Intelligence modifier damage. If the target is bloodied, it takes 1d10 extra damage.</power_rules><power_rules_html>&lt;span class="flavor"&gt;&lt;b&gt;Target: &lt;/b&gt;One creature&lt;/span&gt;
&lt;span class="flavor"&gt;&lt;b&gt;Attack: &lt;/b&gt;Strength or Intelligence + 6 vs. Fortitude&lt;/span&gt;
&lt;span class="flavor"&gt;Level 21: Strength or Intelligence + 9 vs. Fortitude&lt;/span&gt;
&lt;span class="flavor"&gt;&lt;b&gt;Hit: &lt;/b&gt;3d10 + Strength or Intelligence modifier damage. If the target is bloodied, it takes 1d10 extra damage.&lt;/span&gt;
</power_rules_html><power_published_in>Dragon Magazine 380, page(s) 22. </power_published_in><power_dndinsider_id>10047</power_dndinsider_id><formatOutput>1</formatOutput></Power>
