<?xml version="1.0"?>
<Power><power_name>Spinning Sweep</power_name><power_class_and_level>Fighter Attack 1</power_class_and_level><power_flavor>You spin beneath your enemy&#x2019;s guard with a slashing strike, and then sweep your leg through your foe an instant later, knocking it to the ground.</power_flavor><power_frequency>Encounter</power_frequency><power_keywords>Martial, Weapon</power_keywords><power_action_type>Standard Action</power_action_type><power_range_and_aoe>Melee weapon</power_range_and_aoe><power_rules>Target: One creature
Attack: Strength vs. AC
Hit: 1[W] + Strength modifier damage, and you knock the target prone.</power_rules><power_rules_html>&lt;span class="flavor"&gt;&lt;b&gt;Target: &lt;/b&gt;One creature&lt;/span&gt;
&lt;span class="flavor"&gt;&lt;b&gt;Attack: &lt;/b&gt;Strength vs. AC&lt;/span&gt;
&lt;span class="flavor"&gt;&lt;b&gt;Hit: &lt;/b&gt;1[W] + Strength modifier damage, and you knock the target prone.&lt;/span&gt;
</power_rules_html><power_published_in>Player's Handbook, page(s) 78, Class Compendium.</power_published_in><power_dndinsider_id>1004</power_dndinsider_id><formatOutput>1</formatOutput></Power>
