<?xml version="1.0"?>
<Power><power_name>Firedeath</power_name><power_class_and_level>Genasi Racial Power</power_class_and_level><power_flavor>As all fires must burn out, so does each attack on you dwindle and die.</power_flavor><power_frequency>Encounter</power_frequency><power_keywords></power_keywords><power_action_type>Immediate Interrupt</power_action_type><power_range_and_aoe>Personal </power_range_and_aoe><power_rules>Trigger: You take damage
Effect: All damage dice rolled for the triggering attack are considered to have a result of 1.</power_rules><power_rules_html>&lt;span class="flavor"&gt;&lt;b&gt;Trigger: &lt;/b&gt;You take damage&lt;/span&gt;
&lt;span class="flavor"&gt;&lt;b&gt;Effect: &lt;/b&gt;All damage dice rolled for the triggering attack are considered to have a result of 1.&lt;/span&gt;
</power_rules_html><power_published_in>Dragon Magazine 380, page(s) 19. </power_published_in><power_dndinsider_id>10044</power_dndinsider_id><formatOutput>1</formatOutput></Power>
