<?xml version="1.0"?>
<Power><power_name>Demonskin Meditation</power_name><power_class_and_level>Enemy of the Abyss Utility 12</power_class_and_level><power_flavor>You wrap yourself in a sheathe of demon&#x2019;s energy, protecting yourself from a variety of elements.</power_flavor><power_frequency>Daily</power_frequency><power_keywords></power_keywords><power_action_type>Minor Action</power_action_type><power_range_and_aoe>Personal </power_range_and_aoe><power_rules>Effect: Choose a damage type: acid, cold, fire, lightning, or thunder. You gain resistance to that damage type equal to one-half your level until the end of the encounter.</power_rules><power_rules_html>&lt;span class="flavor"&gt;&lt;b&gt;Effect: &lt;/b&gt;Choose a damage type: acid, cold, fire, lightning, or thunder. You gain resistance to that damage type equal to one-half your level until the end of the encounter.&lt;/span&gt;
</power_rules_html><power_published_in>Dragon Magazine 380, page(s) 22. </power_published_in><power_dndinsider_id>10049</power_dndinsider_id><formatOutput>1</formatOutput></Power>
