<?xml version="1.0"?>
<Power><power_name>Plaguebearer</power_name><power_class_and_level>Genasi Racial Power</power_class_and_level><power_flavor>The breath you exhale is not a bearer of seeds and scents, but a carrier of poison and death.</power_flavor><power_frequency>Encounter</power_frequency><power_keywords>Poison</power_keywords><power_action_type>Minor Action</power_action_type><power_range_and_aoe>Personal </power_range_and_aoe><power_rules>Effect: Until the end of your next turn, any creature that starts its turn adjacent to you takes 5 poison damage.
Level 11: 10 poison damage.
Level 21: 15 poison damage.</power_rules><power_rules_html>&lt;span class="flavor"&gt;&lt;b&gt;Effect: &lt;/b&gt;Until the end of your next turn, any creature that starts its turn adjacent to you takes 5 poison damage.&lt;/span&gt;
&lt;span class="flavor"&gt;Level 11: 10 poison damage.&lt;/span&gt;
&lt;span class="flavor"&gt;Level 21: 15 poison damage.&lt;/span&gt;
</power_rules_html><power_published_in>Dragon Magazine 380, page(s) 19. </power_published_in><power_dndinsider_id>10045</power_dndinsider_id><formatOutput>1</formatOutput></Power>
