<?xml version="1.0"?>
<Power><power_name>Ambusher's Rage</power_name><power_class_and_level>Barbarian Attack 5</power_class_and_level><power_flavor>Blood calls. The ambush drake&#x2019;s throaty roar erupts from your throat as you fling yourself around your wounded enemy in a dizzying set-up for the death blow.</power_flavor><power_frequency>Daily</power_frequency><power_keywords>Primal, Rage, Weapon</power_keywords><power_action_type>Standard Action</power_action_type><power_range_and_aoe>Melee weapon</power_range_and_aoe><power_rules>Target: One creature
Attack: Strength vs. AC
Hit: 3[W] + Strength modifier damage
Miss: Half damage.
Effect: You enter the rage of the ambusher. Until the rage ends, you can shift 2 squares as a minor action as long as you end the shift adjacent to a bloodied enemy.</power_rules><power_rules_html>&lt;span class="flavor"&gt;&lt;b&gt;Target: &lt;/b&gt;One creature&lt;/span&gt;
&lt;span class="flavor"&gt;&lt;b&gt;Attack: &lt;/b&gt;Strength vs. AC&lt;/span&gt;
&lt;span class="flavor"&gt;&lt;b&gt;Hit: &lt;/b&gt;3[W] + Strength modifier damage&lt;/span&gt;
&lt;span class="flavor"&gt;&lt;b&gt;Miss: &lt;/b&gt;Half damage.&lt;/span&gt;
&lt;span class="flavor"&gt;&lt;b&gt;Effect: &lt;/b&gt;You enter the rage of the ambusher. Until the rage ends, you can shift 2 squares as a minor action as long as you end the shift adjacent to a bloodied enemy.&lt;/span&gt;
</power_rules_html><power_published_in>Dragon Magazine 380, page(s) 34. </power_published_in><power_dndinsider_id>10059</power_dndinsider_id><formatOutput>1</formatOutput></Power>
