<?xml version="1.0"?>
<Power><power_name>Glimpse of the Void</power_name><power_class_and_level>Scion of Absence Attack 11</power_class_and_level><power_flavor>Your lightest touch grants the creature the true experience of being without existence.</power_flavor><power_frequency>Encounter</power_frequency><power_keywords></power_keywords><power_action_type>Standard Action</power_action_type><power_range_and_aoe>Melee touch</power_range_and_aoe><power_rules>Target: One creature
Attack: Strength or Intelligence + 6 vs. Reflex
Level 21: Strength or Intelligence + 9 vs. Reflex
Hit: The target ceases to exist and can take no actions until the start of your next turn. It has line of sight and line of effect to no creature, and no creature has line of sight or line of effect to it. At the start of your next turn, the target reappears in the space it left, or in the nearest available space if that space is occupied.
Aftereffect: The target grants combat advantage to you and your allies until the end of your next turn.</power_rules><power_rules_html>&lt;span class="flavor"&gt;&lt;b&gt;Target: &lt;/b&gt;One creature&lt;/span&gt;
&lt;span class="flavor"&gt;&lt;b&gt;Attack: &lt;/b&gt;Strength or Intelligence + 6 vs. Reflex&lt;/span&gt;
&lt;span class="flavor"&gt;Level 21: Strength or Intelligence + 9 vs. Reflex&lt;/span&gt;
&lt;span class="flavor"&gt;&lt;b&gt;Hit: &lt;/b&gt;The target ceases to exist and can take no actions until the start of your next turn. It has line of sight and line of effect to no creature, and no creature has line of sight or line of effect to it. At the start of your next turn, the target reappears in the space it left, or in the nearest available space if that space is occupied.&lt;/span&gt;
&lt;span class="flavor"&gt;&lt;b&gt;Aftereffect: &lt;/b&gt;The target grants combat advantage to you and your allies until the end of your next turn.&lt;/span&gt;
</power_rules_html><power_published_in>Dragon Magazine 380, page(s) 22. </power_published_in><power_dndinsider_id>10051</power_dndinsider_id><formatOutput>1</formatOutput></Power>
