<?xml version="1.0"?>
<Power><power_name>Voidsoul Infliction</power_name><power_class_and_level>Scion of Absence Attack 20</power_class_and_level><power_flavor>All creatures that near you feel the fatal pull of utter dissolution.</power_flavor><power_frequency>Daily</power_frequency><power_keywords>Psychic, Stance</power_keywords><power_action_type>Minor Action</power_action_type><power_range_and_aoe>Personal </power_range_and_aoe><power_rules>Effect: You assume the voidsoul infliction stance. Until the stance ends, any enemy that starts its turn within 2 squares of you is dazed until the end of your next turn. The enemy can choose to take 10 psychic damage instead of being dazed.</power_rules><power_rules_html>&lt;span class="flavor"&gt;&lt;b&gt;Effect: &lt;/b&gt;You assume the voidsoul infliction stance. Until the stance ends, any enemy that starts its turn within 2 squares of you is dazed until the end of your next turn. The enemy can choose to take 10 psychic damage instead of being dazed.&lt;/span&gt;
</power_rules_html><power_published_in>Dragon Magazine 380, page(s) 22. </power_published_in><power_dndinsider_id>10052</power_dndinsider_id><formatOutput>1</formatOutput></Power>
