<?xml version="1.0"?>
<Power><power_name>Corrosive Torrent</power_name><power_class_and_level>Soul of Erosion Attack 20</power_class_and_level><power_flavor>You create a rushing flow of fluid that makes the eyes water and burns the flesh.</power_flavor><power_frequency>Daily</power_frequency><power_keywords>Acid</power_keywords><power_action_type>Standard Action</power_action_type><power_range_and_aoe>Close blast 5</power_range_and_aoe><power_rules>Target: Each creature in the blast
Attack: Strength or Intelligence + 9 vs. Reflex
Hit: 2d6 + Strength modifier or Intelligence modifier acid damage. You push the target 2 squares, and the target takes ongoing 15 acid damage (save ends).
Miss: Half damage, and ongoing 10 acid damage (save ends).</power_rules><power_rules_html>&lt;span class="flavor"&gt;&lt;b&gt;Target: &lt;/b&gt;Each creature in the blast&lt;/span&gt;
&lt;span class="flavor"&gt;&lt;b&gt;Attack: &lt;/b&gt;Strength or Intelligence + 9 vs. Reflex&lt;/span&gt;
&lt;span class="flavor"&gt;&lt;b&gt;Hit: &lt;/b&gt;2d6 + Strength modifier or Intelligence modifier acid damage. You push the target 2 squares, and the target takes ongoing 15 acid damage (save ends).&lt;/span&gt;
&lt;span class="flavor"&gt;&lt;b&gt;Miss: &lt;/b&gt;Half damage, and ongoing 10 acid damage (save ends).&lt;/span&gt;
</power_rules_html><power_published_in>Dragon Magazine 380, page(s) 23. </power_published_in><power_dndinsider_id>10055</power_dndinsider_id><formatOutput>1</formatOutput></Power>
