<?xml version="1.0"?>
<Power><power_name>Bloodseeker's Rage</power_name><power_class_and_level>Barbarian Attack 1</power_class_and_level><power_flavor>As you strike, flashes of spectral teeth and blood-red hide reveal the bloodseeker drake predator spirit that inspires your rage.</power_flavor><power_frequency>Daily</power_frequency><power_keywords>Primal, Rage, Weapon</power_keywords><power_action_type>Standard Action</power_action_type><power_range_and_aoe>Melee weapon</power_range_and_aoe><power_rules>Target: One creature
Attack: Strength vs. AC
Hit: 3[W] + Strength modifier damage.
Miss: Half damage.
Effect: You enter the rage of the bloodseeker. Until the rage ends, you can make an opportunity attack against any bloodied enemy adjacent to you that shifts.</power_rules><power_rules_html>&lt;span class="flavor"&gt;&lt;b&gt;Target: &lt;/b&gt;One creature&lt;/span&gt;
&lt;span class="flavor"&gt;&lt;b&gt;Attack: &lt;/b&gt;Strength vs. AC&lt;/span&gt;
&lt;span class="flavor"&gt;&lt;b&gt;Hit: &lt;/b&gt;3[W] + Strength modifier damage.&lt;/span&gt;
&lt;span class="flavor"&gt;&lt;b&gt;Miss: &lt;/b&gt;Half damage.&lt;/span&gt;
&lt;span class="flavor"&gt;&lt;b&gt;Effect: &lt;/b&gt;You enter the rage of the bloodseeker. Until the rage ends, you can make an opportunity attack against any bloodied enemy adjacent to you that shifts.&lt;/span&gt;
</power_rules_html><power_published_in>Dragon Magazine 380, page(s) 34. </power_published_in><power_dndinsider_id>10057</power_dndinsider_id><formatOutput>1</formatOutput></Power>
