<?xml version="1.0"?>
<Power><power_name>Wearing the Void</power_name><power_class_and_level>Scion of Absence Utility 12</power_class_and_level><power_flavor>You are nothing; nothing can pierce you or rend you.</power_flavor><power_frequency>Encounter</power_frequency><power_keywords></power_keywords><power_action_type>Immediate Interrupt</power_action_type><power_range_and_aoe>Personal </power_range_and_aoe><power_rules>Trigger: You take damage
Effect: You reduce the triggering damage to 0.</power_rules><power_rules_html>&lt;span class="flavor"&gt;&lt;b&gt;Trigger: &lt;/b&gt;You take damage&lt;/span&gt;
&lt;span class="flavor"&gt;&lt;b&gt;Effect: &lt;/b&gt;You reduce the triggering damage to 0.&lt;/span&gt;
</power_rules_html><power_published_in>Dragon Magazine 380, page(s) 22. </power_published_in><power_dndinsider_id>10053</power_dndinsider_id><formatOutput>1</formatOutput></Power>
