<?xml version="1.0"?>
<Power><power_name>Always Falling Rage</power_name><power_class_and_level>Barbarian Attack 1</power_class_and_level><power_flavor>The fury of the waterfall and the relentless push of the waters propels you past any defenses.</power_flavor><power_frequency>Daily</power_frequency><power_keywords>Primal, Rage, Weapon</power_keywords><power_action_type>Standard Action</power_action_type><power_range_and_aoe>Melee weapon</power_range_and_aoe><power_rules>Target: One creature
Attack: Strength vs. AC
Hit: 2[W] + Strength damage, and you knock the target prone.
Miss: Half damage.
Effect: You enter the rage of the Always Falling spirit. Until the rage ends, when one of your allies hits an enemy adjacent to you, you can shift 2 squares as an immediate reaction.</power_rules><power_rules_html>&lt;span class="flavor"&gt;&lt;b&gt;Target: &lt;/b&gt;One creature&lt;/span&gt;
&lt;span class="flavor"&gt;&lt;b&gt;Attack: &lt;/b&gt;Strength vs. AC&lt;/span&gt;
&lt;span class="flavor"&gt;&lt;b&gt;Hit: &lt;/b&gt;2[W] + Strength damage, and you knock the target prone.&lt;/span&gt;
&lt;span class="flavor"&gt;&lt;b&gt;Miss: &lt;/b&gt;Half damage.&lt;/span&gt;
&lt;span class="flavor"&gt;&lt;b&gt;Effect: &lt;/b&gt;You enter the rage of the Always Falling spirit. Until the rage ends, when one of your allies hits an enemy adjacent to you, you can shift 2 squares as an immediate reaction.&lt;/span&gt;
</power_rules_html><power_published_in>Dragon Magazine 380, page(s) 34. </power_published_in><power_dndinsider_id>10056</power_dndinsider_id><formatOutput>1</formatOutput></Power>
