<?xml version="1.0"?>
<Power><power_name>Acid Whirlpool</power_name><power_class_and_level>Soul of Erosion Attack 11</power_class_and_level><power_flavor>Tainted water flies out from you to strike a foe before you draw it, and your foe, back in to you.</power_flavor><power_frequency>Encounter</power_frequency><power_keywords>Acid</power_keywords><power_action_type>Standard Action</power_action_type><power_range_and_aoe>Close burst 3</power_range_and_aoe><power_rules>Target: Each creature in the burst
Attack: Strength or Intelligence + 6 vs. Fortitude
Level 21: Strength or Intelligence + 9 vs. Fortitude
Hit: 2d8 + Strength or Intelligence modifier acid damage, and you pull the target 2 squares.</power_rules><power_rules_html>&lt;span class="flavor"&gt;&lt;b&gt;Target: &lt;/b&gt;Each creature in the burst&lt;/span&gt;
&lt;span class="flavor"&gt;&lt;b&gt;Attack: &lt;/b&gt;Strength or Intelligence + 6 vs. Fortitude&lt;/span&gt;
&lt;span class="flavor"&gt;Level 21: Strength or Intelligence + 9 vs. Fortitude&lt;/span&gt;
&lt;span class="flavor"&gt;&lt;b&gt;Hit: &lt;/b&gt;2d8 + Strength or Intelligence modifier acid damage, and you pull the target 2 squares.&lt;/span&gt;
</power_rules_html><power_published_in>Dragon Magazine 380, page(s) 23. </power_published_in><power_dndinsider_id>10054</power_dndinsider_id><formatOutput>1</formatOutput></Power>
