<?xml version="1.0"?>
<Power><power_name>Skull-Taker's Rage</power_name><power_class_and_level>Barbarian Attack 1</power_class_and_level><power_flavor>The ancient berserker spirit that drives this rage doesn&#x2019;t care that its presence tears you apart, vein by vein. It wants the skulls of your enemies, no matter how they&#x2019; ve tried to wedge themselves into their cowards&#x2019; armor.</power_flavor><power_frequency>Daily</power_frequency><power_keywords>Primal, Rage, Weapon</power_keywords><power_action_type>Standard Action</power_action_type><power_range_and_aoe>Melee weapon</power_range_and_aoe><power_rules>Target: One creature
Attack: Strength vs. AC
Hit: 3[W] + Strength modifier damage.
Miss: Half damage.
Effect: You enter the rage of the skull-taker. Until the rage ends, you take 3 damage at the start of each of your turns. This damage cannot be resisted or negated. Until the rage ends, you also have a +1 bonus to your attack rolls.</power_rules><power_rules_html>&lt;span class="flavor"&gt;&lt;b&gt;Target: &lt;/b&gt;One creature&lt;/span&gt;
&lt;span class="flavor"&gt;&lt;b&gt;Attack: &lt;/b&gt;Strength vs. AC&lt;/span&gt;
&lt;span class="flavor"&gt;&lt;b&gt;Hit: &lt;/b&gt;3[W] + Strength modifier damage.&lt;/span&gt;
&lt;span class="flavor"&gt;&lt;b&gt;Miss: &lt;/b&gt;Half damage.&lt;/span&gt;
&lt;span class="flavor"&gt;&lt;b&gt;Effect: &lt;/b&gt;You enter the rage of the skull-taker. Until the rage ends, you take 3 damage at the start of each of your turns. This damage cannot be resisted or negated. Until the rage ends, you also have a +1 bonus to your attack rolls.&lt;/span&gt;
</power_rules_html><power_published_in>Dragon Magazine 380, page(s) 34. </power_published_in><power_dndinsider_id>10058</power_dndinsider_id><formatOutput>1</formatOutput></Power>
