<?xml version="1.0"?>
<Power><power_name>Fortune's Ravagers Rage</power_name><power_class_and_level>Barbarian Attack 19</power_class_and_level><power_flavor>Sometimes good luck leads directly to bad, and when your foe is lucky enough to make an extraordinarily effective attack, you&#x2019;re right there to slam that luck back down its throat.</power_flavor><power_frequency>Daily</power_frequency><power_keywords>Primal, Rage, Weapon</power_keywords><power_action_type>Standard Action</power_action_type><power_range_and_aoe>Melee weapon</power_range_and_aoe><power_rules>Target: One creature
Attack: Strength vs. AC
Hit: 4[W] + Strength modifier damage.
Miss: Half damage.
Effect: You enter the rage of the fortune&#x2019;s ravager. Until the rage ends, you can repeat the rage&#x2019;s attack as an immediate interrupt that targets any enemy adjacent to you that rolls a critical hit with an attack.</power_rules><power_rules_html>&lt;span class="flavor"&gt;&lt;b&gt;Target: &lt;/b&gt;One creature&lt;/span&gt;
&lt;span class="flavor"&gt;&lt;b&gt;Attack: &lt;/b&gt;Strength vs. AC&lt;/span&gt;
&lt;span class="flavor"&gt;&lt;b&gt;Hit: &lt;/b&gt;4[W] + Strength modifier damage.&lt;/span&gt;
&lt;span class="flavor"&gt;&lt;b&gt;Miss: &lt;/b&gt;Half damage.&lt;/span&gt;
&lt;span class="flavor"&gt;&lt;b&gt;Effect: &lt;/b&gt;You enter the rage of the fortune&#x2019;s ravager. Until the rage ends, you can repeat the rage&#x2019;s attack as an immediate interrupt that targets any enemy adjacent to you that rolls a critical hit with an attack.&lt;/span&gt;
</power_rules_html><power_published_in>Dragon Magazine 380, page(s) 35. </power_published_in><power_dndinsider_id>10063</power_dndinsider_id><formatOutput>1</formatOutput></Power>
