<?xml version="1.0"?>
<Power><power_name>Earthquake Dragon's Rage</power_name><power_class_and_level>Barbarian Attack 5</power_class_and_level><power_flavor>The ground shakes, and the air splits. You can barely hear the voices of your friends asking you to call on a different primal spirit to drive your rage.</power_flavor><power_frequency>Daily</power_frequency><power_keywords>Primal, Rage, Weapon</power_keywords><power_action_type>Standard Action</power_action_type><power_range_and_aoe>Melee weapon</power_range_and_aoe><power_rules>Target: One creature
Attack: Strength vs. AC
Hit: 3[W] + Strength modifier damage.
Miss: Half damage.
Effect: You enter the rage of the earthquake dragon. Until the end of your next turn or until the rage ends (whichever is longer), whenever an enemy hits you, you deal thunder damage equal to your Strength modifier to each creature within 5 squares of you.</power_rules><power_rules_html>&lt;span class="flavor"&gt;&lt;b&gt;Target: &lt;/b&gt;One creature&lt;/span&gt;
&lt;span class="flavor"&gt;&lt;b&gt;Attack: &lt;/b&gt;Strength vs. AC&lt;/span&gt;
&lt;span class="flavor"&gt;&lt;b&gt;Hit: &lt;/b&gt;3[W] + Strength modifier damage.&lt;/span&gt;
&lt;span class="flavor"&gt;&lt;b&gt;Miss: &lt;/b&gt;Half damage.&lt;/span&gt;
&lt;span class="flavor"&gt;&lt;b&gt;Effect: &lt;/b&gt;You enter the rage of the earthquake dragon. Until the end of your next turn or until the rage ends (whichever is longer), whenever an enemy hits you, you deal thunder damage equal to your Strength modifier to each creature within 5 squares of you.&lt;/span&gt;
</power_rules_html><power_published_in>Dragon Magazine 380, page(s) 34. </power_published_in><power_dndinsider_id>10066</power_dndinsider_id><formatOutput>1</formatOutput></Power>
