<?xml version="1.0"?>
<Power><power_name>Whisper's Blades Rage</power_name><power_class_and_level>Barbarian Attack 15</power_class_and_level><power_flavor>A shifting aura of moons and stars outlines your form. As blood drips from your blade and from the enemy who never saw your cut coming, you can hear the wicked laughter of the trickster spirit.</power_flavor><power_frequency>Daily</power_frequency><power_keywords>Primal, Rage, Weapon</power_keywords><power_action_type>Standard Action</power_action_type><power_range_and_aoe>Melee weapon</power_range_and_aoe><power_rules>Target: One creature
Attack: Strength vs. AC
Hit: 2[W] + Strength modifier damage, and deal the same amount of damage to a different enemy within 5 squares.
Miss: Half damage.
Effect: You enter the rage of Whisper&#x2019;s blades. Until the rage ends, once per round when you hit with a melee attack on your turn, you can choose to reduce the damage of that attack by 10 and deal 10 damage to another creature within 5 squares of you.</power_rules><power_rules_html>&lt;span class="flavor"&gt;&lt;b&gt;Target: &lt;/b&gt;One creature&lt;/span&gt;
&lt;span class="flavor"&gt;&lt;b&gt;Attack: &lt;/b&gt;Strength vs. AC&lt;/span&gt;
&lt;span class="flavor"&gt;&lt;b&gt;Hit: &lt;/b&gt;2[W] + Strength modifier damage, and deal the same amount of damage to a different enemy within 5 squares.&lt;/span&gt;
&lt;span class="flavor"&gt;&lt;b&gt;Miss: &lt;/b&gt;Half damage.&lt;/span&gt;
&lt;span class="flavor"&gt;&lt;b&gt;Effect: &lt;/b&gt;You enter the rage of Whisper&#x2019;s blades. Until the rage ends, once per round when you hit with a melee attack on your turn, you can choose to reduce the damage of that attack by 10 and deal 10 damage to another creature within 5 squares of you.&lt;/span&gt;
</power_rules_html><power_published_in>Dragon Magazine 380, page(s) 35. </power_published_in><power_dndinsider_id>10062</power_dndinsider_id><formatOutput>1</formatOutput></Power>
