<?xml version="1.0"?>
<Power><power_name>Nightmare Eruption</power_name><power_class_and_level>Wizard Attack 1</power_class_and_level><power_flavor>You bring forth a nightmare in your foe&#x2019;s mind and project it out for its comrades to see.</power_flavor><power_frequency>At-Will</power_frequency><power_keywords>Arcane, Illusion, Implement, Psychic</power_keywords><power_action_type>Standard Action</power_action_type><power_range_and_aoe>Ranged 10</power_range_and_aoe><power_rules>Target: One creature
Attack: Intelligence vs. Will
Hit: 1d8 + Intelligence modifier psychic damage, and any enemy adjacent to the target takes psychic damage equal to your Intelligence modifier.
Level 21: 2d8 + Intelligence modifier damage.</power_rules><power_rules_html>&lt;span class="flavor"&gt;&lt;b&gt;Target: &lt;/b&gt;One creature&lt;/span&gt;
&lt;span class="flavor"&gt;&lt;b&gt;Attack: &lt;/b&gt;Intelligence vs. Will&lt;/span&gt;
&lt;span class="flavor"&gt;&lt;b&gt;Hit: &lt;/b&gt;1d8 + Intelligence modifier psychic damage, and any enemy adjacent to the target takes psychic damage equal to your Intelligence modifier.&lt;/span&gt;
&lt;span class="flavor"&gt;Level 21: 2d8 + Intelligence modifier damage.&lt;/span&gt;
</power_rules_html><power_published_in>Dragon Magazine 380, page(s) 42. </power_published_in><power_dndinsider_id>10069</power_dndinsider_id><formatOutput>1</formatOutput></Power>
