<?xml version="1.0"?>
<Power><power_name>Radiant Pillar</power_name><power_class_and_level>Wizard Attack 3</power_class_and_level><power_flavor>You conjure a cylinder of light that illuminates the battlefield, searing the eyes of your foes.</power_flavor><power_frequency>Encounter</power_frequency><power_keywords>Arcane, Evocation, Implement, Radiant, Zone</power_keywords><power_action_type>Standard Action</power_action_type><power_range_and_aoe>Area burst 1 within 10</power_range_and_aoe><power_rules>Effect: The burst creates a zone of bright light until the end of your next turn. Creatures are blinded while within the zone. If a creature vulnerable to radiant damage starts its turn within the zone, it takes damage equal to double its vulnerability.</power_rules><power_rules_html>&lt;span class="flavor"&gt;&lt;b&gt;Effect: &lt;/b&gt;The burst creates a zone of bright light until the end of your next turn. Creatures are blinded while within the zone. If a creature vulnerable to radiant damage starts its turn within the zone, it takes damage equal to double its vulnerability.&lt;/span&gt;
</power_rules_html><power_published_in>Dragon Magazine 380, page(s) 43. </power_published_in><power_dndinsider_id>10070</power_dndinsider_id><formatOutput>1</formatOutput></Power>
