<?xml version="1.0"?>
<Power><power_name>Knowledge Blast</power_name><power_class_and_level>Tome Adept Attack 11</power_class_and_level><power_flavor>You hold up your tome and concentrate all your knowledge through it into a beam of pure energy, firing it at your ignorant foe.</power_flavor><power_frequency>Encounter</power_frequency><power_keywords>Arcane, Implement, Psychic</power_keywords><power_action_type>Standard Action</power_action_type><power_range_and_aoe>Ranged 10</power_range_and_aoe><power_rules>Requirement: You must be wielding a tome
Target: One creature
Attack: Intelligence vs. Will
Hit: 2d8 + Intelligence modifier psychic damage, and you push the target 2 squares. The target is dazed and takes a &#x2013;2 penalty to attack rolls until the end of your next turn.</power_rules><power_rules_html>&lt;span class="flavor"&gt;&lt;b&gt;Requirement: &lt;/b&gt;You must be wielding a tome&lt;/span&gt;
&lt;span class="flavor"&gt;&lt;b&gt;Target: &lt;/b&gt;One creature&lt;/span&gt;
&lt;span class="flavor"&gt;&lt;b&gt;Attack: &lt;/b&gt;Intelligence vs. Will&lt;/span&gt;
&lt;span class="flavor"&gt;&lt;b&gt;Hit: &lt;/b&gt;2d8 + Intelligence modifier psychic damage, and you push the target 2 squares. The target is dazed and takes a &#x2013;2 penalty to attack rolls until the end of your next turn.&lt;/span&gt;
</power_rules_html><power_published_in>Dragon Magazine 380, page(s) 44. </power_published_in><power_dndinsider_id>10079</power_dndinsider_id><formatOutput>1</formatOutput></Power>
