<?xml version="1.0"?>
<Power><power_name>Dimensional Journey</power_name><power_class_and_level>Wizard Utility 22</power_class_and_level><power_flavor>You take a step and reappear well away from your starting point.</power_flavor><power_frequency>Daily</power_frequency><power_keywords>Arcane, Teleportation</power_keywords><power_action_type>Move Action</power_action_type><power_range_and_aoe>Personal </power_range_and_aoe><power_rules>Effect: You teleport 20 squares. You do not need line of sight to your destination.</power_rules><power_rules_html>&lt;span class="flavor"&gt;&lt;b&gt;Effect: &lt;/b&gt;You teleport 20 squares. You do not need line of sight to your destination.&lt;/span&gt;
</power_rules_html><power_published_in>Dragon Magazine 380, page(s) 43. </power_published_in><power_dndinsider_id>10077</power_dndinsider_id><formatOutput>1</formatOutput></Power>
