<?xml version="1.0"?>
<Power><power_name>Summon Angel Wretch</power_name><power_class_and_level>Wizard Attack 19</power_class_and_level><power_flavor>A spectral creature composed of numerous wispy black-feathered wings, all joined together at the pinions, attacks with gouts of shadowy noxious gas.</power_flavor><power_frequency>Daily</power_frequency><power_keywords>Arcane, Implement, Necrotic, Poison, Summoning</power_keywords><power_action_type>Minor Action</power_action_type><power_range_and_aoe>Ranged 20</power_range_and_aoe><power_rules>Effect: You summon a Large angel wretch in an unoccupied space within range. The angel wretch has a fly speed of 8. It has a +4 bonus to AC and a +4 bonus to Fortitude. You can give the angel wretch the following special commands.
Standard Action: Close blast 3; targets each creature in the blast; Intelligence vs. Fortitude; the target takes ongoing 20 poison damage (save ends).
Standard Action: Melee 1; targets one creature; Intelligence vs. Reflex; 2d8 + Intelligence modifier necrotic damage.
Opportunity Attack: Melee 1; targets one creature; Intelligence vs. Reflex; 2d8 + Intelligence modifier necrotic damage.</power_rules><power_rules_html>&lt;span class="flavor"&gt;&lt;b&gt;Effect: &lt;/b&gt;You summon a Large angel wretch in an unoccupied space within range. The angel wretch has a fly speed of 8. It has a +4 bonus to AC and a +4 bonus to Fortitude. You can give the angel wretch the following special commands.&lt;/span&gt;
&lt;span class="flavor"&gt;&lt;b&gt;Standard Action: &lt;/b&gt;Close blast 3; targets each creature in the blast; Intelligence vs. Fortitude; the target takes ongoing 20 poison damage (save ends).&lt;/span&gt;
&lt;span class="flavor"&gt;&lt;b&gt;Standard Action: &lt;/b&gt;Melee 1; targets one creature; Intelligence vs. Reflex; 2d8 + Intelligence modifier necrotic damage.&lt;/span&gt;
&lt;span class="flavor"&gt;&lt;b&gt;Opportunity Attack: &lt;/b&gt;Melee 1; targets one creature; Intelligence vs. Reflex; 2d8 + Intelligence modifier necrotic damage.&lt;/span&gt;
</power_rules_html><power_published_in>Dragon Magazine 380, page(s) 43. </power_published_in><power_dndinsider_id>10076</power_dndinsider_id><formatOutput>1</formatOutput></Power>
