<?xml version="1.0"?>
<Power><power_name>Able Companion</power_name><power_class_and_level>Wizard Utility 6</power_class_and_level><power_flavor>You conjure a creature of many hands and feet that aids your allies.</power_flavor><power_frequency>Daily</power_frequency><power_keywords>Arcane, Conjuration</power_keywords><power_action_type>Minor Action</power_action_type><power_range_and_aoe>Ranged 10</power_range_and_aoe><power_rules>Effect: You conjure an able companion in an unoccupied square within range until the end of the encounter. When an ally starts its turn adjacent to the companion, that ally can stand or shift 1 square as a free action. You can move the companion 2 squares as a minor action or 6 squares as a move action.</power_rules><power_rules_html>&lt;span class="flavor"&gt;&lt;b&gt;Effect: &lt;/b&gt;You conjure an able companion in an unoccupied square within range until the end of the encounter. When an ally starts its turn adjacent to the companion, that ally can stand or shift 1 square as a free action. You can move the companion 2 squares as a minor action or 6 squares as a move action.&lt;/span&gt;
</power_rules_html><power_published_in>Dragon Magazine 380, page(s) 43. </power_published_in><power_dndinsider_id>10072</power_dndinsider_id><formatOutput>1</formatOutput></Power>
