<?xml version="1.0"?>
<Power><power_name>Dimension Switch</power_name><power_class_and_level>Wizard Utility 16</power_class_and_level><power_flavor>You and your ally teleport into each other&#x2019;s locations.</power_flavor><power_frequency>Encounter</power_frequency><power_keywords>Arcane, Teleportation</power_keywords><power_action_type>Move Action</power_action_type><power_range_and_aoe>Close burst 10</power_range_and_aoe><power_rules>Target: You and one ally in the burst
Effect: Each target teleports, swapping positions.</power_rules><power_rules_html>&lt;span class="flavor"&gt;&lt;b&gt;Target: &lt;/b&gt;You and one ally in the burst&lt;/span&gt;
&lt;span class="flavor"&gt;&lt;b&gt;Effect: &lt;/b&gt;Each target teleports, swapping positions.&lt;/span&gt;
</power_rules_html><power_published_in>Dragon Magazine 380, page(s) 43, Heroes of the Fallen Lands, page(s) 225, Neverwinter Campaign Setting, page(s) 79. </power_published_in><power_dndinsider_id>10074</power_dndinsider_id><formatOutput>1</formatOutput></Power>
