<?xml version="1.0"?>
<Power><power_name>Thunderstaff</power_name><power_class_and_level>Wizard Attack 5</power_class_and_level><power_flavor>As your enemy comes too close, you slam the butt of your staff into the ground, sending a shockwave that knocks it off its feet and far away from you.</power_flavor><power_frequency>Daily</power_frequency><power_keywords>Arcane, Evocation, Implement, Thunder</power_keywords><power_action_type>Immediate Interrupt</power_action_type><power_range_and_aoe>Melee 2</power_range_and_aoe><power_rules>Requirement: You must be wielding a staff.
Trigger: An enemy moves to within 2 squares of you.
Target: The triggering enemy
Attack: Intelligence vs. Fortitude
Hit: 2d6 + Intelligence modifier, and the target is deafened and dazed until the end of your next turn.
Miss: Half damage, and the target is deafened until the end of your next turn.
Effect: You push the target 5 squares.</power_rules><power_rules_html>&lt;span class="flavor"&gt;&lt;b&gt;Requirement: &lt;/b&gt;You must be wielding a staff.&lt;/span&gt;
&lt;span class="flavor"&gt;&lt;b&gt;Trigger: &lt;/b&gt;An enemy moves to within 2 squares of you.&lt;/span&gt;
&lt;span class="flavor"&gt;&lt;b&gt;Target: &lt;/b&gt;The triggering enemy&lt;/span&gt;
&lt;span class="flavor"&gt;&lt;b&gt;Attack: &lt;/b&gt;Intelligence vs. Fortitude&lt;/span&gt;
&lt;span class="flavor"&gt;&lt;b&gt;Hit: &lt;/b&gt;2d6 + Intelligence modifier, and the target is deafened and dazed until the end of your next turn.&lt;/span&gt;
&lt;span class="flavor"&gt;&lt;b&gt;Miss: &lt;/b&gt;Half damage, and the target is deafened until the end of your next turn.&lt;/span&gt;
&lt;span class="flavor"&gt;&lt;b&gt;Effect: &lt;/b&gt;You push the target 5 squares.&lt;/span&gt;
</power_rules_html><power_published_in>Dragon Magazine 380, page(s) 43. </power_published_in><power_dndinsider_id>10071</power_dndinsider_id><formatOutput>1</formatOutput></Power>
