<?xml version="1.0"?>
<Power><power_name>Wand Coupling</power_name><power_class_and_level>Wizard Attack 17</power_class_and_level><power_flavor>You release a blast of energy from your wand, and as that energy flows outward, it pulses briefly and brightly with a secondary surge of magic.</power_flavor><power_frequency>Encounter</power_frequency><power_keywords>Arcane, Evocation, Implement</power_keywords><power_action_type>Standard Action</power_action_type><power_range_and_aoe>Ranged 10</power_range_and_aoe><power_rules>Requirement: You must be wielding a wand.
Target: One creature
Attack: Intelligence vs. Reflex
Hit: 3d6 + Intelligence modifier damage, and you push the target 3 squares. If your wand has an unexpended magic item encounter power, you can use that power as a free action.</power_rules><power_rules_html>&lt;span class="flavor"&gt;&lt;b&gt;Requirement: &lt;/b&gt;You must be wielding a wand.&lt;/span&gt;
&lt;span class="flavor"&gt;&lt;b&gt;Target: &lt;/b&gt;One creature&lt;/span&gt;
&lt;span class="flavor"&gt;&lt;b&gt;Attack: &lt;/b&gt;Intelligence vs. Reflex&lt;/span&gt;
&lt;span class="flavor"&gt;&lt;b&gt;Hit: &lt;/b&gt;3d6 + Intelligence modifier damage, and you push the target 3 squares. If your wand has an unexpended magic item encounter power, you can use that power as a free action.&lt;/span&gt;
</power_rules_html><power_published_in>Dragon Magazine 380, page(s) 43. </power_published_in><power_dndinsider_id>10075</power_dndinsider_id><formatOutput>1</formatOutput></Power>
