<?xml version="1.0"?>
<Power><power_name>Tome of Transposition</power_name><power_class_and_level>Wizard Attack 9</power_class_and_level><power_flavor>You open your tome to a page of secrets and flood your foe&#x2019;s mind with them, causing its weak brain to overload.</power_flavor><power_frequency>Daily</power_frequency><power_keywords>Arcane, Enchantment, Implement, Psychic</power_keywords><power_action_type>Standard Action</power_action_type><power_range_and_aoe>Ranged 20</power_range_and_aoe><power_rules>Requirement: You must be wielding a tome.
Attack: Intelligence vs. Reflex
Target: One creature
Hit: 4d6 + Intelligence modifier psychic damage, and the target is dazed (save ends).
Miss: Choose another ranged daily spell of equal or lower level to this power from your spellbook. Immediately cast that spell. It must target your original target and it deals half damage.</power_rules><power_rules_html>&lt;span class="flavor"&gt;&lt;b&gt;Requirement: &lt;/b&gt;You must be wielding a tome.&lt;/span&gt;
&lt;span class="flavor"&gt;&lt;b&gt;Attack: &lt;/b&gt;Intelligence vs. Reflex&lt;/span&gt;
&lt;span class="flavor"&gt;&lt;b&gt;Target: &lt;/b&gt;One creature&lt;/span&gt;
&lt;span class="flavor"&gt;&lt;b&gt;Hit: &lt;/b&gt;4d6 + Intelligence modifier psychic damage, and the target is dazed (save ends).&lt;/span&gt;
&lt;span class="flavor"&gt;&lt;b&gt;Miss: &lt;/b&gt;Choose another ranged daily spell of equal or lower level to this power from your spellbook. Immediately cast that spell. It must target your original target and it deals half damage.&lt;/span&gt;
</power_rules_html><power_published_in>Dragon Magazine 380, page(s) 43. </power_published_in><power_dndinsider_id>10073</power_dndinsider_id><formatOutput>1</formatOutput></Power>
