<?xml version="1.0"?>
<Power><power_name>Orb of Doom</power_name><power_class_and_level>Wizard Attack 27</power_class_and_level><power_flavor>You create a replica of your orb around your foes, trapping them in a crystalline prison.</power_flavor><power_frequency>Encounter</power_frequency><power_keywords>Arcane, Evocation, Implement</power_keywords><power_action_type>Standard Action</power_action_type><power_range_and_aoe>Area burst 3 within 20</power_range_and_aoe><power_rules>Requirement: You must be wielding an orb.
Target: Each enemy in the burst
Attack: Intelligence vs. Will
Hit: Until the end of your next turn, the target is restrained, cannot teleport, and takes a &#x2013;5 penalty to attack rolls against creatures outside the area of the burst.</power_rules><power_rules_html>&lt;span class="flavor"&gt;&lt;b&gt;Requirement: &lt;/b&gt;You must be wielding an orb.&lt;/span&gt;
&lt;span class="flavor"&gt;&lt;b&gt;Target: &lt;/b&gt;Each enemy in the burst&lt;/span&gt;
&lt;span class="flavor"&gt;&lt;b&gt;Attack: &lt;/b&gt;Intelligence vs. Will&lt;/span&gt;
&lt;span class="flavor"&gt;&lt;b&gt;Hit: &lt;/b&gt;Until the end of your next turn, the target is restrained, cannot teleport, and takes a &#x2013;5 penalty to attack rolls against creatures outside the area of the burst.&lt;/span&gt;
</power_rules_html><power_published_in>Dragon Magazine 380, page(s) 43. </power_published_in><power_dndinsider_id>10078</power_dndinsider_id><formatOutput>1</formatOutput></Power>
