<?xml version="1.0"?>
<Power><power_name>Seized Destiny</power_name><power_class_and_level>Cleric Utility 6</power_class_and_level><power_flavor>You foster courage where fear reigns, and you provide strength where weakness rules.</power_flavor><power_frequency>Daily</power_frequency><power_keywords>Divine</power_keywords><power_action_type>Standard Action</power_action_type><power_range_and_aoe>Close burst 5</power_range_and_aoe><power_rules>Target: You and each ally in the burst
Effect: The target gains temporary hit points equal to 5 + your Wisdom modifier and gains a +2 power bonus to Will until the end of the encounter.</power_rules><power_rules_html>&lt;span class="flavor"&gt;&lt;b&gt;Target: &lt;/b&gt;You and each ally in the burst&lt;/span&gt;
&lt;span class="flavor"&gt;&lt;b&gt;Effect: &lt;/b&gt;The target gains temporary hit points equal to 5 + your Wisdom modifier and gains a +2 power bonus to Will until the end of the encounter.&lt;/span&gt;
</power_rules_html><power_published_in>Dragon Magazine 380, page(s) 61. </power_published_in><power_dndinsider_id>10089</power_dndinsider_id><formatOutput>1</formatOutput></Power>
