<?xml version="1.0"?>
<Power><power_name>Chains of Letherna</power_name><power_class_and_level>Avenger Attack 17</power_class_and_level><power_flavor>You invoke your god&#x2019;s power to bind your enemy in icy chains until you can visit the divine vengeance its presence demands.</power_flavor><power_frequency>Encounter</power_frequency><power_keywords>Cold, Divine, Implement</power_keywords><power_action_type>Standard Action</power_action_type><power_range_and_aoe>Ranged 5</power_range_and_aoe><power_rules>Target: One creature
Attack: Wisdom vs. Reflex
Hit: 1d10 + Wisdom cold damage, and the target is immobilized until the end of your next turn. Until the end of your next turn, any enemy that ends its turn in a space adjacent to the target takes cold damage equal to your Wisdom modifier.</power_rules><power_rules_html>&lt;span class="flavor"&gt;&lt;b&gt;Target: &lt;/b&gt;One creature&lt;/span&gt;
&lt;span class="flavor"&gt;&lt;b&gt;Attack: &lt;/b&gt;Wisdom vs. Reflex&lt;/span&gt;
&lt;span class="flavor"&gt;&lt;b&gt;Hit: &lt;/b&gt;1d10 + Wisdom cold damage, and the target is immobilized until the end of your next turn. Until the end of your next turn, any enemy that ends its turn in a space adjacent to the target takes cold damage equal to your Wisdom modifier.&lt;/span&gt;
</power_rules_html><power_published_in>Dragon Magazine 380, page(s) 60. </power_published_in><power_dndinsider_id>10085</power_dndinsider_id><formatOutput>1</formatOutput></Power>
