<?xml version="1.0"?>
<Power><power_name>Curse of Misfortune</power_name><power_class_and_level>Cleric Attack 1</power_class_and_level><power_flavor>Fate intervenes and consigns the enemy to defeat as its attacks fail and its stratagems lead to ruin.</power_flavor><power_frequency>Daily</power_frequency><power_keywords>Divine, Implement, Psychic</power_keywords><power_action_type>Standard Action</power_action_type><power_range_and_aoe>Close burst 3</power_range_and_aoe><power_rules>Target: Each enemy in the burst
Attack: Strength or Wisdom vs. Will
Hit: Whenever the target makes an attack roll, it rolls twice and uses the lower result (save ends).
Aftereffect: The target takes 10 psychic damage.
Miss: The target takes 10 psychic damage.</power_rules><power_rules_html>&lt;span class="flavor"&gt;&lt;b&gt;Target: &lt;/b&gt;Each enemy in the burst&lt;/span&gt;
&lt;span class="flavor"&gt;&lt;b&gt;Attack: &lt;/b&gt;Strength or Wisdom vs. Will&lt;/span&gt;
&lt;span class="flavor"&gt;&lt;b&gt;Hit: &lt;/b&gt;Whenever the target makes an attack roll, it rolls twice and uses the lower result (save ends).&lt;/span&gt;
&lt;span class="flavor"&gt;&lt;b&gt;Aftereffect: &lt;/b&gt;The target takes 10 psychic damage.&lt;/span&gt;
&lt;span class="flavor"&gt;&lt;b&gt;Miss: &lt;/b&gt;The target takes 10 psychic damage.&lt;/span&gt;
</power_rules_html><power_published_in>Dragon Magazine 380, page(s) 61. </power_published_in><power_dndinsider_id>10088</power_dndinsider_id><formatOutput>1</formatOutput></Power>
