<?xml version="1.0"?>
<Power><power_name>Rotting Wound</power_name><power_class_and_level>Avenger Attack 5</power_class_and_level><power_flavor>Putrescence weeps from the wound you bestow, rotting your enemy from the inside out.</power_flavor><power_frequency>Daily</power_frequency><power_keywords>Divine, Necrotic, Weapon</power_keywords><power_action_type>Standard Action</power_action_type><power_range_and_aoe>Melee weapon</power_range_and_aoe><power_rules>Target: One creature
Attack: Wisdom vs. Fortitude
Hit: 2[W] + Wisdom modifier necrotic damage.
Miss: Half damage.
Effect: Until the end of the encounter, if the target makes an attack on its turn, it takes a &#x2013;2 penalty to saving throws at the end of that turn.</power_rules><power_rules_html>&lt;span class="flavor"&gt;&lt;b&gt;Target: &lt;/b&gt;One creature&lt;/span&gt;
&lt;span class="flavor"&gt;&lt;b&gt;Attack: &lt;/b&gt;Wisdom vs. Fortitude&lt;/span&gt;
&lt;span class="flavor"&gt;&lt;b&gt;Hit: &lt;/b&gt;2[W] + Wisdom modifier necrotic damage.&lt;/span&gt;
&lt;span class="flavor"&gt;&lt;b&gt;Miss: &lt;/b&gt;Half damage.&lt;/span&gt;
&lt;span class="flavor"&gt;&lt;b&gt;Effect: &lt;/b&gt;Until the end of the encounter, if the target makes an attack on its turn, it takes a &#x2013;2 penalty to saving throws at the end of that turn.&lt;/span&gt;
</power_rules_html><power_published_in>Dragon Magazine 380, page(s) 60. </power_published_in><power_dndinsider_id>10083</power_dndinsider_id><formatOutput>1</formatOutput></Power>
