<?xml version="1.0"?>
<Power><power_name>Steel Serpent Strike</power_name><power_class_and_level>Fighter Attack 1</power_class_and_level><power_flavor>You lash out with the speed of a striking serpent, hitting your foe in a vulnerable area that hinders its movement.</power_flavor><power_frequency>Encounter</power_frequency><power_keywords>Martial, Weapon</power_keywords><power_action_type>Standard Action</power_action_type><power_range_and_aoe>Melee weapon</power_range_and_aoe><power_rules>Target: One creature
Attack: Strength vs. AC
Hit: 2[W] + Strength modifier damage, and the target is slowed and cannot shift until the end of your next turn.</power_rules><power_rules_html>&lt;span class="flavor"&gt;&lt;b&gt;Target: &lt;/b&gt;One creature&lt;/span&gt;
&lt;span class="flavor"&gt;&lt;b&gt;Attack: &lt;/b&gt;Strength vs. AC&lt;/span&gt;
&lt;span class="flavor"&gt;&lt;b&gt;Hit: &lt;/b&gt;2[W] + Strength modifier damage, and the target is slowed and cannot shift until the end of your next turn.&lt;/span&gt;
</power_rules_html><power_published_in>Player's Handbook, page(s) 78, Class Compendium.</power_published_in><power_dndinsider_id>1008</power_dndinsider_id><formatOutput>1</formatOutput></Power>
