<?xml version="1.0"?>
<Power><power_name>Raven Wings</power_name><power_class_and_level>Avenger Utility 22</power_class_and_level><power_flavor>Death&#x2019;s shroud falls upon you, but your god intercedes and spares you from the approaching doom.</power_flavor><power_frequency>Daily</power_frequency><power_keywords>Divine, Healing, Teleportation</power_keywords><power_action_type>No Action</power_action_type><power_range_and_aoe>Personal </power_range_and_aoe><power_rules>Trigger: An attack drops you to 0 hit points or fewer
Effect: You teleport 5 squares and can spend a healing surge.</power_rules><power_rules_html>&lt;span class="flavor"&gt;&lt;b&gt;Trigger: &lt;/b&gt;An attack drops you to 0 hit points or fewer&lt;/span&gt;
&lt;span class="flavor"&gt;&lt;b&gt;Effect: &lt;/b&gt;You teleport 5 squares and can spend a healing surge.&lt;/span&gt;
</power_rules_html><power_published_in>Dragon Magazine 380, page(s) 60. </power_published_in><power_dndinsider_id>10087</power_dndinsider_id><formatOutput>1</formatOutput></Power>
