<?xml version="1.0"?>
<Power><power_name>Decaying Presence</power_name><power_class_and_level>Avenger Utility 10</power_class_and_level><power_flavor>Your presence decays your enemy&#x2019;s defenses, allowing your prayers to strike without interference.</power_flavor><power_frequency>Daily</power_frequency><power_keywords>Divine</power_keywords><power_action_type>Minor Action</power_action_type><power_range_and_aoe>Personal </power_range_and_aoe><power_rules>Effect: Choose one resistance to a damage type possessed by your oath of enmity target. Until you reduce your oath of enmity target to 0 hit points, any enemy adjacent to you does not benefit from any resistance to this damage type.</power_rules><power_rules_html>&lt;span class="flavor"&gt;&lt;b&gt;Effect: &lt;/b&gt;Choose one resistance to a damage type possessed by your oath of enmity target. Until you reduce your oath of enmity target to 0 hit points, any enemy adjacent to you does not benefit from any resistance to this damage type.&lt;/span&gt;
</power_rules_html><power_published_in>Dragon Magazine 380, page(s) 60. </power_published_in><power_dndinsider_id>10084</power_dndinsider_id><formatOutput>1</formatOutput></Power>
