<?xml version="1.0"?>
<Power><power_name>Rictus Grin</power_name><power_class_and_level>Avenger Attack 1</power_class_and_level><power_flavor>Your features twist in a deathly grimace, striking terror in those around you.</power_flavor><power_frequency>Encounter</power_frequency><power_keywords>Divine, Fear, Weapon</power_keywords><power_action_type>Standard Action</power_action_type><power_range_and_aoe>Melee weapon</power_range_and_aoe><power_rules>Target: One creature
Attack: Wisdom vs. AC
Hit: 2[W] + Wisdom modifier damage. Until the end of your next turn, any enemy adjacent to you takes a &#x2212;2 penalty to attack rolls.</power_rules><power_rules_html>&lt;span class="flavor"&gt;&lt;b&gt;Target: &lt;/b&gt;One creature&lt;/span&gt;
&lt;span class="flavor"&gt;&lt;b&gt;Attack: &lt;/b&gt;Wisdom vs. AC&lt;/span&gt;
&lt;span class="flavor"&gt;&lt;b&gt;Hit: &lt;/b&gt;2[W] + Wisdom modifier damage. Until the end of your next turn, any enemy adjacent to you takes a &#x2212;2 penalty to attack rolls.&lt;/span&gt;
</power_rules_html><power_published_in>Dragon Magazine 380, page(s) 60. </power_published_in><power_dndinsider_id>10082</power_dndinsider_id><formatOutput>1</formatOutput></Power>
