<?xml version="1.0"?>
<Power><power_name>Leprous Wound</power_name><power_class_and_level>Avenger Attack 19</power_class_and_level><power_flavor>Your dire strike causes your enemy to fall to pieces.</power_flavor><power_frequency>Daily</power_frequency><power_keywords>Divine, Necrotic, Weapon</power_keywords><power_action_type>Standard Action</power_action_type><power_range_and_aoe>Melee weapon</power_range_and_aoe><power_rules>Target: One creature
Attack: Wisdom vs. Fortitude
Hit: 2[W] + Wisdom modifier necrotic damage. Whenever the target takes damage from an attack, it takes 10 extra necrotic damage and is slowed until the end of your next turn (save ends).
Miss: Half damage, and the target takes 10 necrotic damage the next time an attack hits it before the start of your next turn.</power_rules><power_rules_html>&lt;span class="flavor"&gt;&lt;b&gt;Target: &lt;/b&gt;One creature&lt;/span&gt;
&lt;span class="flavor"&gt;&lt;b&gt;Attack: &lt;/b&gt;Wisdom vs. Fortitude&lt;/span&gt;
&lt;span class="flavor"&gt;&lt;b&gt;Hit: &lt;/b&gt;2[W] + Wisdom modifier necrotic damage. Whenever the target takes damage from an attack, it takes 10 extra necrotic damage and is slowed until the end of your next turn (save ends).&lt;/span&gt;
&lt;span class="flavor"&gt;&lt;b&gt;Miss: &lt;/b&gt;Half damage, and the target takes 10 necrotic damage the next time an attack hits it before the start of your next turn.&lt;/span&gt;
</power_rules_html><power_published_in>Dragon Magazine 380, page(s) 60. </power_published_in><power_dndinsider_id>10086</power_dndinsider_id><formatOutput>1</formatOutput></Power>
