<?xml version="1.0"?>
<Power><power_name>Librus Phantasma</power_name><power_class_and_level>Tome Adept Attack 20</power_class_and_level><power_flavor>You open your tome and your foe flows into the book, where it must navigate through an eldritch labyrinth before returning to reality.</power_flavor><power_frequency>Daily</power_frequency><power_keywords>Arcane, Implement, Reliable</power_keywords><power_action_type>Standard Action</power_action_type><power_range_and_aoe>Ranged 10</power_range_and_aoe><power_rules>Requirement: You must be wielding a tome
Target: One creature
Attack: Intelligence vs. Will
Hit: The target is trapped in your tome (save ends). While trapped, the target ceases to exist and can take no actions until it saves. It has line of sight and line of effect to no creature, and no creature has line of sight or line of effect to it. When the target saves, it reappears wherever it was when it was hit by this spell. If that square is occupied, it reappears in the nearest available square of the target&#x2019;s choice.</power_rules><power_rules_html>&lt;span class="flavor"&gt;&lt;b&gt;Requirement: &lt;/b&gt;You must be wielding a tome&lt;/span&gt;
&lt;span class="flavor"&gt;&lt;b&gt;Target: &lt;/b&gt;One creature&lt;/span&gt;
&lt;span class="flavor"&gt;&lt;b&gt;Attack: &lt;/b&gt;Intelligence vs. Will&lt;/span&gt;
&lt;span class="flavor"&gt;&lt;b&gt;Hit: &lt;/b&gt;The target is trapped in your tome (save ends). While trapped, the target ceases to exist and can take no actions until it saves. It has line of sight and line of effect to no creature, and no creature has line of sight or line of effect to it. When the target saves, it reappears wherever it was when it was hit by this spell. If that square is occupied, it reappears in the nearest available square of the target&#x2019;s choice.&lt;/span&gt;
</power_rules_html><power_published_in>Dragon Magazine 380, page(s) 44. </power_published_in><power_dndinsider_id>10080</power_dndinsider_id><formatOutput>1</formatOutput></Power>
