<?xml version="1.0"?>
<Power><power_name>Ritual Master</power_name><power_class_and_level>Tome Adept Utility 12</power_class_and_level><power_flavor>Your constant study has revealed the secrets of mysteries that archmages haven&#x2019;t solved.</power_flavor><power_frequency>Daily</power_frequency><power_keywords>Arcane</power_keywords><power_action_type>Free Action</power_action_type><power_range_and_aoe>Personal </power_range_and_aoe><power_rules>Effect: You gain a +10 power bonus to a single ritual skill check.</power_rules><power_rules_html>&lt;span class="flavor"&gt;&lt;b&gt;Effect: &lt;/b&gt;You gain a +10 power bonus to a single ritual skill check.&lt;/span&gt;
</power_rules_html><power_published_in>Dragon Magazine 380, page(s) 44. </power_published_in><power_dndinsider_id>10081</power_dndinsider_id><formatOutput>1</formatOutput></Power>
