<?xml version="1.0"?>
<Power><power_name>Vengeful Dead</power_name><power_class_and_level>Invoker Utility 16</power_class_and_level><power_flavor>When your ally falls, you intone a dread word to bind its spirit to the flesh, causing the companion to rise again and fight on your behalf.</power_flavor><power_frequency>Daily</power_frequency><power_keywords>Divine</power_keywords><power_action_type>Minor Action</power_action_type><power_range_and_aoe>Ranged 10</power_range_and_aoe><power_rules>Target: One dead ally
Effect: The target becomes an undead ally until the end of the encounter. The target regains hit points equal to its bloodied value and gains the undead keyword. It is slowed, immune to disease and poison, has resist 10 necrotic and vulnerable 5 radiant, and its melee attacks deal extra necrotic damage equal to your Wisdom modifier. The target is otherwise unchanged and can act normally. At the end of the encounter, the ally dies, but can be brought back to life with the Raise Dead ritual or similar means.</power_rules><power_rules_html>&lt;span class="flavor"&gt;&lt;b&gt;Target: &lt;/b&gt;One dead ally&lt;/span&gt;
&lt;span class="flavor"&gt;&lt;b&gt;Effect: &lt;/b&gt;The target becomes an undead ally until the end of the encounter. The target regains hit points equal to its bloodied value and gains the undead keyword. It is slowed, immune to disease and poison, has resist 10 necrotic and vulnerable 5 radiant, and its melee attacks deal extra necrotic damage equal to your Wisdom modifier. The target is otherwise unchanged and can act normally. At the end of the encounter, the ally dies, but can be brought back to life with the Raise Dead ritual or similar means.&lt;/span&gt;
</power_rules_html><power_published_in>Dragon Magazine 380, page(s) 61. </power_published_in><power_dndinsider_id>10096</power_dndinsider_id><formatOutput>1</formatOutput></Power>
