<?xml version="1.0"?>
<Power><power_name>Age's Infirmity</power_name><power_class_and_level>Invoker Attack 23</power_class_and_level><power_flavor>Your command sees the enemy age rapidly, forcing time&#x2019;s ravages to come crashing in if only for a moment.</power_flavor><power_frequency>Encounter</power_frequency><power_keywords>Divine, Implement, Necrotic</power_keywords><power_action_type>Standard Action</power_action_type><power_range_and_aoe>Area burst 1 within 10 squares</power_range_and_aoe><power_rules>Target: Each creature in the burst
Attack: Wisdom vs. Fortitude
Hit: 1d10 + Wisdom necrotic damage, and the target is slowed and weakened until the end of your next turn.</power_rules><power_rules_html>&lt;span class="flavor"&gt;&lt;b&gt;Target: &lt;/b&gt;Each creature in the burst&lt;/span&gt;
&lt;span class="flavor"&gt;&lt;b&gt;Attack: &lt;/b&gt;Wisdom vs. Fortitude&lt;/span&gt;
&lt;span class="flavor"&gt;&lt;b&gt;Hit: &lt;/b&gt;1d10 + Wisdom necrotic damage, and the target is slowed and weakened until the end of your next turn.&lt;/span&gt;
</power_rules_html><power_published_in>Dragon Magazine 380, page(s) 62. </power_published_in><power_dndinsider_id>10097</power_dndinsider_id><formatOutput>1</formatOutput></Power>
