<?xml version="1.0"?>
<Power><power_name>Breath of the Raven Queen</power_name><power_class_and_level>Cleric Attack 19</power_class_and_level><power_flavor>You release the Raven Queen&#x2019;s breath to assail your enemies, binding them in black ice to leach strength from their bodies and their souls.</power_flavor><power_frequency>Daily</power_frequency><power_keywords>Cold, Divine, Implement, Necrotic</power_keywords><power_action_type>Standard Action</power_action_type><power_range_and_aoe>Close blast 5</power_range_and_aoe><power_rules>Target: Each creature in the blast
Attack: Strength or Wisdom vs. Fortitude
Hit: 3d6 + Wisdom modifier cold damage, and the target is immobilized (save ends).
First Failed Saving Throw: The target is restrained instead of immobilized (save ends).
Second Failed Saving Throw: The target also takes ongoing 10 necrotic damage (save ends).
Miss: 3d6 cold damage.</power_rules><power_rules_html>&lt;span class="flavor"&gt;&lt;b&gt;Target: &lt;/b&gt;Each creature in the blast&lt;/span&gt;
&lt;span class="flavor"&gt;&lt;b&gt;Attack: &lt;/b&gt;Strength or Wisdom vs. Fortitude&lt;/span&gt;
&lt;span class="flavor"&gt;&lt;b&gt;Hit: &lt;/b&gt;3d6 + Wisdom modifier cold damage, and the target is immobilized (save ends).&lt;/span&gt;
&lt;span class="flavor"&gt;&lt;b&gt;First Failed Saving Throw: &lt;/b&gt;The target is restrained instead of immobilized (save ends).&lt;/span&gt;
&lt;span class="flavor"&gt;&lt;b&gt;Second Failed Saving Throw: &lt;/b&gt;The target also takes ongoing 10 necrotic damage (save ends).&lt;/span&gt;
&lt;span class="flavor"&gt;&lt;b&gt;Miss: &lt;/b&gt;3d6 cold damage.&lt;/span&gt;
</power_rules_html><power_published_in>Dragon Magazine 380, page(s) 61. </power_published_in><power_dndinsider_id>10091</power_dndinsider_id><formatOutput>1</formatOutput></Power>
