<?xml version="1.0"?>
<Power><power_name>Death's Denial</power_name><power_class_and_level>Invoker Utility 2</power_class_and_level><power_flavor>Your utterance prevents death from claiming new victims.</power_flavor><power_frequency>Encounter</power_frequency><power_keywords>Divine, Healing, Zone</power_keywords><power_action_type>Standard Action</power_action_type><power_range_and_aoe>Close burst 5</power_range_and_aoe><power_rules>Effect: The burst creates a zone of divine power that lasts until the end of your next turn. When a nonbloodied ally within the zone becomes bloodied or drops to 0 hit points or fewer, that creature can spend a healing surge.</power_rules><power_rules_html>&lt;span class="flavor"&gt;&lt;b&gt;Effect: &lt;/b&gt;The burst creates a zone of divine power that lasts until the end of your next turn. When a nonbloodied ally within the zone becomes bloodied or drops to 0 hit points or fewer, that creature can spend a healing surge.&lt;/span&gt;
</power_rules_html><power_published_in>Dragon Magazine 380, page(s) 61. </power_published_in><power_dndinsider_id>10093</power_dndinsider_id><formatOutput>1</formatOutput></Power>
