<?xml version="1.0"?>
<Power><power_name>Fortune Spurned Smite</power_name><power_class_and_level>Paladin Attack 3</power_class_and_level><power_flavor>Your weapon burns with dark flames. What the flames touch becomes craven and fearful, which are traits despised by fortune.</power_flavor><power_frequency>Encounter</power_frequency><power_keywords>Divine, Fear, Necrotic, Weapon</power_keywords><power_action_type>Standard Action</power_action_type><power_range_and_aoe>Melee weapon</power_range_and_aoe><power_rules>Target: One creature
Attack: Strength or Charisma vs. Fortitude
Hit: 2[W] + Strength or Charisma modifier necrotic damage. The next time the target takes damage before the start of your next turn, it moves up to its speed away from you.</power_rules><power_rules_html>&lt;span class="flavor"&gt;&lt;b&gt;Target: &lt;/b&gt;One creature&lt;/span&gt;
&lt;span class="flavor"&gt;&lt;b&gt;Attack: &lt;/b&gt;Strength or Charisma vs. Fortitude&lt;/span&gt;
&lt;span class="flavor"&gt;&lt;b&gt;Hit: &lt;/b&gt;2[W] + Strength or Charisma modifier necrotic damage. The next time the target takes damage before the start of your next turn, it moves up to its speed away from you.&lt;/span&gt;
</power_rules_html><power_published_in>Dragon Magazine 380, page(s) 62. </power_published_in><power_dndinsider_id>10099</power_dndinsider_id><formatOutput>1</formatOutput></Power>
