<?xml version="1.0"?>
<Power><power_name>Death's Dread Whisper</power_name><power_class_and_level>Invoker Attack 7</power_class_and_level><power_flavor>Your voice drops to a whisper and from your mouth issues your enemies&#x2019; undoing.</power_flavor><power_frequency>Encounter</power_frequency><power_keywords>Divine, Implement</power_keywords><power_action_type>Standard Action</power_action_type><power_range_and_aoe>Close blast 5</power_range_and_aoe><power_rules>Target: Each creature in the blast
Attack: Wisdom vs. Fortitude
Hit: The target is dazed and takes a &#x2212;2 penalty to attack rolls until the end of your next turn.</power_rules><power_rules_html>&lt;span class="flavor"&gt;&lt;b&gt;Target: &lt;/b&gt;Each creature in the blast&lt;/span&gt;
&lt;span class="flavor"&gt;&lt;b&gt;Attack: &lt;/b&gt;Wisdom vs. Fortitude&lt;/span&gt;
&lt;span class="flavor"&gt;&lt;b&gt;Hit: &lt;/b&gt;The target is dazed and takes a &#x2212;2 penalty to attack rolls until the end of your next turn.&lt;/span&gt;
</power_rules_html><power_published_in>Dragon Magazine 380, page(s) 61. </power_published_in><power_dndinsider_id>10094</power_dndinsider_id><formatOutput>1</formatOutput></Power>
