<?xml version="1.0"?>
<Power><power_name>Vile Plague</power_name><power_class_and_level>Invoker Attack 15</power_class_and_level><power_flavor>At your command, the ground releases ancient plagues once used to harvest new souls for the Lord of the Dead.</power_flavor><power_frequency>Daily</power_frequency><power_keywords>Divine, Implement, Necrotic, Poison</power_keywords><power_action_type>Standard Action</power_action_type><power_range_and_aoe>Area burst 5 within 10 squares</power_range_and_aoe><power_rules>Target: Each creature in the burst
Attack: Wisdom vs. Fortitude
Hit: The target suffers the vile plague (save ends). A target suffering from the vile plague is dazed, slowed, and takes ongoing 10 necrotic and poison damage. In addition, all creatures adjacent to the target suffering from the vile plague at the end of their turn take 5 necrotic damage.
Miss: The target takes 10 necrotic and poison damage, and it is slowed until the end of its next turn.</power_rules><power_rules_html>&lt;span class="flavor"&gt;&lt;b&gt;Target: &lt;/b&gt;Each creature in the burst&lt;/span&gt;
&lt;span class="flavor"&gt;&lt;b&gt;Attack: &lt;/b&gt;Wisdom vs. Fortitude&lt;/span&gt;
&lt;span class="flavor"&gt;&lt;b&gt;Hit: &lt;/b&gt;The target suffers the vile plague (save ends). A target suffering from the vile plague is dazed, slowed, and takes ongoing 10 necrotic and poison damage. In addition, all creatures adjacent to the target suffering from the vile plague at the end of their turn take 5 necrotic damage.&lt;/span&gt;
&lt;span class="flavor"&gt;&lt;b&gt;Miss: &lt;/b&gt;The target takes 10 necrotic and poison damage, and it is slowed until the end of its next turn.&lt;/span&gt;
</power_rules_html><power_published_in>Dragon Magazine 380, page(s) 61. </power_published_in><power_dndinsider_id>10095</power_dndinsider_id><formatOutput>1</formatOutput></Power>
