<?xml version="1.0"?>
<Power><power_name>Harm</power_name><power_class_and_level>Invoker Attack 29</power_class_and_level><power_flavor>You speed your enemy to death&#x2019;s door by draining its life and vitality with one cruel command.</power_flavor><power_frequency>Daily</power_frequency><power_keywords>Divine, Implement, Necrotic</power_keywords><power_action_type>Standard Action</power_action_type><power_range_and_aoe>Melee touch</power_range_and_aoe><power_rules>Primary Target: One creature
Primary Attack: Wisdom vs. Fortitude
Hit: 7d10 + Wisdom modifier necrotic damage. If this attack bloodies the target, it takes 1d10 extra damage.
Miss: Half damage.
Effect: You make a close burst 5 secondary attack. This attack gains the fear keyword.
Secondary Target: Each enemy in the burst that can see you
Secondary Attack: Wisdom vs. Will
Hit: The target chooses to move its speed away from you or takes a &#x2212;2 penalty to attack rolls until the end of the encounter.</power_rules><power_rules_html>&lt;span class="flavor"&gt;&lt;b&gt;Primary Target: &lt;/b&gt;One creature&lt;/span&gt;
&lt;span class="flavor"&gt;&lt;b&gt;Primary Attack: &lt;/b&gt;Wisdom vs. Fortitude&lt;/span&gt;
&lt;span class="flavor"&gt;&lt;b&gt;Hit: &lt;/b&gt;7d10 + Wisdom modifier necrotic damage. If this attack bloodies the target, it takes 1d10 extra damage.&lt;/span&gt;
&lt;span class="flavor"&gt;&lt;b&gt;Miss: &lt;/b&gt;Half damage.&lt;/span&gt;
&lt;span class="flavor"&gt;&lt;b&gt;Effect: &lt;/b&gt;You make a close burst 5 secondary attack. This attack gains the fear keyword.&lt;/span&gt;
&lt;span class="flavor"&gt;&lt;b&gt;Secondary Target: &lt;/b&gt;Each enemy in the burst that can see you&lt;/span&gt;
&lt;span class="flavor"&gt;&lt;b&gt;Secondary Attack: &lt;/b&gt;Wisdom vs. Will&lt;/span&gt;
&lt;span class="flavor"&gt;&lt;b&gt;Hit: &lt;/b&gt;The target chooses to move its speed away from you or takes a &#x2212;2 penalty to attack rolls until the end of the encounter.&lt;/span&gt;
</power_rules_html><power_published_in>Dragon Magazine 380, page(s) 62. </power_published_in><power_dndinsider_id>10098</power_dndinsider_id><formatOutput>1</formatOutput></Power>
