<?xml version="1.0"?>
<Power><power_name>Death for Death</power_name><power_class_and_level>Cleric Utility 22</power_class_and_level><power_flavor>You pluck fate&#x2019;s strings to alter the outcome of your ally&#x2019;s attack.</power_flavor><power_frequency>Daily</power_frequency><power_keywords>Divine</power_keywords><power_action_type>Immediate Interrupt</power_action_type><power_range_and_aoe>Ranged 5</power_range_and_aoe><power_rules>Trigger: An ally misses with an attack
Target: The triggering ally
Effect: The ally loses 1 healing surge and rerolls the attack with a bonus to the attack equal to your Wisdom modifier. If the ally doesn&#x2019;t have a healing surge to lose, he or she instead loses hit points equal to his or her surge value.</power_rules><power_rules_html>&lt;span class="flavor"&gt;&lt;b&gt;Trigger: &lt;/b&gt;An ally misses with an attack&lt;/span&gt;
&lt;span class="flavor"&gt;&lt;b&gt;Target: &lt;/b&gt;The triggering ally&lt;/span&gt;
&lt;span class="flavor"&gt;&lt;b&gt;Effect: &lt;/b&gt;The ally loses 1 healing surge and rerolls the attack with a bonus to the attack equal to your Wisdom modifier. If the ally doesn&#x2019;t have a healing surge to lose, he or she instead loses hit points equal to his or her surge value.&lt;/span&gt;
</power_rules_html><power_published_in>Dragon Magazine 380, page(s) 61. </power_published_in><power_dndinsider_id>10092</power_dndinsider_id><formatOutput>1</formatOutput></Power>
