<?xml version="1.0"?>
<Power><power_name>Union of Three Fates</power_name><power_class_and_level>Cleric Attack 13</power_class_and_level><power_flavor>Three inky tendrils emerge from your target, and those touched by the malignant appendages learn their fates, for good or ill.</power_flavor><power_frequency>Encounter</power_frequency><power_keywords>Cold, Divine, Healing, Implement, Necrotic</power_keywords><power_action_type>Standard Action</power_action_type><power_range_and_aoe>Ranged 10</power_range_and_aoe><power_rules>Target: One creature
Attack: Strength or Wisdom vs. Fortitude
Hit: 1d10 + Wisdom modifier cold and necrotic damage. Choose one, two, or three creatures within 5 squares of the target. One creature can spend a healing surge. Another creature takes 1d10 cold damage. And one creature takes 1d10 necrotic damage.</power_rules><power_rules_html>&lt;span class="flavor"&gt;&lt;b&gt;Target: &lt;/b&gt;One creature&lt;/span&gt;
&lt;span class="flavor"&gt;&lt;b&gt;Attack: &lt;/b&gt;Strength or Wisdom vs. Fortitude&lt;/span&gt;
&lt;span class="flavor"&gt;&lt;b&gt;Hit: &lt;/b&gt;1d10 + Wisdom modifier cold and necrotic damage. Choose one, two, or three creatures within 5 squares of the target. One creature can spend a healing surge. Another creature takes 1d10 cold damage. And one creature takes 1d10 necrotic damage.&lt;/span&gt;
</power_rules_html><power_published_in>Dragon Magazine 380, page(s) 61. </power_published_in><power_dndinsider_id>10090</power_dndinsider_id><formatOutput>1</formatOutput></Power>
