<?xml version="1.0"?>
<Power><power_name>Fated Outcome</power_name><power_class_and_level>Soul Reaper Utility 12</power_class_and_level><power_flavor>All has been foreseen because each outcome has already unfolded in the Raven Queen&#x2019;s eyes.</power_flavor><power_frequency>Encounter</power_frequency><power_keywords>Divine</power_keywords><power_action_type>Immediate Interrupt</power_action_type><power_range_and_aoe>Ranged 10</power_range_and_aoe><power_rules>Trigger: One ally within range of you misses on an attack roll, fails a saving throw, or fails a skill check.
Effect: The ally rerolls the attack roll, the saving throw, or the skill check, adding your Strength, Wisdom, or Charisma modifier to it.
Special: When you gain this power, choose Strength, Wisdom, or Charisma as the ability you use with this power.</power_rules><power_rules_html>&lt;span class="flavor"&gt;&lt;b&gt;Trigger: &lt;/b&gt;One ally within range of you misses on an attack roll, fails a saving throw, or fails a skill check.&lt;/span&gt;
&lt;span class="flavor"&gt;&lt;b&gt;Effect: &lt;/b&gt;The ally rerolls the attack roll, the saving throw, or the skill check, adding your Strength, Wisdom, or Charisma modifier to it.&lt;/span&gt;
&lt;span class="flavor"&gt;&lt;b&gt;Special: &lt;/b&gt;When you gain this power, choose Strength, Wisdom, or Charisma as the ability you use with this power.&lt;/span&gt;
</power_rules_html><power_published_in>Dragon Magazine 380, page(s) 63. </power_published_in><power_dndinsider_id>10107</power_dndinsider_id><formatOutput>1</formatOutput></Power>
