<?xml version="1.0"?>
<Power><power_name>Grave Chill</power_name><power_class_and_level>Soul Reaper Attack 11</power_class_and_level><power_flavor>When the dead fall, you speed their souls to the Shadowfell.</power_flavor><power_frequency>Encounter</power_frequency><power_keywords>Divine, Implement</power_keywords><power_action_type>Immediate Reaction</power_action_type><power_range_and_aoe>Ranged 5</power_range_and_aoe><power_rules>Trigger: An ally within range of you bloodies an enemy with an attack
Primary Target: The triggering ally
Effect: You shift to a square adjacent to the target and make a burst 1 attack.
Secondary Target: Each enemy in the burst
Attack: Strength, Wisdom, or Charisma vs. Fortitude
Hit: The target is dazed and immobilized until the end of your next turn.</power_rules><power_rules_html>&lt;span class="flavor"&gt;&lt;b&gt;Trigger: &lt;/b&gt;An ally within range of you bloodies an enemy with an attack&lt;/span&gt;
&lt;span class="flavor"&gt;&lt;b&gt;Primary Target: &lt;/b&gt;The triggering ally&lt;/span&gt;
&lt;span class="flavor"&gt;&lt;b&gt;Effect: &lt;/b&gt;You shift to a square adjacent to the target and make a burst 1 attack.&lt;/span&gt;
&lt;span class="flavor"&gt;&lt;b&gt;Secondary Target: &lt;/b&gt;Each enemy in the burst&lt;/span&gt;
&lt;span class="flavor"&gt;&lt;b&gt;Attack: &lt;/b&gt;Strength, Wisdom, or Charisma vs. Fortitude&lt;/span&gt;
&lt;span class="flavor"&gt;&lt;b&gt;Hit: &lt;/b&gt;The target is dazed and immobilized until the end of your next turn.&lt;/span&gt;
</power_rules_html><power_published_in>Dragon Magazine 380, page(s) 63. </power_published_in><power_dndinsider_id>10105</power_dndinsider_id><formatOutput>1</formatOutput></Power>
