<?xml version="1.0"?>
<Power><power_name>Pervasive Gloom</power_name><power_class_and_level>Feat Utility</power_class_and_level><power_flavor>Night falls where you stand.</power_flavor><power_frequency>Encounter</power_frequency><power_keywords>Divine, Zone</power_keywords><power_action_type>Free Action</power_action_type><power_range_and_aoe>Close burst 1</power_range_and_aoe><power_rules>Channel Divinity: You can use only one Channel Divinity power per encounter.
Trigger: You hit an enemy with an attack
Effect: The burst creates a zone of shadows that lasts until the start of your next turn. Squares within the zone are heavily obscured.</power_rules><power_rules_html>&lt;span class="flavor"&gt;&lt;b&gt;Channel Divinity: &lt;/b&gt;You can use only one Channel Divinity power per encounter.&lt;/span&gt;
&lt;span class="flavor"&gt;&lt;b&gt;Trigger: &lt;/b&gt;You hit an enemy with an attack&lt;/span&gt;
&lt;span class="flavor"&gt;&lt;b&gt;Effect: &lt;/b&gt;The burst creates a zone of shadows that lasts until the start of your next turn. Squares within the zone are heavily obscured.&lt;/span&gt;
</power_rules_html><power_published_in>Dragon Magazine 380, page(s) 64. </power_published_in><power_dndinsider_id>10108</power_dndinsider_id><formatOutput>1</formatOutput></Power>
