<?xml version="1.0"?>
<Power><power_name>World in Winter</power_name><power_class_and_level>Paladin Attack 25</power_class_and_level><power_flavor>Cold blossoms around you, bringing ice and snow in from the Shadowfell.</power_flavor><power_frequency>Daily</power_frequency><power_keywords>Cold, Divine, Necrotic, Weapon, Zone</power_keywords><power_action_type>Standard Action</power_action_type><power_range_and_aoe>Close burst 1</power_range_and_aoe><power_rules>Target: Each enemy in the burst
Attack: Strength or Charisma vs. AC
Hit: 4[W] + Strength or Charisma modifier cold and necrotic damage.
Effect: The burst creates a zone of freezing cold and blowing snow that lasts until the end of the encounter. The zone moves with you. Squares inside the zone are difficult terrain and lightly obscured. When an enemy ends its turn within the zone, it takes 10 cold and necrotic damage. At the end of your turn, if you hit at least one enemy with a divine attack power that turn, the zone&#x2019;s size increases by 1 square (to a maximum of a close burst 5 zone).</power_rules><power_rules_html>&lt;span class="flavor"&gt;&lt;b&gt;Target: &lt;/b&gt;Each enemy in the burst&lt;/span&gt;
&lt;span class="flavor"&gt;&lt;b&gt;Attack: &lt;/b&gt;Strength or Charisma vs. AC&lt;/span&gt;
&lt;span class="flavor"&gt;&lt;b&gt;Hit: &lt;/b&gt;4[W] + Strength or Charisma modifier cold and necrotic damage.&lt;/span&gt;
&lt;span class="flavor"&gt;&lt;b&gt;Effect: &lt;/b&gt;The burst creates a zone of freezing cold and blowing snow that lasts until the end of the encounter. The zone moves with you. Squares inside the zone are difficult terrain and lightly obscured. When an enemy ends its turn within the zone, it takes 10 cold and necrotic damage. At the end of your turn, if you hit at least one enemy with a divine attack power that turn, the zone&#x2019;s size increases by 1 square (to a maximum of a close burst 5 zone).&lt;/span&gt;
</power_rules_html><power_published_in>Dragon Magazine 380, page(s) 63. </power_published_in><power_dndinsider_id>10104</power_dndinsider_id><formatOutput>1</formatOutput></Power>
