<?xml version="1.0"?>
<Power><power_name>Grave Smite</power_name><power_class_and_level>Paladin Attack 23</power_class_and_level><power_flavor>Your smite sends the enemy to the grave.</power_flavor><power_frequency>Encounter</power_frequency><power_keywords>Divine, Necrotic, Weapon</power_keywords><power_action_type>Standard Action</power_action_type><power_range_and_aoe>Melee weapon</power_range_and_aoe><power_rules>Target: One creature
Attack: Strength or Charisma vs. AC
Hit: 3[W] + Strength or Charisma modifier necrotic damage, and the target falls prone and cannot stand until the end of your next turn.
Special: When you gain this power, choose Strength or Charisma as the ability you use when making attack rolls and damage rolls with this power.</power_rules><power_rules_html>&lt;span class="flavor"&gt;&lt;b&gt;Target: &lt;/b&gt;One creature&lt;/span&gt;
&lt;span class="flavor"&gt;&lt;b&gt;Attack: &lt;/b&gt;Strength or Charisma vs. AC&lt;/span&gt;
&lt;span class="flavor"&gt;&lt;b&gt;Hit: &lt;/b&gt;3[W] + Strength or Charisma modifier necrotic damage, and the target falls prone and cannot stand until the end of your next turn.&lt;/span&gt;
&lt;span class="flavor"&gt;&lt;b&gt;Special: &lt;/b&gt;When you gain this power, choose Strength or Charisma as the ability you use when making attack rolls and damage rolls with this power.&lt;/span&gt;
</power_rules_html><power_published_in>Dragon Magazine 380, page(s) 62. </power_published_in><power_dndinsider_id>10103</power_dndinsider_id><formatOutput>1</formatOutput></Power>
