<?xml version="1.0"?>
<Power><power_name>Shadow Legacy</power_name><power_class_and_level>Feat Utility</power_class_and_level><power_flavor>You extend the ancient covenant between your people and the Raven Queen to an ally in danger.</power_flavor><power_frequency>Encounter</power_frequency><power_keywords>Divine, Teleportation</power_keywords><power_action_type>Immediate Reaction</power_action_type><power_range_and_aoe>Ranged 10</power_range_and_aoe><power_rules>Channel Divinity: You can use only one Channel Divinity power per encounter.
Trigger: An attack bloodies an ally within range
Target: The triggering ally
Effect: The target either teleports 3 squares or gains insubstantial until the start of your next turn.</power_rules><power_rules_html>&lt;span class="flavor"&gt;&lt;b&gt;Channel Divinity: &lt;/b&gt;You can use only one Channel Divinity power per encounter.&lt;/span&gt;
&lt;span class="flavor"&gt;&lt;b&gt;Trigger: &lt;/b&gt;An attack bloodies an ally within range&lt;/span&gt;
&lt;span class="flavor"&gt;&lt;b&gt;Target: &lt;/b&gt;The triggering ally&lt;/span&gt;
&lt;span class="flavor"&gt;&lt;b&gt;Effect: &lt;/b&gt;The target either teleports 3 squares or gains insubstantial until the start of your next turn.&lt;/span&gt;
</power_rules_html><power_published_in>Dragon Magazine 380, page(s) 65. </power_published_in><power_dndinsider_id>10109</power_dndinsider_id><formatOutput>1</formatOutput></Power>
