<?xml version="1.0"?>
<Power><power_name>Reaper's Harvest</power_name><power_class_and_level>Paladin Attack 9</power_class_and_level><power_flavor>Your weapon parts your enemy&#x2019;s defenses, letting you claim the bounty of its defeat.</power_flavor><power_frequency>Daily</power_frequency><power_keywords>Divine, Healing, Necrotic, Psychic, Weapon</power_keywords><power_action_type>Standard Action</power_action_type><power_range_and_aoe>Melee weapon</power_range_and_aoe><power_rules>Target: One creature
Attack: Strength or Charisma vs. AC
Hit: 3[W] + Strength or Charisma modifier necrotic and psychic damage, and the target is subject to your divine sanction (see Divine Power, page 82) until the end of your next turn.
Miss: Half damage.
Effect: If this attack reduces the target to 0 hit points, you can spend a healing surge and regain hit points equal to twice your surge value.</power_rules><power_rules_html>&lt;span class="flavor"&gt;&lt;b&gt;Target: &lt;/b&gt;One creature&lt;/span&gt;
&lt;span class="flavor"&gt;&lt;b&gt;Attack: &lt;/b&gt;Strength or Charisma vs. AC&lt;/span&gt;
&lt;span class="flavor"&gt;&lt;b&gt;Hit: &lt;/b&gt;3[W] + Strength or Charisma modifier necrotic and psychic damage, and the target is subject to your divine sanction (see Divine Power, page 82) until the end of your next turn.&lt;/span&gt;
&lt;span class="flavor"&gt;&lt;b&gt;Miss: &lt;/b&gt;Half damage.&lt;/span&gt;
&lt;span class="flavor"&gt;&lt;b&gt;Effect: &lt;/b&gt;If this attack reduces the target to 0 hit points, you can spend a healing surge and regain hit points equal to twice your surge value.&lt;/span&gt;
</power_rules_html><power_published_in>Dragon Magazine 380, page(s) 62. </power_published_in><power_dndinsider_id>10100</power_dndinsider_id><formatOutput>1</formatOutput></Power>
