<?xml version="1.0"?>
<Power><power_name>Visage of Sorrow</power_name><power_class_and_level>Paladin Attack 19</power_class_and_level><power_flavor>You call forth divine power from the Shadowfell, welcoming its power to transform your aspect to one of utter sorrow and grief.</power_flavor><power_frequency>Daily</power_frequency><power_keywords>Divine, Fear, Implement, Psychic</power_keywords><power_action_type>Standard Action</power_action_type><power_range_and_aoe>Close burst 2</power_range_and_aoe><power_rules>Target: Each enemy in the burst
Attack: Strength or Charisma vs. Will
Hit: 3d8 + Strength or Charisma modifier psychic damage, and the target is subject to your divine sanction until the end of your next turn.
Effect: Until the end of the encounter, melee and ranged attacks made against you take a &#x2212;2 penalty.</power_rules><power_rules_html>&lt;span class="flavor"&gt;&lt;b&gt;Target: &lt;/b&gt;Each enemy in the burst&lt;/span&gt;
&lt;span class="flavor"&gt;&lt;b&gt;Attack: &lt;/b&gt;Strength or Charisma vs. Will&lt;/span&gt;
&lt;span class="flavor"&gt;&lt;b&gt;Hit: &lt;/b&gt;3d8 + Strength or Charisma modifier psychic damage, and the target is subject to your divine sanction until the end of your next turn.&lt;/span&gt;
&lt;span class="flavor"&gt;&lt;b&gt;Effect: &lt;/b&gt;Until the end of the encounter, melee and ranged attacks made against you take a &#x2212;2 penalty.&lt;/span&gt;
</power_rules_html><power_published_in>Dragon Magazine 380, page(s) 62. </power_published_in><power_dndinsider_id>10102</power_dndinsider_id><formatOutput>1</formatOutput></Power>
