<?xml version="1.0"?>
<Power><power_name>Frozen Shackles</power_name><power_class_and_level>Paladin Attack 17</power_class_and_level><power_flavor>Heat flees from your enemy, causing the target to freeze in place.</power_flavor><power_frequency>Encounter</power_frequency><power_keywords>Cold, Divine, Implement</power_keywords><power_action_type>Standard Action</power_action_type><power_range_and_aoe>Ranged 10</power_range_and_aoe><power_rules>Target: One creature
Attack: Strength or Charisma vs. Fortitude
Hit: 2d8 + Strength or Charisma modifier cold damage, and the target is immobilized until it takes damage from an attack. If the target is marked by you, it also grants combat advantage until the end of your next turn.</power_rules><power_rules_html>&lt;span class="flavor"&gt;&lt;b&gt;Target: &lt;/b&gt;One creature&lt;/span&gt;
&lt;span class="flavor"&gt;&lt;b&gt;Attack: &lt;/b&gt;Strength or Charisma vs. Fortitude&lt;/span&gt;
&lt;span class="flavor"&gt;&lt;b&gt;Hit: &lt;/b&gt;2d8 + Strength or Charisma modifier cold damage, and the target is immobilized until it takes damage from an attack. If the target is marked by you, it also grants combat advantage until the end of your next turn.&lt;/span&gt;
</power_rules_html><power_published_in>Dragon Magazine 380, page(s) 62. </power_published_in><power_dndinsider_id>10101</power_dndinsider_id><formatOutput>1</formatOutput></Power>
