<?xml version="1.0"?>
<Power><power_name>Call of Letherna</power_name><power_class_and_level>Soul Reaper Attack 20</power_class_and_level><power_flavor>A frigid wind moans as it swirls around you, bringing with it the malign atmosphere found only in the Raven Queen&#x2019;s demesne.</power_flavor><power_frequency>Daily</power_frequency><power_keywords>Cold, Divine, Implement, Necrotic, Zone</power_keywords><power_action_type>Standard Action</power_action_type><power_range_and_aoe>Close burst 5</power_range_and_aoe><power_rules>Target: Each enemy in the burst
Attack: Strength, Wisdom, or Charisma vs. Will
Hit: 4d6 + Strength, Wisdom, or Charisma modifier cold and necrotic damage, and you pull the target 4 squares.
Miss: Half damage.
Effect: The burst creates a zone of killing cold that lasts until the end of your next turn. Any creature that starts its turn within the zone is slowed until the end of its next turn, and it takes 10 cold and necrotic damage.
Sustain Minor: The zone persists, and you pull each enemy within the zone 1 square toward the origin of the zone&#x2019;s burst.
Special: When you gain this power, choose Strength, Wisdom, or Charisma as the ability you use when making attack rolls and damage rolls with this power.</power_rules><power_rules_html>&lt;span class="flavor"&gt;&lt;b&gt;Target: &lt;/b&gt;Each enemy in the burst&lt;/span&gt;
&lt;span class="flavor"&gt;&lt;b&gt;Attack: &lt;/b&gt;Strength, Wisdom, or Charisma vs. Will&lt;/span&gt;
&lt;span class="flavor"&gt;&lt;b&gt;Hit: &lt;/b&gt;4d6 + Strength, Wisdom, or Charisma modifier cold and necrotic damage, and you pull the target 4 squares.&lt;/span&gt;
&lt;span class="flavor"&gt;&lt;b&gt;Miss: &lt;/b&gt;Half damage.&lt;/span&gt;
&lt;span class="flavor"&gt;&lt;b&gt;Effect: &lt;/b&gt;The burst creates a zone of killing cold that lasts until the end of your next turn. Any creature that starts its turn within the zone is slowed until the end of its next turn, and it takes 10 cold and necrotic damage.&lt;/span&gt;
&lt;span class="flavor"&gt;&lt;b&gt;Sustain Minor: &lt;/b&gt;The zone persists, and you pull each enemy within the zone 1 square toward the origin of the zone&#x2019;s burst.&lt;/span&gt;
&lt;span class="flavor"&gt;&lt;b&gt;Special: &lt;/b&gt;When you gain this power, choose Strength, Wisdom, or Charisma as the ability you use when making attack rolls and damage rolls with this power.&lt;/span&gt;
</power_rules_html><power_published_in>Dragon Magazine 380, page(s) 63. </power_published_in><power_dndinsider_id>10106</power_dndinsider_id><formatOutput>1</formatOutput></Power>
