<?xml version="1.0"?>
<Power><power_name>Knockout</power_name><power_class_and_level>Rogue Attack 9</power_class_and_level><power_flavor>A well-placed blow takes your foe out of the fight.</power_flavor><power_frequency>Daily</power_frequency><power_keywords>Martial, Weapon</power_keywords><power_action_type>Standard Action</power_action_type><power_range_and_aoe>Melee weapon</power_range_and_aoe><power_rules>Requirement: You must be wielding a light blade.
Target: One creature
Attack: Dexterity vs. Fortitude
Hit: 2[W] + Dexterity modifier damage, and the target falls unconscious (save ends). If the unconscious target takes any damage, this unconsciousness ends.
Miss: Half damage, and the target is dazed until the end of your next turn.</power_rules><power_rules_html>&lt;span class="flavor"&gt;&lt;b&gt;Requirement: &lt;/b&gt;You must be wielding a light blade.&lt;/span&gt;
&lt;span class="flavor"&gt;&lt;b&gt;Target: &lt;/b&gt;One creature&lt;/span&gt;
&lt;span class="flavor"&gt;&lt;b&gt;Attack: &lt;/b&gt;Dexterity vs. Fortitude&lt;/span&gt;
&lt;span class="flavor"&gt;&lt;b&gt;Hit: &lt;/b&gt;2[W] + Dexterity modifier damage, and the target falls unconscious (save ends). If the unconscious target takes any damage, this unconsciousness ends.&lt;/span&gt;
&lt;span class="flavor"&gt;&lt;b&gt;Miss: &lt;/b&gt;Half damage, and the target is dazed until the end of your next turn.&lt;/span&gt;
</power_rules_html><power_published_in>Player's Handbook, page(s) 121, Class Compendium.</power_published_in><power_dndinsider_id>1010</power_dndinsider_id><formatOutput>1</formatOutput></Power>
