<?xml version="1.0"?>
<Power><power_name>Dragon Tempest</power_name><power_class_and_level>Ninefold Master Attack 20</power_class_and_level><power_flavor>Your exhalation of elemental energy transforms into a swirling vortex of power.</power_flavor><power_frequency>Daily</power_frequency><power_keywords>Arcane, Implement, Varies, Zone</power_keywords><power_action_type>Standard Action</power_action_type><power_range_and_aoe>Close blast 5</power_range_and_aoe><power_rules>Target: Each creature in the blast
Attack: Intelligence or Charisma vs. Reflex
Hit: 3d8 + Intelligence modifier or Charisma modifier damage. The damage is the same type as any type you can deal with your dragon breath.
Effect: The blast becomes a zone that lasts until the end of your next turn. A creature that enters or starts its turn in the zone takes 10 damage of the same type as the initial attack's damage (a creature can take this damage only once per turn). As a move action, you can move the zone 3 squares.
Sustain Minor: The zone persists.</power_rules><power_rules_html>&lt;span class="flavor"&gt;&lt;b&gt;Target: &lt;/b&gt;Each creature in the blast&lt;/span&gt;
&lt;span class="flavor"&gt;&lt;b&gt;Attack: &lt;/b&gt;Intelligence or Charisma vs. Reflex&lt;/span&gt;
&lt;span class="flavor"&gt;&lt;b&gt;Hit: &lt;/b&gt;3d8 + Intelligence modifier or Charisma modifier damage. The damage is the same type as any type you can deal with your dragon breath.&lt;/span&gt;
&lt;span class="flavor"&gt;&lt;b&gt;Effect: &lt;/b&gt;The blast becomes a zone that lasts until the end of your next turn. A creature that enters or starts its turn in the zone takes 10 damage of the same type as the initial attack's damage (a creature can take this damage only once per turn). As a move action, you can move the zone 3 squares.&lt;/span&gt;
&lt;span class="flavor"&gt;&lt;b&gt;Sustain Minor: &lt;/b&gt;The zone persists.&lt;/span&gt;
</power_rules_html><power_published_in>Player's Handbook Races: Dragonborn, page(s) 12. </power_published_in><power_dndinsider_id>10116</power_dndinsider_id><formatOutput>1</formatOutput></Power>
