<?xml version="1.0"?>
<Power><power_name>Countering Breath</power_name><power_class_and_level>Ninefold Master Utility 12</power_class_and_level><power_flavor>As your foe unleashes a blast of elemental power, you release your own, subtly altering your draconic breath to negate your enemy&#x2019;s attack.</power_flavor><power_frequency>Encounter</power_frequency><power_keywords>Arcane</power_keywords><power_action_type>Immediate Interrupt</power_action_type><power_range_and_aoe>Close blast 3</power_range_and_aoe><power_rules>Trigger: An enemy targets you with a close or area attack that deals a damage type you can deal with dragon breath
Effect: Your space and the blast are not considered part of the triggering attack&#x2019;s area of effect.</power_rules><power_rules_html>&lt;span class="flavor"&gt;&lt;b&gt;Trigger: &lt;/b&gt;An enemy targets you with a close or area attack that deals a damage type you can deal with dragon breath&lt;/span&gt;
&lt;span class="flavor"&gt;&lt;b&gt;Effect: &lt;/b&gt;Your space and the blast are not considered part of the triggering attack&#x2019;s area of effect.&lt;/span&gt;
</power_rules_html><power_published_in>Player's Handbook Races: Dragonborn, page(s) 12. </power_published_in><power_dndinsider_id>10117</power_dndinsider_id><formatOutput>1</formatOutput></Power>
