<?xml version="1.0"?>
<Power><power_name>Dragon Aura</power_name><power_class_and_level>Ninefold Master Attack 11</power_class_and_level><power_flavor>The innate energy of your draconic breath forms a shield around you, pushing your enemies away.</power_flavor><power_frequency>Encounter</power_frequency><power_keywords>Arcane, Implement, Varies</power_keywords><power_action_type>Standard Action</power_action_type><power_range_and_aoe>Close burst 1</power_range_and_aoe><power_rules>Target: Each creature in the burst
Attack: Intelligence or Charisma vs. Fortitude
Hit: 3d6 + Intelligence modifier or Charisma modifier damage, and push the target 1 square. The damage is the same type as any type you can deal with your dragon breath.</power_rules><power_rules_html>&lt;span class="flavor"&gt;&lt;b&gt;Target: &lt;/b&gt;Each creature in the burst&lt;/span&gt;
&lt;span class="flavor"&gt;&lt;b&gt;Attack: &lt;/b&gt;Intelligence or Charisma vs. Fortitude&lt;/span&gt;
&lt;span class="flavor"&gt;&lt;b&gt;Hit: &lt;/b&gt;3d6 + Intelligence modifier or Charisma modifier damage, and push the target 1 square. The damage is the same type as any type you can deal with your dragon breath.&lt;/span&gt;
</power_rules_html><power_published_in>Player's Handbook Races: Dragonborn, page(s) 12. </power_published_in><power_dndinsider_id>10115</power_dndinsider_id><formatOutput>1</formatOutput></Power>
