<?xml version="1.0"?>
<Power><power_name>Deadly Repercussions</power_name><power_class_and_level>Vistani Execrator Attack 20</power_class_and_level><power_flavor>Your curse attracts doom to your enemies, and it rewards with continued pain their insolent attacks against you and your allies.</power_flavor><power_frequency>Daily</power_frequency><power_keywords>Implement, Psychic</power_keywords><power_action_type>Standard Action</power_action_type><power_range_and_aoe>Close burst 2</power_range_and_aoe><power_rules>Target: Each enemy in the burst
Attack: Intelligence, Wisdom, or Charisma vs. Will
Hit: 3d8 + Intelligence, Wisdom, or Charisma modifier psychic damage.
Miss: Half damage.
Effect: The target grants combat advantage and has ongoing 10 damage (save ends both). Until the target saves against this effect, once each turn when the target hits an ally, roll 1d6. The target takes a penalty to saving throws equal to the result of this roll until the end of your next turn.</power_rules><power_rules_html>&lt;span class="flavor"&gt;&lt;b&gt;Target: &lt;/b&gt;Each enemy in the burst&lt;/span&gt;
&lt;span class="flavor"&gt;&lt;b&gt;Attack: &lt;/b&gt;Intelligence, Wisdom, or Charisma vs. Will&lt;/span&gt;
&lt;span class="flavor"&gt;&lt;b&gt;Hit: &lt;/b&gt;3d8 + Intelligence, Wisdom, or Charisma modifier psychic damage.&lt;/span&gt;
&lt;span class="flavor"&gt;&lt;b&gt;Miss: &lt;/b&gt;Half damage.&lt;/span&gt;
&lt;span class="flavor"&gt;&lt;b&gt;Effect: &lt;/b&gt;The target grants combat advantage and has ongoing 10 damage (save ends both). Until the target saves against this effect, once each turn when the target hits an ally, roll 1d6. The target takes a penalty to saving throws equal to the result of this roll until the end of your next turn.&lt;/span&gt;
</power_rules_html><power_published_in>Dragon Magazine 380, page(s) 88. </power_published_in><power_dndinsider_id>10113</power_dndinsider_id><formatOutput>1</formatOutput></Power>
