<?xml version="1.0"?>
<Power><power_name>Fumbling Curse</power_name><power_class_and_level>Vistani Execrator Utility 12</power_class_and_level><power_flavor>With a word, you turn a sure strike into a glancing blow that momentarily throws your opponent off balance.</power_flavor><power_frequency>Daily</power_frequency><power_keywords></power_keywords><power_action_type>Immediate Interrupt</power_action_type><power_range_and_aoe>Personal </power_range_and_aoe><power_rules>Trigger: An enemy hits or misses you with an attack
Effect: Whenever the target makes an attack roll (including the attack roll that triggered this power), roll 1d6 and subtract the result from the target&#x2019;s attack (save ends).</power_rules><power_rules_html>&lt;span class="flavor"&gt;&lt;b&gt;Trigger: &lt;/b&gt;An enemy hits or misses you with an attack&lt;/span&gt;
&lt;span class="flavor"&gt;&lt;b&gt;Effect: &lt;/b&gt;Whenever the target makes an attack roll (including the attack roll that triggered this power), roll 1d6 and subtract the result from the target&#x2019;s attack (save ends).&lt;/span&gt;
</power_rules_html><power_published_in>Dragon Magazine 380, page(s) 88. </power_published_in><power_dndinsider_id>10114</power_dndinsider_id><formatOutput>1</formatOutput></Power>
