<?xml version="1.0"?>
<Power><power_name>Isolating Curse</power_name><power_class_and_level>Vistani Execrator Attack 11</power_class_and_level><power_flavor>You lay an imprecation on your adversary, driving its friends too far away to offer protection and opening your foe to attack.</power_flavor><power_frequency>Encounter</power_frequency><power_keywords>Implement, Psychic</power_keywords><power_action_type>Standard Action</power_action_type><power_range_and_aoe>Ranged 10</power_range_and_aoe><power_rules>Target: One creature
Attack: Intelligence, Wisdom, or Charisma vs. Will
Hit: 2d8 + Intelligence, Wisdom, or Charisma modifier psychic damage. Until the end of your next  turn, the target grants combat advantage, and any enemy within 3 squares of the target takes a &#x2013;4 penalty to attack rolls and cannot regain hit points.</power_rules><power_rules_html>&lt;span class="flavor"&gt;&lt;b&gt;Target: &lt;/b&gt;One creature&lt;/span&gt;
&lt;span class="flavor"&gt;&lt;b&gt;Attack: &lt;/b&gt;Intelligence, Wisdom, or Charisma vs. Will&lt;/span&gt;
&lt;span class="flavor"&gt;&lt;b&gt;Hit: &lt;/b&gt;2d8 + Intelligence, Wisdom, or Charisma modifier psychic damage. Until the end of your next  turn, the target grants combat advantage, and any enemy within 3 squares of the target takes a &#x2013;4 penalty to attack rolls and cannot regain hit points.&lt;/span&gt;
</power_rules_html><power_published_in>Dragon Magazine 380, page(s) 88. </power_published_in><power_dndinsider_id>10112</power_dndinsider_id><formatOutput>1</formatOutput></Power>
