<?xml version="1.0"?>
<Power><power_name>Evil Eye of the Vistani</power_name><power_class_and_level>Feat Attack</power_class_and_level><power_flavor>You cast a baleful look upon your enemy, forcing it to cower before you.</power_flavor><power_frequency>Encounter</power_frequency><power_keywords>Charm</power_keywords><power_action_type>Minor Action</power_action_type><power_range_and_aoe>Ranged 10</power_range_and_aoe><power_rules>Target: One creature
Attack: Intelligence, Wisdom, or Charisma + 3 vs. Will
Level 11: Intelligence, Wisdom, or Charisma + 6 vs. Will
Level 21: Intelligence, Wisdom, or Charisma + 9 vs. Will
Hit: Until the end of your next turn, the target grants combat advantage to you and cannot willingly move closer to you.</power_rules><power_rules_html>&lt;span class="flavor"&gt;&lt;b&gt;Target: &lt;/b&gt;One creature&lt;/span&gt;
&lt;span class="flavor"&gt;&lt;b&gt;Attack: &lt;/b&gt;Intelligence, Wisdom, or Charisma + 3 vs. Will&lt;/span&gt;
&lt;span class="flavor"&gt;Level 11: Intelligence, Wisdom, or Charisma + 6 vs. Will&lt;/span&gt;
&lt;span class="flavor"&gt;Level 21: Intelligence, Wisdom, or Charisma + 9 vs. Will&lt;/span&gt;
&lt;span class="flavor"&gt;&lt;b&gt;Hit: &lt;/b&gt;Until the end of your next turn, the target grants combat advantage to you and cannot willingly move closer to you.&lt;/span&gt;
</power_rules_html><power_published_in>Dragon Magazine 380, page(s) 85. </power_published_in><power_dndinsider_id>10111</power_dndinsider_id><formatOutput>1</formatOutput></Power>
