<?xml version="1.0"?>
<Power><power_name>Bloody Path</power_name><power_class_and_level>Rogue Attack 15</power_class_and_level><power_flavor>You dash across the battlefield, leaving bewildered and bleeding enemies in your wake.</power_flavor><power_frequency>Daily</power_frequency><power_keywords>Martial</power_keywords><power_action_type>Standard Action</power_action_type><power_range_and_aoe>Personal </power_range_and_aoe><power_rules>Effect: You move up to your speed. Any enemy that can make an opportunity attack against you as a result of this movement must do so, but it makes the opportunity attack against itself instead of against you.</power_rules><power_rules_html>&lt;span class="flavor"&gt;&lt;b&gt;Effect: &lt;/b&gt;You move up to your speed. Any enemy that can make an opportunity attack against you as a result of this movement must do so, but it makes the opportunity attack against itself instead of against you.&lt;/span&gt;
</power_rules_html><power_published_in>Player's Handbook, page(s) 123, Class Compendium.</power_published_in><power_dndinsider_id>1011</power_dndinsider_id><formatOutput>1</formatOutput></Power>
