<?xml version="1.0"?>
<Power><power_name>Coordinated Offensive</power_name><power_class_and_level>Warlord Attack 1</power_class_and_level><power_flavor>You draw the enemy&#x2019;s attention long enough for one ally to move to safety and another to move into position.</power_flavor><power_frequency>Encounter</power_frequency><power_keywords>Martial, Weapon</power_keywords><power_action_type>Standard Action</power_action_type><power_range_and_aoe>Melee weapon</power_range_and_aoe><power_rules>Target: One creature
Attack: Strength vs. AC
Special: If you used inspiring word on this turn, you gain a +2 power bonus to the attack roll.
Hit: 1[W] + Strength modifier damage, and one ally adjacent to you or to the target can shift 1 square as a free action.
Effect: You slide one ally adjacent to you or to the target 1 square to a square adjacent to no enemies.</power_rules><power_rules_html>&lt;span class="flavor"&gt;&lt;b&gt;Target: &lt;/b&gt;One creature&lt;/span&gt;
&lt;span class="flavor"&gt;&lt;b&gt;Attack: &lt;/b&gt;Strength vs. AC&lt;/span&gt;
&lt;span class="flavor"&gt;&lt;b&gt;Special: &lt;/b&gt;If you used inspiring word on this turn, you gain a +2 power bonus to the attack roll.&lt;/span&gt;
&lt;span class="flavor"&gt;&lt;b&gt;Hit: &lt;/b&gt;1[W] + Strength modifier damage, and one ally adjacent to you or to the target can shift 1 square as a free action.&lt;/span&gt;
&lt;span class="flavor"&gt;&lt;b&gt;Effect: &lt;/b&gt;You slide one ally adjacent to you or to the target 1 square to a square adjacent to no enemies.&lt;/span&gt;
</power_rules_html><power_published_in>Dragon Magazine 381, page(s) 31. </power_published_in><power_dndinsider_id>10119</power_dndinsider_id><formatOutput>1</formatOutput></Power>
