<?xml version="1.0"?>
<Power><power_name>Dark Scythe</power_name><power_class_and_level>Raven Knight Utility 26</power_class_and_level><power_flavor>You call a dire weapon and grip its cold wood, feeling its merciless energy flowing through your hands.</power_flavor><power_frequency>Daily</power_frequency><power_keywords>Divine, Necrotic</power_keywords><power_action_type>Minor Action</power_action_type><power_range_and_aoe>Personal </power_range_and_aoe><power_rules>Effect: You transform a single weapon or implement in your hand into a dark scythe. It remains a dark scythe until the end of the encounter. Your weapon or implement retains all its traits, properties, and powers, and gains the following properties and powers.
Property: The dark scythe deals 2d10 extra necrotic damage.
Property: When you reduce a nonminion enemy to 0 hit points using the dark scythe, you regain hit points as if you had spent a healing surge.
Power (Encounter): Free Action. Trigger: You hit an enemy with an attack using the dark scythe. Effect: That enemy is weakened (save ends).</power_rules><power_rules_html>&lt;span class="flavor"&gt;&lt;b&gt;Effect: &lt;/b&gt;You transform a single weapon or implement in your hand into a dark scythe. It remains a dark scythe until the end of the encounter. Your weapon or implement retains all its traits, properties, and powers, and gains the following properties and powers.&lt;/span&gt;
&lt;span class="flavor"&gt;&lt;b&gt;Property: &lt;/b&gt;The dark scythe deals 2d10 extra necrotic damage.&lt;/span&gt;
&lt;span class="flavor"&gt;&lt;b&gt;Property: &lt;/b&gt;When you reduce a nonminion enemy to 0 hit points using the dark scythe, you regain hit points as if you had spent a healing surge.&lt;/span&gt;
&lt;span class="flavor"&gt;&lt;b&gt;Power (Encounter): &lt;/b&gt;Free Action. Trigger: You hit an enemy with an attack using the dark scythe. Effect: That enemy is weakened (save ends).&lt;/span&gt;
</power_rules_html><power_published_in>Dragon Magazine 380, page(s) 66. </power_published_in><power_dndinsider_id>10110</power_dndinsider_id><formatOutput>1</formatOutput></Power>
