<?xml version="1.0"?>
<Power><power_name>Withering Courage</power_name><power_class_and_level>Warlord Attack 7</power_class_and_level><power_flavor>One strike from your weapon knocks the enemy off balance; each strike from an ally pushes it farther over the edge.</power_flavor><power_frequency>Encounter</power_frequency><power_keywords>Martial, Weapon</power_keywords><power_action_type>Standard Action</power_action_type><power_range_and_aoe>Melee weapon</power_range_and_aoe><power_rules>Target: One creature
Attack: Strength vs. AC
Hit: 2[W] + Strength modifier damage, and each ally who hits the target before the end of your next turn gives it a cumulative -1 penalty to its attack rolls until the end of your next turn, to a maximum of -5.
Bravura Presence: Any ally adjacent to you gains a power bonus to damage rolls equal to your Charisma modifier against the target until the end of your next turn.
Inspiring Presence: Any ally adjacent to you gains combat advantage against the target while it is taking a penalty to its attack rolls from this attack.</power_rules><power_rules_html>&lt;span class="flavor"&gt;&lt;b&gt;Target: &lt;/b&gt;One creature&lt;/span&gt;
&lt;span class="flavor"&gt;&lt;b&gt;Attack: &lt;/b&gt;Strength vs. AC&lt;/span&gt;
&lt;span class="flavor"&gt;&lt;b&gt;Hit: &lt;/b&gt;2[W] + Strength modifier damage, and each ally who hits the target before the end of your next turn gives it a cumulative -1 penalty to its attack rolls until the end of your next turn, to a maximum of -5.&lt;/span&gt;
&lt;span class="flavor"&gt;&lt;b&gt;Bravura Presence: &lt;/b&gt;Any ally adjacent to you gains a power bonus to damage rolls equal to your Charisma modifier against the target until the end of your next turn.&lt;/span&gt;
&lt;span class="flavor"&gt;&lt;b&gt;Inspiring Presence: &lt;/b&gt;Any ally adjacent to you gains combat advantage against the target while it is taking a penalty to its attack rolls from this attack.&lt;/span&gt;
</power_rules_html><power_published_in>Dragon Magazine 381, page(s) 32. </power_published_in><power_dndinsider_id>10129</power_dndinsider_id><formatOutput>1</formatOutput></Power>
