<?xml version="1.0"?>
<Power><power_name>Stand Fast</power_name><power_class_and_level>Warlord Utility 6</power_class_and_level><power_flavor>You and your companions form an immovable wall to withstand the enemy tide.</power_flavor><power_frequency>Encounter</power_frequency><power_keywords>Martial</power_keywords><power_action_type>Minor Action</power_action_type><power_range_and_aoe>Close burst 3</power_range_and_aoe><power_rules>Target: You and any ally in the burst
Effect: The target cannot be knocked prone, pushed, pulled, or slid until the end of your next turn. Also until the end of your next turn, when you use inspiring word on an ally, the ally can stand up as a free action.</power_rules><power_rules_html>&lt;span class="flavor"&gt;&lt;b&gt;Target: &lt;/b&gt;You and any ally in the burst&lt;/span&gt;
&lt;span class="flavor"&gt;&lt;b&gt;Effect: &lt;/b&gt;The target cannot be knocked prone, pushed, pulled, or slid until the end of your next turn. Also until the end of your next turn, when you use inspiring word on an ally, the ally can stand up as a free action.&lt;/span&gt;
</power_rules_html><power_published_in>Dragon Magazine 381, page(s) 32. </power_published_in><power_dndinsider_id>10128</power_dndinsider_id><formatOutput>1</formatOutput></Power>
