<?xml version="1.0"?>
<Power><power_name>Rousing Call</power_name><power_class_and_level>Warlord Attack 5</power_class_and_level><power_flavor>Fallen comrades cannot help but answer your call because your battle cry stirs the most melancholy hearts.</power_flavor><power_frequency>Daily</power_frequency><power_keywords>Martial, Weapon</power_keywords><power_action_type>Standard Action</power_action_type><power_range_and_aoe>Melee weapon</power_range_and_aoe><power_rules>Target: One creature
Attack: Strength vs. AC
Hit: 3[W] + Strength modifier damage.
Miss: Half damage.
Effect: Each unconscious or dying ally within 5 squares of you can make a saving throw and each prone ally within 5 squares of you can take the stand up action as a free action.</power_rules><power_rules_html>&lt;span class="flavor"&gt;&lt;b&gt;Target: &lt;/b&gt;One creature&lt;/span&gt;
&lt;span class="flavor"&gt;&lt;b&gt;Attack: &lt;/b&gt;Strength vs. AC&lt;/span&gt;
&lt;span class="flavor"&gt;&lt;b&gt;Hit: &lt;/b&gt;3[W] + Strength modifier damage.&lt;/span&gt;
&lt;span class="flavor"&gt;&lt;b&gt;Miss: &lt;/b&gt;Half damage.&lt;/span&gt;
&lt;span class="flavor"&gt;&lt;b&gt;Effect: &lt;/b&gt;Each unconscious or dying ally within 5 squares of you can make a saving throw and each prone ally within 5 squares of you can take the stand up action as a free action.&lt;/span&gt;
</power_rules_html><power_published_in>Dragon Magazine 381, page(s) 32. </power_published_in><power_dndinsider_id>10125</power_dndinsider_id><formatOutput>1</formatOutput></Power>
