<?xml version="1.0"?>
<Power><power_name>Devastating Offensive</power_name><power_class_and_level>Warlord Attack 3</power_class_and_level><power_flavor>You knock the enemy aside and call forth a nearby ally for a combined assault.</power_flavor><power_frequency>Encounter</power_frequency><power_keywords>Martial, Weapon</power_keywords><power_action_type>Standard Action</power_action_type><power_range_and_aoe>Melee weapon</power_range_and_aoe><power_rules>Target: One creature
Attack: Strength vs. AC
Hit: 1[W] + Strength modifier damage. You slide the target 1 square and slide one ally adjacent to you 3 squares to the square the target vacated. Then the ally can make a melee basic attack against the target as a free action.
Resourceful Presence: Your ally gains a power bonus to attack rolls on the melee basic attack equal to one-half your Charisma modifier (minimum +1).
Tactical Presence: Your ally gains a power bonus to damage rolls on the melee basic attack equal to your Intelligence modifier.</power_rules><power_rules_html>&lt;span class="flavor"&gt;&lt;b&gt;Target: &lt;/b&gt;One creature&lt;/span&gt;
&lt;span class="flavor"&gt;&lt;b&gt;Attack: &lt;/b&gt;Strength vs. AC&lt;/span&gt;
&lt;span class="flavor"&gt;&lt;b&gt;Hit: &lt;/b&gt;1[W] + Strength modifier damage. You slide the target 1 square and slide one ally adjacent to you 3 squares to the square the target vacated. Then the ally can make a melee basic attack against the target as a free action.&lt;/span&gt;
&lt;span class="flavor"&gt;&lt;b&gt;Resourceful Presence: &lt;/b&gt;Your ally gains a power bonus to attack rolls on the melee basic attack equal to one-half your Charisma modifier (minimum +1).&lt;/span&gt;
&lt;span class="flavor"&gt;&lt;b&gt;Tactical Presence: &lt;/b&gt;Your ally gains a power bonus to damage rolls on the melee basic attack equal to your Intelligence modifier.&lt;/span&gt;
</power_rules_html><power_published_in>Dragon Magazine 381, page(s) 32. </power_published_in><power_dndinsider_id>10122</power_dndinsider_id><formatOutput>1</formatOutput></Power>
