<?xml version="1.0"?>
<Power><power_name>Leader's Intercession</power_name><power_class_and_level>Warlord Utility 6</power_class_and_level><power_flavor>Brash impulse places you in the attack&#x2019;s path to spare an ally from harm.</power_flavor><power_frequency>Encounter</power_frequency><power_keywords>Healing, Martial</power_keywords><power_action_type>Immediate Interrupt</power_action_type><power_range_and_aoe>Melee touch</power_range_and_aoe><power_rules>Trigger: An attack hits an adjacent ally
Target: The triggering ally
Effect: You and the target switch places. The attack hits you instead, and you or the target can spend a healing surge.</power_rules><power_rules_html>&lt;span class="flavor"&gt;&lt;b&gt;Trigger: &lt;/b&gt;An attack hits an adjacent ally&lt;/span&gt;
&lt;span class="flavor"&gt;&lt;b&gt;Target: &lt;/b&gt;The triggering ally&lt;/span&gt;
&lt;span class="flavor"&gt;&lt;b&gt;Effect: &lt;/b&gt;You and the target switch places. The attack hits you instead, and you or the target can spend a healing surge.&lt;/span&gt;
</power_rules_html><power_published_in>Dragon Magazine 381, page(s) 32. </power_published_in><power_dndinsider_id>10126</power_dndinsider_id><formatOutput>1</formatOutput></Power>
