<?xml version="1.0"?>
<Power><power_name>Road to Victory</power_name><power_class_and_level>Warlord Attack 3</power_class_and_level><power_flavor>Your sudden strike clears a path through the battlefield for your ally, and leaves open the option for more movement.</power_flavor><power_frequency>Encounter</power_frequency><power_keywords>Martial, Weapon</power_keywords><power_action_type>Standard Action</power_action_type><power_range_and_aoe>Melee weapon</power_range_and_aoe><power_rules>Target: One creature
Attack: Strength vs. AC
Hit: 2[W] + Strength modifier damage, and an ally within your line of sight can shift 1 square or move 3 squares as a free action.
Effect: Until the end of your next turn, when you use inspiring word on an ally, that ally can shift 1 square or move a number of squares equal to your Intelligence modifier as a free action.</power_rules><power_rules_html>&lt;span class="flavor"&gt;&lt;b&gt;Target: &lt;/b&gt;One creature&lt;/span&gt;
&lt;span class="flavor"&gt;&lt;b&gt;Attack: &lt;/b&gt;Strength vs. AC&lt;/span&gt;
&lt;span class="flavor"&gt;&lt;b&gt;Hit: &lt;/b&gt;2[W] + Strength modifier damage, and an ally within your line of sight can shift 1 square or move 3 squares as a free action.&lt;/span&gt;
&lt;span class="flavor"&gt;&lt;b&gt;Effect: &lt;/b&gt;Until the end of your next turn, when you use inspiring word on an ally, that ally can shift 1 square or move a number of squares equal to your Intelligence modifier as a free action.&lt;/span&gt;
</power_rules_html><power_published_in>Dragon Magazine 381, page(s) 32. </power_published_in><power_dndinsider_id>10123</power_dndinsider_id><formatOutput>1</formatOutput></Power>
