<?xml version="1.0"?>
<Power><power_name>Bait the Hook</power_name><power_class_and_level>Warlord Attack 5</power_class_and_level><power_flavor>You give your champion the encouragement and strength needed to respond to the foe&#x2019;s attacks.</power_flavor><power_frequency>Daily</power_frequency><power_keywords>Martial, Weapon</power_keywords><power_action_type>Standard Action</power_action_type><power_range_and_aoe>Melee weapon</power_range_and_aoe><power_rules>Target: One creature
Attack: Strength vs. AC
Hit: 3[W] + Strength modifier damage.
Effect: The target grants combat advantage to an ally within 5 squares of it and gains vulnerable to damage from that ally&#x2019;s attacks equal to your Charisma modifier (save ends both).</power_rules><power_rules_html>&lt;span class="flavor"&gt;&lt;b&gt;Target: &lt;/b&gt;One creature&lt;/span&gt;
&lt;span class="flavor"&gt;&lt;b&gt;Attack: &lt;/b&gt;Strength vs. AC&lt;/span&gt;
&lt;span class="flavor"&gt;&lt;b&gt;Hit: &lt;/b&gt;3[W] + Strength modifier damage.&lt;/span&gt;
&lt;span class="flavor"&gt;&lt;b&gt;Effect: &lt;/b&gt;The target grants combat advantage to an ally within 5 squares of it and gains vulnerable to damage from that ally&#x2019;s attacks equal to your Charisma modifier (save ends both).&lt;/span&gt;
</power_rules_html><power_published_in>Dragon Magazine 381, page(s) 32. </power_published_in><power_dndinsider_id>10124</power_dndinsider_id><formatOutput>1</formatOutput></Power>
