<?xml version="1.0"?>
<Power><power_name>Provocative Order</power_name><power_class_and_level>Warlord Attack 1</power_class_and_level><power_flavor>You prompt an ally to take the fight to the enemy.</power_flavor><power_frequency>Encounter</power_frequency><power_keywords>Martial</power_keywords><power_action_type>Standard Action</power_action_type><power_range_and_aoe>Close burst 5</power_range_and_aoe><power_rules>Target: One ally who has line of sight to you and can hear you
Effect: The target makes a charge attack as a free action. This attack deals 1[W] extra damage.</power_rules><power_rules_html>&lt;span class="flavor"&gt;&lt;b&gt;Target: &lt;/b&gt;One ally who has line of sight to you and can hear you&lt;/span&gt;
&lt;span class="flavor"&gt;&lt;b&gt;Effect: &lt;/b&gt;The target makes a charge attack as a free action. This attack deals 1[W] extra damage.&lt;/span&gt;
</power_rules_html><power_published_in>Dragon Magazine 381, page(s) 32. </power_published_in><power_dndinsider_id>10120</power_dndinsider_id><formatOutput>1</formatOutput></Power>
