<?xml version="1.0"?>
<Power><power_name>Lamb to the Slaughter</power_name><power_class_and_level>Warlord Attack 1</power_class_and_level><power_flavor>The enemy succumbs to your challenge and engages you&#x2014;only to find more opponents than it expected.</power_flavor><power_frequency>Daily</power_frequency><power_keywords>Martial, Reliable, Weapon</power_keywords><power_action_type>Standard Action</power_action_type><power_range_and_aoe>Melee 5</power_range_and_aoe><power_rules>Target: One creature
Attack: Strength vs. Will
Hit: You pull the target 5 squares, and one, two, or three allies within 5 squares of you who have line of sight to you and can hear you can make charge attacks against the target as free actions.</power_rules><power_rules_html>&lt;span class="flavor"&gt;&lt;b&gt;Target: &lt;/b&gt;One creature&lt;/span&gt;
&lt;span class="flavor"&gt;&lt;b&gt;Attack: &lt;/b&gt;Strength vs. Will&lt;/span&gt;
&lt;span class="flavor"&gt;&lt;b&gt;Hit: &lt;/b&gt;You pull the target 5 squares, and one, two, or three allies within 5 squares of you who have line of sight to you and can hear you can make charge attacks against the target as free actions.&lt;/span&gt;
</power_rules_html><power_published_in>Dragon Magazine 381, page(s) 32. </power_published_in><power_dndinsider_id>10121</power_dndinsider_id><formatOutput>1</formatOutput></Power>
