<?xml version="1.0"?>
<Power><power_name>Garrote Grip</power_name><power_class_and_level>Rogue Attack 15</power_class_and_level><power_flavor>You put your foe into a hold that will soon take it out of the fight.</power_flavor><power_frequency>Daily</power_frequency><power_keywords>Martial, Reliable, Weapon</power_keywords><power_action_type>Standard Action</power_action_type><power_range_and_aoe>Melee weapon</power_range_and_aoe><power_rules>Requirement: You must be wielding a light blade and have a hand free.
Target: One creature
Attack: Dexterity vs. Reflex
Hit: 2[W] + Dexterity modifier damage, and you grab the target until the end of your next turn. Until the grab ends, you have partial cover, and any melee attack or ranged attack that misses you hits the target instead.
Sustain Minor: The grab persists until the end of your next turn. The third time you sustain the grab, the target falls unconscious. If the unconscious target takes any damage, the unconsciousness ends.
Special: You can use this power as a minor action if you are grabbing a creature, and you automatically hit that creature.</power_rules><power_rules_html>&lt;span class="flavor"&gt;&lt;b&gt;Requirement: &lt;/b&gt;You must be wielding a light blade and have a hand free.&lt;/span&gt;
&lt;span class="flavor"&gt;&lt;b&gt;Target: &lt;/b&gt;One creature&lt;/span&gt;
&lt;span class="flavor"&gt;&lt;b&gt;Attack: &lt;/b&gt;Dexterity vs. Reflex&lt;/span&gt;
&lt;span class="flavor"&gt;&lt;b&gt;Hit: &lt;/b&gt;2[W] + Dexterity modifier damage, and you grab the target until the end of your next turn. Until the grab ends, you have partial cover, and any melee attack or ranged attack that misses you hits the target instead.&lt;/span&gt;
&lt;span class="flavor"&gt;&lt;b&gt;Sustain Minor: &lt;/b&gt;The grab persists until the end of your next turn. The third time you sustain the grab, the target falls unconscious. If the unconscious target takes any damage, the unconsciousness ends.&lt;/span&gt;
&lt;span class="flavor"&gt;&lt;b&gt;Special: &lt;/b&gt;You can use this power as a minor action if you are grabbing a creature, and you automatically hit that creature.&lt;/span&gt;
</power_rules_html><power_published_in>Player's Handbook, page(s) 123, Class Compendium.</power_published_in><power_dndinsider_id>1013</power_dndinsider_id><formatOutput>1</formatOutput></Power>
