<?xml version="1.0"?>
<Power><power_name>Charm of Misplaced Wrath</power_name><power_class_and_level>Wizard Attack 1</power_class_and_level><power_flavor>You bend your foe&#x2019;s mind, filling it with wrath even as you twist its senses.</power_flavor><power_frequency>Encounter</power_frequency><power_keywords>Arcane, Charm, Enchantment, Implement</power_keywords><power_action_type>Standard Action</power_action_type><power_range_and_aoe>Ranged 10</power_range_and_aoe><power_rules>Target: One enemy
Attack: Intelligence vs. Will
Hit: You slide the target up to 3 squares. The target is then dazed until the end of your next turn.
Effect: The target makes a basic attack against a creature of your choice as a free action. The basic attack gains a +2 power bonus to the damage roll.</power_rules><power_rules_html>&lt;span class="flavor"&gt;&lt;b&gt;Target: &lt;/b&gt;One enemy&lt;/span&gt;
&lt;span class="flavor"&gt;&lt;b&gt;Attack: &lt;/b&gt;Intelligence vs. Will&lt;/span&gt;
&lt;span class="flavor"&gt;&lt;b&gt;Hit: &lt;/b&gt;You slide the target up to 3 squares. The target is then dazed until the end of your next turn.&lt;/span&gt;
&lt;span class="flavor"&gt;&lt;b&gt;Effect: &lt;/b&gt;The target makes a basic attack against a creature of your choice as a free action. The basic attack gains a +2 power bonus to the damage roll.&lt;/span&gt;
</power_rules_html><power_published_in>Dragon Magazine 381, page(s) 66, Heroes of the Fallen Lands, page(s) 206. </power_published_in><power_dndinsider_id>10138</power_dndinsider_id><formatOutput>1</formatOutput></Power>
