<?xml version="1.0"?>
<Power><power_name>Awakened Wrath</power_name><power_class_and_level>Warlord Attack 9</power_class_and_level><power_flavor>Seeing your hurts, an ally explodes with unexpected violence.</power_flavor><power_frequency>Daily</power_frequency><power_keywords>Martial</power_keywords><power_action_type>Immediate Reaction</power_action_type><power_range_and_aoe>Close burst 5</power_range_and_aoe><power_rules>Trigger: You are bloodied by an attack
Target: One ally with line of sight to you
Effect: The target makes a melee basic attack against each enemy adjacent to him or her as a free action. Then the target can shift 1 square for each enemy he or she hit as a free action, but the target must end this movement closer to you.</power_rules><power_rules_html>&lt;span class="flavor"&gt;&lt;b&gt;Trigger: &lt;/b&gt;You are bloodied by an attack&lt;/span&gt;
&lt;span class="flavor"&gt;&lt;b&gt;Target: &lt;/b&gt;One ally with line of sight to you&lt;/span&gt;
&lt;span class="flavor"&gt;&lt;b&gt;Effect: &lt;/b&gt;The target makes a melee basic attack against each enemy adjacent to him or her as a free action. Then the target can shift 1 square for each enemy he or she hit as a free action, but the target must end this movement closer to you.&lt;/span&gt;
</power_rules_html><power_published_in>Dragon Magazine 381, page(s) 33. </power_published_in><power_dndinsider_id>10130</power_dndinsider_id><formatOutput>1</formatOutput></Power>
