<?xml version="1.0"?>
<Power><power_name>Draw Their Eyes</power_name><power_class_and_level>Warlord Utility 10</power_class_and_level><power_flavor>You fix the enemy in your eyes, devoting yourself to defeating the foe at any cost.</power_flavor><power_frequency>Encounter</power_frequency><power_keywords>Martial</power_keywords><power_action_type>Move Action</power_action_type><power_range_and_aoe>Personal </power_range_and_aoe><power_rules>Effect: Move your speed. At the end of your movement, you grant combat advantage to and are marked by one enemy adjacent to you until the end of your next turn. While you are marked by this enemy, you gain a power bonus to your damage rolls against the enemy equal to your Strength modifier.</power_rules><power_rules_html>&lt;span class="flavor"&gt;&lt;b&gt;Effect: &lt;/b&gt;Move your speed. At the end of your movement, you grant combat advantage to and are marked by one enemy adjacent to you until the end of your next turn. While you are marked by this enemy, you gain a power bonus to your damage rolls against the enemy equal to your Strength modifier.&lt;/span&gt;
</power_rules_html><power_published_in>Dragon Magazine 381, page(s) 33. </power_published_in><power_dndinsider_id>10132</power_dndinsider_id><formatOutput>1</formatOutput></Power>
