<?xml version="1.0"?>
<Power><power_name>Warlord's Denial</power_name><power_class_and_level>Warlord Utility 10</power_class_and_level><power_flavor>With your stirring words, you prove that the enemy has no hold on you and your allies.</power_flavor><power_frequency>Daily</power_frequency><power_keywords>Martial</power_keywords><power_action_type>Minor Action</power_action_type><power_range_and_aoe>Close burst 2</power_range_and_aoe><power_rules>Target: You and any ally in the burst
Effect: The target makes a saving throw. Until the end of your next turn, when you use inspiring word on an ally, the ally can make a saving throw.</power_rules><power_rules_html>&lt;span class="flavor"&gt;&lt;b&gt;Target: &lt;/b&gt;You and any ally in the burst&lt;/span&gt;
&lt;span class="flavor"&gt;&lt;b&gt;Effect: &lt;/b&gt;The target makes a saving throw. Until the end of your next turn, when you use inspiring word on an ally, the ally can make a saving throw.&lt;/span&gt;
</power_rules_html><power_published_in>Dragon Magazine 381, page(s) 33. </power_published_in><power_dndinsider_id>10133</power_dndinsider_id><formatOutput>1</formatOutput></Power>
