<?xml version="1.0"?>
<Power><power_name>Winged Horde</power_name><power_class_and_level>Wizard Attack 1</power_class_and_level><power_flavor>A horde of flesh-devouring sprites appears in your foes&#x2019; minds. The enemies shriek in horror and swat at the menace, leaving them unable to react to your allies&#x2019; maneuvers.</power_flavor><power_frequency>At-Will</power_frequency><power_keywords>Arcane, Illusion, Implement, Psychic</power_keywords><power_action_type>Standard Action</power_action_type><power_range_and_aoe>Area burst 1 within 10</power_range_and_aoe><power_rules>Target: Each enemy in the burst
Attack: Intelligence vs. Will
Hit: 1d6 psychic damage, and the target cannot take opportunity actions until the end of your next turn.
Level 21: 2d6 psychic damage.</power_rules><power_rules_html>&lt;span class="flavor"&gt;&lt;b&gt;Target: &lt;/b&gt;Each enemy in the burst&lt;/span&gt;
&lt;span class="flavor"&gt;&lt;b&gt;Attack: &lt;/b&gt;Intelligence vs. Will&lt;/span&gt;
&lt;span class="flavor"&gt;&lt;b&gt;Hit: &lt;/b&gt;1d6 psychic damage, and the target cannot take opportunity actions until the end of your next turn.&lt;/span&gt;
&lt;span class="flavor"&gt;Level 21: 2d6 psychic damage.&lt;/span&gt;
</power_rules_html><power_published_in>Dragon Magazine 381, page(s) 66, Heroes of the Feywild, page(s) 91. </power_published_in><power_dndinsider_id>10137</power_dndinsider_id><formatOutput>1</formatOutput></Power>
