<?xml version="1.0"?>
<Power><power_name>Invitational Assault</power_name><power_class_and_level>Warlord Attack 13</power_class_and_level><power_flavor>Your attack invites a nearby ally to join your struggle, and those who answer are the better for it.</power_flavor><power_frequency>Encounter</power_frequency><power_keywords>Martial, Weapon</power_keywords><power_action_type>Standard Action</power_action_type><power_range_and_aoe>Melee weapon</power_range_and_aoe><power_rules>Target: One creature
Attack: Strength vs. AC
Hit: 2[W] + Strength modifier damage, and you slide one ally within 5 squares of you 6 squares to a square adjacent to the target. That ally can make a melee basic attack against the target as a free action.
Bravura Presence: The ally grants combat advantage to the target until the end of your next turn, but he or she deals extra damage equal to your Strength modifier when using its basic attack.
Tactical Presence: The ally gains a bonus to its attack roll equal to your Intelligence modifier.</power_rules><power_rules_html>&lt;span class="flavor"&gt;&lt;b&gt;Target: &lt;/b&gt;One creature&lt;/span&gt;
&lt;span class="flavor"&gt;&lt;b&gt;Attack: &lt;/b&gt;Strength vs. AC&lt;/span&gt;
&lt;span class="flavor"&gt;&lt;b&gt;Hit: &lt;/b&gt;2[W] + Strength modifier damage, and you slide one ally within 5 squares of you 6 squares to a square adjacent to the target. That ally can make a melee basic attack against the target as a free action.&lt;/span&gt;
&lt;span class="flavor"&gt;&lt;b&gt;Bravura Presence: &lt;/b&gt;The ally grants combat advantage to the target until the end of your next turn, but he or she deals extra damage equal to your Strength modifier when using its basic attack.&lt;/span&gt;
&lt;span class="flavor"&gt;&lt;b&gt;Tactical Presence: &lt;/b&gt;The ally gains a bonus to its attack roll equal to your Intelligence modifier.&lt;/span&gt;
</power_rules_html><power_published_in>Dragon Magazine 381, page(s) 33. </power_published_in><power_dndinsider_id>10134</power_dndinsider_id><formatOutput>1</formatOutput></Power>
