<?xml version="1.0"?>
<Power><power_name>Teachable Moment</power_name><power_class_and_level>Warlord Attack 9</power_class_and_level><power_flavor>Your successes show your allies where the enemy is weak, and your failures show them where it is too strong.</power_flavor><power_frequency>Daily</power_frequency><power_keywords>Martial, Weapon</power_keywords><power_action_type>Standard Action</power_action_type><power_range_and_aoe>Melee weapon</power_range_and_aoe><power_rules>Target: One creature
Attack: Strength vs. AC
Hit: 2[W] + Strength modifier damage.
Miss: Half damage.
Effect: Until the end of the encounter, each time you hit with a melee attack, one ally with line of sight to you gains a +3 power bonus to its next damage roll. Each time you miss with a melee attack, one ally with line of sight to you gains a +2 power bonus to its next attack roll.</power_rules><power_rules_html>&lt;span class="flavor"&gt;&lt;b&gt;Target: &lt;/b&gt;One creature&lt;/span&gt;
&lt;span class="flavor"&gt;&lt;b&gt;Attack: &lt;/b&gt;Strength vs. AC&lt;/span&gt;
&lt;span class="flavor"&gt;&lt;b&gt;Hit: &lt;/b&gt;2[W] + Strength modifier damage.&lt;/span&gt;
&lt;span class="flavor"&gt;&lt;b&gt;Miss: &lt;/b&gt;Half damage.&lt;/span&gt;
&lt;span class="flavor"&gt;&lt;b&gt;Effect: &lt;/b&gt;Until the end of the encounter, each time you hit with a melee attack, one ally with line of sight to you gains a +3 power bonus to its next damage roll. Each time you miss with a melee attack, one ally with line of sight to you gains a +2 power bonus to its next attack roll.&lt;/span&gt;
</power_rules_html><power_published_in>Dragon Magazine 381, page(s) 33. </power_published_in><power_dndinsider_id>10131</power_dndinsider_id><formatOutput>1</formatOutput></Power>
