<?xml version="1.0"?>
<Power><power_name>Jarring Assault</power_name><power_class_and_level>Warlord Attack 13</power_class_and_level><power_flavor>Your fierce strike damages your foe&#x2019;s ability to fight back.</power_flavor><power_frequency>Encounter</power_frequency><power_keywords>Martial, Weapon</power_keywords><power_action_type>Standard Action</power_action_type><power_range_and_aoe>Melee weapon</power_range_and_aoe><power_rules>Target: One creature
Attack: Strength vs. AC
Hit: 2[W] + Strength modifier damage.
Effect: The target takes a -2 penalty to attack rolls until the start of your next turn.
Inspiring Presence: If the target attacks an ally, the ally gains temporary hit points equal to your Charisma modifier before the attack hits or misses.
Resourceful Presence: The target&#x2019;s penalty to attack rolls equals your Intelligence modifier.</power_rules><power_rules_html>&lt;span class="flavor"&gt;&lt;b&gt;Target: &lt;/b&gt;One creature&lt;/span&gt;
&lt;span class="flavor"&gt;&lt;b&gt;Attack: &lt;/b&gt;Strength vs. AC&lt;/span&gt;
&lt;span class="flavor"&gt;&lt;b&gt;Hit: &lt;/b&gt;2[W] + Strength modifier damage.&lt;/span&gt;
&lt;span class="flavor"&gt;&lt;b&gt;Effect: &lt;/b&gt;The target takes a -2 penalty to attack rolls until the start of your next turn.&lt;/span&gt;
&lt;span class="flavor"&gt;&lt;b&gt;Inspiring Presence: &lt;/b&gt;If the target attacks an ally, the ally gains temporary hit points equal to your Charisma modifier before the attack hits or misses.&lt;/span&gt;
&lt;span class="flavor"&gt;&lt;b&gt;Resourceful Presence: &lt;/b&gt;The target&#x2019;s penalty to attack rolls equals your Intelligence modifier.&lt;/span&gt;
</power_rules_html><power_published_in>Dragon Magazine 381, page(s) 33. </power_published_in><power_dndinsider_id>10136</power_dndinsider_id><formatOutput>1</formatOutput></Power>
