<?xml version="1.0"?>
<Power><power_name>Spectral Image</power_name><power_class_and_level>Wizard Utility 2</power_class_and_level><power_flavor>You make a complex illusion of a creature or an object to fool your enemies.</power_flavor><power_frequency>Encounter</power_frequency><power_keywords>Arcane, Illusion</power_keywords><power_action_type>Minor Action</power_action_type><power_range_and_aoe>Ranged 10</power_range_and_aoe><power_rules>Effect: The illusion of a creature or an object up to Medium size appears in an unoccupied square within range. It can make sounds and can move within its square, but it cannot leave it. Each of its defenses is 10. The illusion lasts until the end of the encounter, until an attack hits it, or until a creature touches it or moves through it.
An Insight check (DC 15 + one-half your level + your Intelligence modifier) allows a creature to determine that the image is an illusion.</power_rules><power_rules_html>&lt;span class="flavor"&gt;&lt;b&gt;Effect: &lt;/b&gt;The illusion of a creature or an object up to Medium size appears in an unoccupied square within range. It can make sounds and can move within its square, but it cannot leave it. Each of its defenses is 10. The illusion lasts until the end of the encounter, until an attack hits it, or until a creature touches it or moves through it.&lt;/span&gt;
&lt;span class="flavor"&gt;An Insight check (DC 15 + one-half your level + your Intelligence modifier) allows a creature to determine that the image is an illusion.&lt;/span&gt;
</power_rules_html><power_published_in>Dragon Magazine 381, page(s) 66, Heroes of the Fallen Lands, page(s) 210. </power_published_in><power_dndinsider_id>10143</power_dndinsider_id><formatOutput>1</formatOutput></Power>
