<?xml version="1.0"?>
<Power><power_name>Glowering Wrath</power_name><power_class_and_level>Wizard Utility 6</power_class_and_level><power_flavor>You voice thunders above the din of the battlefield, casting fear and doubt into your foes.</power_flavor><power_frequency>Encounter</power_frequency><power_keywords>Arcane</power_keywords><power_action_type>Minor Action</power_action_type><power_range_and_aoe>Personal </power_range_and_aoe><power_rules>Effect: Until the end of your next turn, you gain a +5 power bonus to Intimidate checks and increase the distance of any forced movement you cause by 2 squares.</power_rules><power_rules_html>&lt;span class="flavor"&gt;&lt;b&gt;Effect: &lt;/b&gt;Until the end of your next turn, you gain a +5 power bonus to Intimidate checks and increase the distance of any forced movement you cause by 2 squares.&lt;/span&gt;
</power_rules_html><power_published_in>Dragon Magazine 381, page(s) 66. </power_published_in><power_dndinsider_id>10145</power_dndinsider_id><formatOutput>1</formatOutput></Power>
