<?xml version="1.0"?>
<Power><power_name>Charm of the Defender</power_name><power_class_and_level>Wizard Attack 7</power_class_and_level><power_flavor>You weave a skein of deceitful magic, tricking your foe to become a hero to its enemies.</power_flavor><power_frequency>Encounter</power_frequency><power_keywords>Arcane, Charm, Enchantment, Implement</power_keywords><power_action_type>Standard Action</power_action_type><power_range_and_aoe>Ranged 10</power_range_and_aoe><power_rules>Target: One enemy
Attack: Intelligence vs. Will
Hit: You slide the target up to 3 squares, and it is immobilized until the end of your next turn. Also until the end of your next turn, when an enemy starts its turn adjacent to the target, the target makes a melee basic attack against that enemy as a free action. The target gains a power bonus to the attack roll and the damage roll equal to your implement&#x2019;s enhancement bonus.
Miss: You slide the target up to 3 squares.</power_rules><power_rules_html>&lt;span class="flavor"&gt;&lt;b&gt;Target: &lt;/b&gt;One enemy&lt;/span&gt;
&lt;span class="flavor"&gt;&lt;b&gt;Attack: &lt;/b&gt;Intelligence vs. Will&lt;/span&gt;
&lt;span class="flavor"&gt;&lt;b&gt;Hit: &lt;/b&gt;You slide the target up to 3 squares, and it is immobilized until the end of your next turn. Also until the end of your next turn, when an enemy starts its turn adjacent to the target, the target makes a melee basic attack against that enemy as a free action. The target gains a power bonus to the attack roll and the damage roll equal to your implement&#x2019;s enhancement bonus.&lt;/span&gt;
&lt;span class="flavor"&gt;&lt;b&gt;Miss: &lt;/b&gt;You slide the target up to 3 squares.&lt;/span&gt;
</power_rules_html><power_published_in>Dragon Magazine 381, page(s) 66, Heroes of the Fallen Lands, page(s) 215. </power_published_in><power_dndinsider_id>10146</power_dndinsider_id><formatOutput>1</formatOutput></Power>
