<?xml version="1.0"?>
<Power><power_name>Arcane Bolt</power_name><power_class_and_level>Wizard Attack 3</power_class_and_level><power_flavor>A silver arrow of force appears next to you. You gesture toward a foe, sending the arrow on an unerring path toward that enemy.</power_flavor><power_frequency>Encounter</power_frequency><power_keywords>Arcane, Evocation, Force, Implement</power_keywords><power_action_type>Standard Action</power_action_type><power_range_and_aoe>Ranged 10</power_range_and_aoe><power_rules>Target: One creature
Effect: The target takes force damage equal to 5 + your Intelligence modifier + the enhancement bonus of your implement.</power_rules><power_rules_html>&lt;span class="flavor"&gt;&lt;b&gt;Target: &lt;/b&gt;One creature&lt;/span&gt;
&lt;span class="flavor"&gt;&lt;b&gt;Effect: &lt;/b&gt;The target takes force damage equal to 5 + your Intelligence modifier + the enhancement bonus of your implement.&lt;/span&gt;
</power_rules_html><power_published_in>Dragon Magazine 381, page(s) 66. </power_published_in><power_dndinsider_id>10144</power_dndinsider_id><formatOutput>1</formatOutput></Power>
