<?xml version="1.0"?>
<Power><power_name>Memory to Mist</power_name><power_class_and_level>Wizard Utility 2</power_class_and_level><power_flavor>Your magic settles into a creature&#x2019;s mind, causing it to forget what it just witnessed.</power_flavor><power_frequency>Daily</power_frequency><power_keywords>Arcane</power_keywords><power_action_type>Minor Action</power_action_type><power_range_and_aoe>Ranged 2</power_range_and_aoe><power_rules>Target: One creature that is not involved in combat and that is lower level than you
Effect: The creature forgets everything that happened in the past 10 minutes and for the next 1 minute.</power_rules><power_rules_html>&lt;span class="flavor"&gt;&lt;b&gt;Target: &lt;/b&gt;One creature that is not involved in combat and that is lower level than you&lt;/span&gt;
&lt;span class="flavor"&gt;&lt;b&gt;Effect: &lt;/b&gt;The creature forgets everything that happened in the past 10 minutes and for the next 1 minute.&lt;/span&gt;
</power_rules_html><power_published_in>Dragon Magazine 381, page(s) 66. </power_published_in><power_dndinsider_id>10141</power_dndinsider_id><formatOutput>1</formatOutput></Power>
