<?xml version="1.0"?>
<Power><power_name>Words of Truth</power_name><power_class_and_level>Wizard Utility 16</power_class_and_level><power_flavor>Arcane magic infuses your demands, forcing the creature that cowers before you to answer them without hesitation.</power_flavor><power_frequency>Daily</power_frequency><power_keywords>Arcane</power_keywords><power_action_type>Minor Action</power_action_type><power_range_and_aoe>Ranged 2</power_range_and_aoe><power_rules>Target: One creature that is not involved in combat and that is lower level than you
Effect: You ask the creature one question, and it must answer truthfully.</power_rules><power_rules_html>&lt;span class="flavor"&gt;&lt;b&gt;Target: &lt;/b&gt;One creature that is not involved in combat and that is lower level than you&lt;/span&gt;
&lt;span class="flavor"&gt;&lt;b&gt;Effect: &lt;/b&gt;You ask the creature one question, and it must answer truthfully.&lt;/span&gt;
</power_rules_html><power_published_in>Dragon Magazine 381, page(s) 67. </power_published_in><power_dndinsider_id>10149</power_dndinsider_id><formatOutput>1</formatOutput></Power>
