<?xml version="1.0"?>
<Power><power_name>Words of Deceit</power_name><power_class_and_level>Wizard Utility 10</power_class_and_level><power_flavor>Your words move in a spiral, folding into themselves to deceive your enemies. You weave a magical attack into them that remains in your grasp should your foe&#x2019;s mind prove too strong to overcome.</power_flavor><power_frequency>Encounter</power_frequency><power_keywords>Arcane</power_keywords><power_action_type>Minor Action</power_action_type><power_range_and_aoe>Personal </power_range_and_aoe><power_rules>Effect: Until the end of your next turn, you gain a +5 power bonus to Bluff checks and you retain the use of any single-target, encounter charm spells that miss.</power_rules><power_rules_html>&lt;span class="flavor"&gt;&lt;b&gt;Effect: &lt;/b&gt;Until the end of your next turn, you gain a +5 power bonus to Bluff checks and you retain the use of any single-target, encounter charm spells that miss.&lt;/span&gt;
</power_rules_html><power_published_in>Dragon Magazine 381, page(s) 67. </power_published_in><power_dndinsider_id>10147</power_dndinsider_id><formatOutput>1</formatOutput></Power>
