<?xml version="1.0"?>
<Power><power_name>Glib Tongue</power_name><power_class_and_level>Wizard Utility 2</power_class_and_level><power_flavor>You weave magic into your words, defusing a dangerous situation through the fine art of diplomacy.</power_flavor><power_frequency>Encounter</power_frequency><power_keywords>Arcane</power_keywords><power_action_type>Minor Action</power_action_type><power_range_and_aoe>Personal </power_range_and_aoe><power_rules>Effect: You gain a +5 power bonus to Diplomacy checks and a +2 power bonus to charm attack rolls until the end of your next turn.</power_rules><power_rules_html>&lt;span class="flavor"&gt;&lt;b&gt;Effect: &lt;/b&gt;You gain a +5 power bonus to Diplomacy checks and a +2 power bonus to charm attack rolls until the end of your next turn.&lt;/span&gt;
</power_rules_html><power_published_in>Dragon Magazine 381, page(s) 66. </power_published_in><power_dndinsider_id>10140</power_dndinsider_id><formatOutput>1</formatOutput></Power>
