<?xml version="1.0"?>
<Power><power_name>Passing Attack</power_name><power_class_and_level>Fighter Attack 1</power_class_and_level><power_flavor>You strike at one foe, allowing your momentum to carry you forward into a second strike against another enemy.</power_flavor><power_frequency>Encounter</power_frequency><power_keywords>Martial, Weapon</power_keywords><power_action_type>Standard Action</power_action_type><power_range_and_aoe>Melee weapon</power_range_and_aoe><power_rules>Primary Target: One creature
Primary Attack: Strength vs. AC
Hit: 1[W] + Strength modifier damage, and you can shift 1 square. Make the secondary attack.
Secondary Target: One creature other than the primary target
Secondary Attack: Strength + 2 vs. AC
Hit: 1[W] + Strength modifier damage.</power_rules><power_rules_html>&lt;span class="flavor"&gt;&lt;b&gt;Primary Target: &lt;/b&gt;One creature&lt;/span&gt;
&lt;span class="flavor"&gt;&lt;b&gt;Primary Attack: &lt;/b&gt;Strength vs. AC&lt;/span&gt;
&lt;span class="flavor"&gt;&lt;b&gt;Hit: &lt;/b&gt;1[W] + Strength modifier damage, and you can shift 1 square. Make the secondary attack.&lt;/span&gt;
&lt;span class="flavor"&gt;&lt;b&gt;Secondary Target: &lt;/b&gt;One creature other than the primary target&lt;/span&gt;
&lt;span class="flavor"&gt;&lt;b&gt;Secondary Attack: &lt;/b&gt;Strength + 2 vs. AC&lt;/span&gt;
&lt;span class="flavor"&gt;&lt;b&gt;Hit: &lt;/b&gt;1[W] + Strength modifier damage.&lt;/span&gt;
</power_rules_html><power_published_in>Player's Handbook, page(s) 78, Class Compendium.</power_published_in><power_dndinsider_id>1015</power_dndinsider_id><formatOutput>1</formatOutput></Power>
