<?xml version="1.0"?>
<Power><power_name>Predatory Charge</power_name><power_class_and_level>Ranger Attack 5</power_class_and_level><power_flavor>You lunge toward your foe, while your beast companion leaps on an enemy in your wake.</power_flavor><power_frequency>Daily</power_frequency><power_keywords>Beast, Martial, Weapon</power_keywords><power_action_type>Standard Action</power_action_type><power_range_and_aoe>Melee weapon</power_range_and_aoe><power_rules>Prerequisite: You must be trained in Athletics.
Target: One creature
Requirement: You must charge the primary target and use this power in place of a melee basic attack.
Attack: Strength vs. AC
Hit: 2[W] + Strength modifier damage, and you push the target 1 square and shift into the square it formerly occupied.
Effect: Your beast companion charges an enemy, and the enemy falls prone on a hit. If that enemy attacked you with an opportunity attack during your turn, your beast companion gains a power bonus equal to your Wisdom modifier to the attack rolls and damage rolls on the secondary attack.</power_rules><power_rules_html>&lt;span class="flavor"&gt;&lt;b&gt;Prerequisite: &lt;/b&gt;You must be trained in Athletics.&lt;/span&gt;
&lt;span class="flavor"&gt;&lt;b&gt;Target: &lt;/b&gt;One creature&lt;/span&gt;
&lt;span class="flavor"&gt;&lt;b&gt;Requirement: &lt;/b&gt;You must charge the primary target and use this power in place of a melee basic attack.&lt;/span&gt;
&lt;span class="flavor"&gt;&lt;b&gt;Attack: &lt;/b&gt;Strength vs. AC&lt;/span&gt;
&lt;span class="flavor"&gt;&lt;b&gt;Hit: &lt;/b&gt;2[W] + Strength modifier damage, and you push the target 1 square and shift into the square it formerly occupied.&lt;/span&gt;
&lt;span class="flavor"&gt;&lt;b&gt;Effect: &lt;/b&gt;Your beast companion charges an enemy, and the enemy falls prone on a hit. If that enemy attacked you with an opportunity attack during your turn, your beast companion gains a power bonus equal to your Wisdom modifier to the attack rolls and damage rolls on the secondary attack.&lt;/span&gt;
</power_rules_html><power_published_in>Dragon Magazine 381, page(s) 79. </power_published_in><power_dndinsider_id>10156</power_dndinsider_id><formatOutput>1</formatOutput></Power>
