<?xml version="1.0"?>
<Power><power_name>Charm of Puppet Strings</power_name><power_class_and_level>Wizard Attack 27</power_class_and_level><power_flavor>As your magic clouds your foe&#x2019;s mind, it shrieks in fury and leaps from one of its allies to the next, hewing at them with a madman&#x2019;s fury.</power_flavor><power_frequency>Encounter</power_frequency><power_keywords>Arcane, Charm, Enchantment, Implement</power_keywords><power_action_type>Standard Action</power_action_type><power_range_and_aoe>Ranged 20</power_range_and_aoe><power_rules>Target: One creature
Attack: Intelligence vs. Will
Hit: The target is dominated until the end of your next turn. In addition, at the start of the target&#x2019;s next turn, you can slide it its speed. Until the end of your next turn, whenever an enemy starts its turn next to or moves to a square adjacent to the target, the target must make a melee basic attack as a free action against that enemy. The target gains a bonus to the attack roll and damage roll equal to your implement&#x2019;s enhancement bonus.</power_rules><power_rules_html>&lt;span class="flavor"&gt;&lt;b&gt;Target: &lt;/b&gt;One creature&lt;/span&gt;
&lt;span class="flavor"&gt;&lt;b&gt;Attack: &lt;/b&gt;Intelligence vs. Will&lt;/span&gt;
&lt;span class="flavor"&gt;&lt;b&gt;Hit: &lt;/b&gt;The target is dominated until the end of your next turn. In addition, at the start of the target&#x2019;s next turn, you can slide it its speed. Until the end of your next turn, whenever an enemy starts its turn next to or moves to a square adjacent to the target, the target must make a melee basic attack as a free action against that enemy. The target gains a bonus to the attack roll and damage roll equal to your implement&#x2019;s enhancement bonus.&lt;/span&gt;
</power_rules_html><power_published_in>Dragon Magazine 381, page(s) 67. </power_published_in><power_dndinsider_id>10152</power_dndinsider_id><formatOutput>1</formatOutput></Power>
