<?xml version="1.0"?>
<Power><power_name>Arcane Volley</power_name><power_class_and_level>Wizard Attack 23</power_class_and_level><power_flavor>You launch a fusillade of arcane darts and send them speeding toward your enemies. No amount of armor or arcane defenses can protect your foes.</power_flavor><power_frequency>Encounter</power_frequency><power_keywords>Arcane, Evocation, Force, Implement</power_keywords><power_action_type>Standard Action</power_action_type><power_range_and_aoe>Ranged 20</power_range_and_aoe><power_rules>Target: One creature, or two or three creatures that are adjacent to at least one other target.
Effect: Each target takes force damage equal to 5 + your Intelligence modifier + your implement&#x2019;s enhancement bonus. If you have selected only two targets, increase the damage each target takes by 5. If you have selected only one target, instead increase the damage it takes by 10.</power_rules><power_rules_html>&lt;span class="flavor"&gt;&lt;b&gt;Target: &lt;/b&gt;One creature, or two or three creatures that are adjacent to at least one other target.&lt;/span&gt;
&lt;span class="flavor"&gt;&lt;b&gt;Effect: &lt;/b&gt;Each target takes force damage equal to 5 + your Intelligence modifier + your implement&#x2019;s enhancement bonus. If you have selected only two targets, increase the damage each target takes by 5. If you have selected only one target, instead increase the damage it takes by 10.&lt;/span&gt;
</power_rules_html><power_published_in>Dragon Magazine 381, page(s) 67. </power_published_in><power_dndinsider_id>10151</power_dndinsider_id><formatOutput>1</formatOutput></Power>
