<?xml version="1.0"?>
<Power><power_name>Charm of False Glory</power_name><power_class_and_level>Wizard Attack 17</power_class_and_level><power_flavor>Your foe shouts in triumph as it suddenly turns against its allies. Your magic twists its sight and mind, causing it to see enemies where allies stand.</power_flavor><power_frequency>Encounter</power_frequency><power_keywords>Arcane, Charm, Enchantment, Implement</power_keywords><power_action_type>Standard Action</power_action_type><power_range_and_aoe>Ranged 10</power_range_and_aoe><power_rules>Target: One creature
Attack: Intelligence vs. Will
Hit: Slide the target a number of squares equal to its speed. It is immobilized until the end of your next turn. In addition, until the end of your next turn, whenever an enemy starts its turn next to or moves to a square adjacent to the target, the target must make a melee basic attack as a free action against that enemy. The target gains a bonus to the attack roll and damage roll equal to your implement&#x2019;s enhancement bonus. Each time it hits with this attack, you can slide the target 2 squares.</power_rules><power_rules_html>&lt;span class="flavor"&gt;&lt;b&gt;Target: &lt;/b&gt;One creature&lt;/span&gt;
&lt;span class="flavor"&gt;&lt;b&gt;Attack: &lt;/b&gt;Intelligence vs. Will&lt;/span&gt;
&lt;span class="flavor"&gt;&lt;b&gt;Hit: &lt;/b&gt;Slide the target a number of squares equal to its speed. It is immobilized until the end of your next turn. In addition, until the end of your next turn, whenever an enemy starts its turn next to or moves to a square adjacent to the target, the target must make a melee basic attack as a free action against that enemy. The target gains a bonus to the attack roll and damage roll equal to your implement&#x2019;s enhancement bonus. Each time it hits with this attack, you can slide the target 2 squares.&lt;/span&gt;
</power_rules_html><power_published_in>Dragon Magazine 381, page(s) 67. </power_published_in><power_dndinsider_id>10150</power_dndinsider_id><formatOutput>1</formatOutput></Power>
