<?xml version="1.0"?>
<Power><power_name>Brazen Assault</power_name><power_class_and_level>Fighter Attack 5</power_class_and_level><power_flavor>Relying on your own resilience, you put yourself in danger, knowing that you can maneuver for a better attack.</power_flavor><power_frequency>Daily</power_frequency><power_keywords>Martial, Weapon</power_keywords><power_action_type>Standard Action</power_action_type><power_range_and_aoe>Melee weapon</power_range_and_aoe><power_rules>Prerequisite: You must be trained in Endurance.
Target: One creature
Attack: Strength vs. AC
Hit: 3[W] + Strength modifier damage + Constitution modifier damage, and the target is pushed 2 squares.
Effect: You gain resist 5 to all damage, but grant combat advantage to all attacks. This effect lasts until the end of the encounter, or until you end it as a free action on your turn.</power_rules><power_rules_html>&lt;span class="flavor"&gt;&lt;b&gt;Prerequisite: &lt;/b&gt;You must be trained in Endurance.&lt;/span&gt;
&lt;span class="flavor"&gt;&lt;b&gt;Target: &lt;/b&gt;One creature&lt;/span&gt;
&lt;span class="flavor"&gt;&lt;b&gt;Attack: &lt;/b&gt;Strength vs. AC&lt;/span&gt;
&lt;span class="flavor"&gt;&lt;b&gt;Hit: &lt;/b&gt;3[W] + Strength modifier damage + Constitution modifier damage, and the target is pushed 2 squares.&lt;/span&gt;
&lt;span class="flavor"&gt;&lt;b&gt;Effect: &lt;/b&gt;You gain resist 5 to all damage, but grant combat advantage to all attacks. This effect lasts until the end of the encounter, or until you end it as a free action on your turn.&lt;/span&gt;
</power_rules_html><power_published_in>Dragon Magazine 381, page(s) 79. </power_published_in><power_dndinsider_id>10153</power_dndinsider_id><formatOutput>1</formatOutput></Power>
