<?xml version="1.0"?>
<Power><power_name>Goad of Blood</power_name><power_class_and_level>Fighter Attack 25</power_class_and_level><power_flavor>Where others might fold beneath the agony of the enemy&#x2019;s attacks, you allow that pain to spur you on to greater efforts.</power_flavor><power_frequency>Daily</power_frequency><power_keywords>Martial, Stance</power_keywords><power_action_type>Minor Action</power_action_type><power_range_and_aoe>Personal </power_range_and_aoe><power_rules>Prerequisite: You must be trained in Endurance.
Effect: Until the stance ends, whenever you make a melee basic attack, you can use any of your at-will melee attack or melee encounter attack powers in place of the basic attack.</power_rules><power_rules_html>&lt;span class="flavor"&gt;&lt;b&gt;Prerequisite: &lt;/b&gt;You must be trained in Endurance.&lt;/span&gt;
&lt;span class="flavor"&gt;&lt;b&gt;Effect: &lt;/b&gt;Until the stance ends, whenever you make a melee basic attack, you can use any of your at-will melee attack or melee encounter attack powers in place of the basic attack.&lt;/span&gt;
</power_rules_html><power_published_in>Dragon Magazine 381, page(s) 79. </power_published_in><power_dndinsider_id>10155</power_dndinsider_id><formatOutput>1</formatOutput></Power>
