<?xml version="1.0"?>
<Power><power_name>Revel in Pain</power_name><power_class_and_level>Fighter Attack 17</power_class_and_level><power_flavor>You grin widely as you focus the pain your foe wrought upon you and use it to move toward it with the hope of returning the pain.</power_flavor><power_frequency>Encounter</power_frequency><power_keywords>Martial, Weapon</power_keywords><power_action_type>Immediate Reaction</power_action_type><power_range_and_aoe>Melee 1</power_range_and_aoe><power_rules>Prerequisite: You must be trained in Endurance.
Trigger: An enemy within 4 squares of you damages you with an attack
Target: The triggering creature
Effect: You can move your speed to a space adjacent to the target. If you do, you can make the following attack against the target.
Attack: Strength vs. AC
Hit: 2[W] + Strength modifier damage, and you gain temporary hit points equal to half the damage of the triggering attack.</power_rules><power_rules_html>&lt;span class="flavor"&gt;&lt;b&gt;Prerequisite: &lt;/b&gt;You must be trained in Endurance.&lt;/span&gt;
&lt;span class="flavor"&gt;&lt;b&gt;Trigger: &lt;/b&gt;An enemy within 4 squares of you damages you with an attack&lt;/span&gt;
&lt;span class="flavor"&gt;&lt;b&gt;Target: &lt;/b&gt;The triggering creature&lt;/span&gt;
&lt;span class="flavor"&gt;&lt;b&gt;Effect: &lt;/b&gt;You can move your speed to a space adjacent to the target. If you do, you can make the following attack against the target.&lt;/span&gt;
&lt;span class="flavor"&gt;&lt;b&gt;Attack: &lt;/b&gt;Strength vs. AC&lt;/span&gt;
&lt;span class="flavor"&gt;&lt;b&gt;Hit: &lt;/b&gt;2[W] + Strength modifier damage, and you gain temporary hit points equal to half the damage of the triggering attack.&lt;/span&gt;
</power_rules_html><power_published_in>Dragon Magazine 381, page(s) 79. </power_published_in><power_dndinsider_id>10154</power_dndinsider_id><formatOutput>1</formatOutput></Power>
