<?xml version="1.0"?>
<Power><power_name>Strength of Earth</power_name><power_class_and_level>Ranger Attack 13</power_class_and_level><power_flavor>With a mighty heave, you leap into the air and wrap your arms about your foe, dragging it with you to the unyielding earth.</power_flavor><power_frequency>Encounter</power_frequency><power_keywords>Martial, Weapon</power_keywords><power_action_type>Standard Action</power_action_type><power_range_and_aoe>Melee 1</power_range_and_aoe><power_rules>Prerequisite: You must be trained in Athletics.
Target: One creature
Attack: Strength vs. Reflex
Effect: You jump 3 squares vertically and 5 squares horizontally before making the attack. You can make the following attack at any point during the jump.
Hit: 2[W] + Strength modifier damage, and you knock the target prone.</power_rules><power_rules_html>&lt;span class="flavor"&gt;&lt;b&gt;Prerequisite: &lt;/b&gt;You must be trained in Athletics.&lt;/span&gt;
&lt;span class="flavor"&gt;&lt;b&gt;Target: &lt;/b&gt;One creature&lt;/span&gt;
&lt;span class="flavor"&gt;&lt;b&gt;Attack: &lt;/b&gt;Strength vs. Reflex&lt;/span&gt;
&lt;span class="flavor"&gt;&lt;b&gt;Effect: &lt;/b&gt;You jump 3 squares vertically and 5 squares horizontally before making the attack. You can make the following attack at any point during the jump.&lt;/span&gt;
&lt;span class="flavor"&gt;&lt;b&gt;Hit: &lt;/b&gt;2[W] + Strength modifier damage, and you knock the target prone.&lt;/span&gt;
</power_rules_html><power_published_in>Dragon Magazine 381, page(s) 79. </power_published_in><power_dndinsider_id>10157</power_dndinsider_id><formatOutput>1</formatOutput></Power>
