<?xml version="1.0"?>
<Power><power_name>Thunderfury Charge</power_name><power_class_and_level>Ranger Attack 25</power_class_and_level><power_flavor>You slip past your enemies, who are then overwhelmed by your beast companion.</power_flavor><power_frequency>Daily</power_frequency><power_keywords>Beast, Martial, Weapon</power_keywords><power_action_type>Standard Action</power_action_type><power_range_and_aoe>Melee weapon</power_range_and_aoe><power_rules>Prerequisite: You must be trained in Athletics.
Requirement: You must begin with your beast companion adjacent to you. You charge a target and use the following attack in place of a melee basic attack. Your movement during this charge does not provoke opportunity attacks.
Primary Target: One creature
Primary Attack: Strength vs. AC
Hit: 3[W] + Strength modifier damage, and you push the target 1 square and shift into the space it formerly occupied.
Effect: Your beast companion shifts its speed to a space adjacent to you and makes the following secondary attack during its movement.
Secondary Target: Each creature to which you moved adjacent during your charge
Secondary Attack: Strength vs. Reflex
Hit: 2[W] + Strength modifier damage, and the target falls prone.</power_rules><power_rules_html>&lt;span class="flavor"&gt;&lt;b&gt;Prerequisite: &lt;/b&gt;You must be trained in Athletics.&lt;/span&gt;
&lt;span class="flavor"&gt;&lt;b&gt;Requirement: &lt;/b&gt;You must begin with your beast companion adjacent to you. You charge a target and use the following attack in place of a melee basic attack. Your movement during this charge does not provoke opportunity attacks.&lt;/span&gt;
&lt;span class="flavor"&gt;&lt;b&gt;Primary Target: &lt;/b&gt;One creature&lt;/span&gt;
&lt;span class="flavor"&gt;&lt;b&gt;Primary Attack: &lt;/b&gt;Strength vs. AC&lt;/span&gt;
&lt;span class="flavor"&gt;&lt;b&gt;Hit: &lt;/b&gt;3[W] + Strength modifier damage, and you push the target 1 square and shift into the space it formerly occupied.&lt;/span&gt;
&lt;span class="flavor"&gt;&lt;b&gt;Effect: &lt;/b&gt;Your beast companion shifts its speed to a space adjacent to you and makes the following secondary attack during its movement.&lt;/span&gt;
&lt;span class="flavor"&gt;&lt;b&gt;Secondary Target: &lt;/b&gt;Each creature to which you moved adjacent during your charge&lt;/span&gt;
&lt;span class="flavor"&gt;&lt;b&gt;Secondary Attack: &lt;/b&gt;Strength vs. Reflex&lt;/span&gt;
&lt;span class="flavor"&gt;&lt;b&gt;Hit: &lt;/b&gt;2[W] + Strength modifier damage, and the target falls prone.&lt;/span&gt;
</power_rules_html><power_published_in>Dragon Magazine 381, page(s) 79. </power_published_in><power_dndinsider_id>10158</power_dndinsider_id><formatOutput>1</formatOutput></Power>
