<?xml version="1.0"?>
<Power><power_name>Darting Strike</power_name><power_class_and_level>Rogue Attack 3</power_class_and_level><power_flavor>You move your weapon with blinding speed, striking a foe who didn&#x2019;t realize it was open to an attack.</power_flavor><power_frequency>Encounter</power_frequency><power_keywords>Martial, Weapon</power_keywords><power_action_type>Opportunity Action</power_action_type><power_range_and_aoe>Melee 1</power_range_and_aoe><power_rules>Prerequisite: You must be trained in Acrobatics.
Trigger: An enemy within 2 squares of you makes a ranged or area attack, or moves without shifting or teleporting
Effect: You shift 2 squares to a space adjacent to the enemy and make the following attack with combat advantage.
Target: The triggering enemy
Attack: Dexterity vs. AC
Hit: 1[W] + Dexterity modifier damage.</power_rules><power_rules_html>&lt;span class="flavor"&gt;&lt;b&gt;Prerequisite: &lt;/b&gt;You must be trained in Acrobatics.&lt;/span&gt;
&lt;span class="flavor"&gt;&lt;b&gt;Trigger: &lt;/b&gt;An enemy within 2 squares of you makes a ranged or area attack, or moves without shifting or teleporting&lt;/span&gt;
&lt;span class="flavor"&gt;&lt;b&gt;Effect: &lt;/b&gt;You shift 2 squares to a space adjacent to the enemy and make the following attack with combat advantage.&lt;/span&gt;
&lt;span class="flavor"&gt;&lt;b&gt;Target: &lt;/b&gt;The triggering enemy&lt;/span&gt;
&lt;span class="flavor"&gt;&lt;b&gt;Attack: &lt;/b&gt;Dexterity vs. AC&lt;/span&gt;
&lt;span class="flavor"&gt;&lt;b&gt;Hit: &lt;/b&gt;1[W] + Dexterity modifier damage.&lt;/span&gt;
</power_rules_html><power_published_in>Dragon Magazine 381, page(s) 80. </power_published_in><power_dndinsider_id>10159</power_dndinsider_id><formatOutput>1</formatOutput></Power>
