<?xml version="1.0"?>
<Power><power_name>Opening Move</power_name><power_class_and_level>Rogue Attack 1</power_class_and_level><power_flavor>While your enemies fumble for weapons or stand and gape, you leap into the fray to score a deadly hit.</power_flavor><power_frequency>Encounter</power_frequency><power_keywords>Martial, Weapon</power_keywords><power_action_type>Standard Action</power_action_type><power_range_and_aoe>Melee weapon</power_range_and_aoe><power_rules>Requirement: You must be wielding a light blade.
Target: One creature
Attack: Dexterity vs. AC
Hit: 2[W] + Dexterity modifier damage.
Effect: You gain a power bonus to AC and Reflex equal to your Charisma modifier until the end of your next turn.
Artful Dodger: The defense bonus equals 2 + your Charisma modifier.</power_rules><power_rules_html>&lt;span class="flavor"&gt;&lt;b&gt;Requirement: &lt;/b&gt;You must be wielding a light blade.&lt;/span&gt;
&lt;span class="flavor"&gt;&lt;b&gt;Target: &lt;/b&gt;One creature&lt;/span&gt;
&lt;span class="flavor"&gt;&lt;b&gt;Attack: &lt;/b&gt;Dexterity vs. AC&lt;/span&gt;
&lt;span class="flavor"&gt;&lt;b&gt;Hit: &lt;/b&gt;2[W] + Dexterity modifier damage.&lt;/span&gt;
&lt;span class="flavor"&gt;&lt;b&gt;Effect: &lt;/b&gt;You gain a power bonus to AC and Reflex equal to your Charisma modifier until the end of your next turn.&lt;/span&gt;
&lt;span class="flavor"&gt;&lt;b&gt;Artful Dodger: &lt;/b&gt;The defense bonus equals 2 + your Charisma modifier.&lt;/span&gt;
</power_rules_html><power_published_in>Dragon Magazine 381, page(s) 68. </power_published_in><power_dndinsider_id>10166</power_dndinsider_id><formatOutput>1</formatOutput></Power>
