<?xml version="1.0"?>
<Power><power_name>Agile Footwork</power_name><power_class_and_level>Rogue Utility 2</power_class_and_level><power_flavor>Though your foe wants to move in closely, you&#x2019;d rather keep your distance, so you nimbly move away.</power_flavor><power_frequency>Encounter</power_frequency><power_keywords>Martial</power_keywords><power_action_type>Immediate Reaction</power_action_type><power_range_and_aoe>Personal </power_range_and_aoe><power_rules>Trigger: An enemy ends its turn adjacent to you.
Effect: You shift up to 3 squares.</power_rules><power_rules_html>&lt;span class="flavor"&gt;&lt;b&gt;Trigger: &lt;/b&gt;An enemy ends its turn adjacent to you.&lt;/span&gt;
&lt;span class="flavor"&gt;&lt;b&gt;Effect: &lt;/b&gt;You shift up to 3 squares.&lt;/span&gt;
</power_rules_html><power_published_in>Dragon Magazine 381, page(s) 69, Heroes of the Fallen Lands, page(s) 180. </power_published_in><power_dndinsider_id>10169</power_dndinsider_id><formatOutput>1</formatOutput></Power>
