<?xml version="1.0"?>
<Power><power_name>Fearsome Thrust</power_name><power_class_and_level>Warlord Attack 13</power_class_and_level><power_flavor>Your enemy recoils before you&#x2014;and right into the blades of your waiting allies.</power_flavor><power_frequency>Encounter</power_frequency><power_keywords>Fear, Martial, Weapon</power_keywords><power_action_type>Standard Action</power_action_type><power_range_and_aoe>Melee 1</power_range_and_aoe><power_rules>Prerequisite: You must be trained in Intimidate.
Target: One enemy
Attack: Strength vs. Will
Hit: 2[W] + Strength modifier damage, and you slide the target 3 squares to a space adjacent to one of your allies. The target grants combat advantage to that ally until the start of your next turn.</power_rules><power_rules_html>&lt;span class="flavor"&gt;&lt;b&gt;Prerequisite: &lt;/b&gt;You must be trained in Intimidate.&lt;/span&gt;
&lt;span class="flavor"&gt;&lt;b&gt;Target: &lt;/b&gt;One enemy&lt;/span&gt;
&lt;span class="flavor"&gt;&lt;b&gt;Attack: &lt;/b&gt;Strength vs. Will&lt;/span&gt;
&lt;span class="flavor"&gt;&lt;b&gt;Hit: &lt;/b&gt;2[W] + Strength modifier damage, and you slide the target 3 squares to a space adjacent to one of your allies. The target grants combat advantage to that ally until the start of your next turn.&lt;/span&gt;
</power_rules_html><power_published_in>Dragon Magazine 381, page(s) 80. </power_published_in><power_dndinsider_id>10163</power_dndinsider_id><formatOutput>1</formatOutput></Power>
