<?xml version="1.0"?>
<Power><power_name>Reaching Blade</power_name><power_class_and_level>Rogue Attack 25</power_class_and_level><power_flavor>Your skill allows you to take advantage of openings granted by foes even some distance away.</power_flavor><power_frequency>Daily</power_frequency><power_keywords>Martial, Stance</power_keywords><power_action_type>Minor Action</power_action_type><power_range_and_aoe>Personal </power_range_and_aoe><power_rules>Prerequisite: You must be trained in Acrobatics.
Effect: Until the stance ends, whenever an ally within 3 squares of you hits with an opportunity attack, you can, as a free action, shift your speed to a space adjacent to the target of that attack and use a rogue at-will melee attack power against that target.</power_rules><power_rules_html>&lt;span class="flavor"&gt;&lt;b&gt;Prerequisite: &lt;/b&gt;You must be trained in Acrobatics.&lt;/span&gt;
&lt;span class="flavor"&gt;&lt;b&gt;Effect: &lt;/b&gt;Until the stance ends, whenever an ally within 3 squares of you hits with an opportunity attack, you can, as a free action, shift your speed to a space adjacent to the target of that attack and use a rogue at-will melee attack power against that target.&lt;/span&gt;
</power_rules_html><power_published_in>Dragon Magazine 381, page(s) 80. </power_published_in><power_dndinsider_id>10161</power_dndinsider_id><formatOutput>1</formatOutput></Power>
