<?xml version="1.0"?>
<Power><power_name>Lingering Fear</power_name><power_class_and_level>Warlord Attack 25</power_class_and_level><power_flavor>So fearsome is your assault that your foe becomes timid about attacking your allies.</power_flavor><power_frequency>Daily</power_frequency><power_keywords>Fear, Martial, Weapon</power_keywords><power_action_type>Standard Action</power_action_type><power_range_and_aoe>Melee 1</power_range_and_aoe><power_rules>Prerequisite: You must be trained in Intimidate.
Attack: Strength vs. Will
Target: One enemy
Hit: 6[W] + Strength modifier damage, and until the end of the encounter, whenever the target hits or misses one of your allies, that ally gains combat advantage against the target until the start of the target&#x2019;s next turn.
Miss: Half damage, and until the end of your next turn, whenever the target hits or misses one of your allies, that ally gains combat advantage against the target until the start of the target&#x2019;s next turn.</power_rules><power_rules_html>&lt;span class="flavor"&gt;&lt;b&gt;Prerequisite: &lt;/b&gt;You must be trained in Intimidate.&lt;/span&gt;
&lt;span class="flavor"&gt;&lt;b&gt;Attack: &lt;/b&gt;Strength vs. Will&lt;/span&gt;
&lt;span class="flavor"&gt;&lt;b&gt;Target: &lt;/b&gt;One enemy&lt;/span&gt;
&lt;span class="flavor"&gt;&lt;b&gt;Hit: &lt;/b&gt;6[W] + Strength modifier damage, and until the end of the encounter, whenever the target hits or misses one of your allies, that ally gains combat advantage against the target until the start of the target&#x2019;s next turn.&lt;/span&gt;
&lt;span class="flavor"&gt;&lt;b&gt;Miss: &lt;/b&gt;Half damage, and until the end of your next turn, whenever the target hits or misses one of your allies, that ally gains combat advantage against the target until the start of the target&#x2019;s next turn.&lt;/span&gt;
</power_rules_html><power_published_in>Dragon Magazine 381, page(s) 80. </power_published_in><power_dndinsider_id>10164</power_dndinsider_id><formatOutput>1</formatOutput></Power>
