<?xml version="1.0"?>
<Power><power_name>Duelist's Flurry</power_name><power_class_and_level>Rogue Attack 1</power_class_and_level><power_flavor>You move your blade quickly, stinging your foe with a series of cuts and slashes. Each slice does little damage, but when combined, they form a deadly threat.</power_flavor><power_frequency>At-Will</power_frequency><power_keywords>Martial, Weapon</power_keywords><power_action_type>Standard Action</power_action_type><power_range_and_aoe>Melee weapon</power_range_and_aoe><power_rules>Requirement: You must be wielding a light blade.
Target: One creature
Attack: Dexterity vs. AC
Hit: Dexterity modifier damage, slide the target 1 square, and you shift 1 square. You may use your sneak attack damage even if you do not have combat advantage with this attack.
Level 21: 5 + Dexterity modifier damage.</power_rules><power_rules_html>&lt;span class="flavor"&gt;&lt;b&gt;Requirement: &lt;/b&gt;You must be wielding a light blade.&lt;/span&gt;
&lt;span class="flavor"&gt;&lt;b&gt;Target: &lt;/b&gt;One creature&lt;/span&gt;
&lt;span class="flavor"&gt;&lt;b&gt;Attack: &lt;/b&gt;Dexterity vs. AC&lt;/span&gt;
&lt;span class="flavor"&gt;&lt;b&gt;Hit: &lt;/b&gt;Dexterity modifier damage, slide the target 1 square, and you shift 1 square. You may use your sneak attack damage even if you do not have combat advantage with this attack.&lt;/span&gt;
&lt;span class="flavor"&gt;Level 21: 5 + Dexterity modifier damage.&lt;/span&gt;
</power_rules_html><power_published_in>Dragon Magazine 381, page(s) 68. </power_published_in><power_dndinsider_id>10165</power_dndinsider_id><formatOutput>1</formatOutput></Power>
