<?xml version="1.0"?>
<Power><power_name>Tumbling Strike</power_name><power_class_and_level>Rogue Attack 17</power_class_and_level><power_flavor>With great agility, you cross harsh terrain and weave through foes just before making your enemy regret it ever confronted you in battle.</power_flavor><power_frequency>Encounter</power_frequency><power_keywords>Martial, Weapon</power_keywords><power_action_type>Minor Action</power_action_type><power_range_and_aoe>Melee 1</power_range_and_aoe><power_rules>Prerequisite: You must be trained in Acrobatics.
Effect: You shift your speed and make the following attack at any point during the shift. During this shift, you can shift through squares occupied by enemies and you ignore difficult terrain.
Target: One creature
Attack: Dexterity vs. AC
Hit: 3[W] + Dexterity modifier damage.</power_rules><power_rules_html>&lt;span class="flavor"&gt;&lt;b&gt;Prerequisite: &lt;/b&gt;You must be trained in Acrobatics.&lt;/span&gt;
&lt;span class="flavor"&gt;&lt;b&gt;Effect: &lt;/b&gt;You shift your speed and make the following attack at any point during the shift. During this shift, you can shift through squares occupied by enemies and you ignore difficult terrain.&lt;/span&gt;
&lt;span class="flavor"&gt;&lt;b&gt;Target: &lt;/b&gt;One creature&lt;/span&gt;
&lt;span class="flavor"&gt;&lt;b&gt;Attack: &lt;/b&gt;Dexterity vs. AC&lt;/span&gt;
&lt;span class="flavor"&gt;&lt;b&gt;Hit: &lt;/b&gt;3[W] + Dexterity modifier damage.&lt;/span&gt;
</power_rules_html><power_published_in>Dragon Magazine 381, page(s) 80. </power_published_in><power_dndinsider_id>10160</power_dndinsider_id><formatOutput>1</formatOutput></Power>
