<?xml version="1.0"?>
<Power><power_name>Duelist's Prowess Attack</power_name><power_class_and_level>Rogue Attack 1</power_class_and_level><power_flavor>The way you stand appears to allow a foe an opening, but in truth your skill is such that you use your foe&#x2019;s attack to draw it in for your own quick strike.</power_flavor><power_frequency>Daily</power_frequency><power_keywords>Martial, Stance</power_keywords><power_action_type>Minor Action</power_action_type><power_range_and_aoe>Personal </power_range_and_aoe><power_rules>Effect: Until the stance ends, each time an enemy hits or misses you, you can use the Duelist's Prowess Attack power against it.
Daily
Martial
,
Weapon
Immediate Interrupt
Melee
weapon
Requirement: The power Duelist's Prowess must be active in order to use this power.
Requirement: You must be wielding a light blade.
Trigger: An enemy adjacent to you attacks you
Target: The triggering enemy
Attack: Dexterity vs. Reflex
Hit: 1[W] + Dexterity modifier damage.</power_rules><power_rules_html>&lt;span class="flavor"&gt;&lt;b&gt;Effect: &lt;/b&gt;Until the stance ends, each time an enemy hits or misses you, you can use the Duelist's Prowess Attack power against it.&lt;/span&gt;
&lt;span class="flavor"&gt;Daily&lt;/span&gt;
&lt;span class="flavor"&gt;Martial&lt;/span&gt;
&lt;span class="flavor"&gt;,&lt;/span&gt;
&lt;span class="flavor"&gt;Weapon&lt;/span&gt;
&lt;span class="flavor"&gt;Immediate Interrupt&lt;/span&gt;
&lt;span class="flavor"&gt;Melee&lt;/span&gt;
&lt;span class="flavor"&gt;weapon&lt;/span&gt;
&lt;span class="flavor"&gt;&lt;b&gt;Requirement: &lt;/b&gt;The power Duelist's Prowess must be active in order to use this power.&lt;/span&gt;
&lt;span class="flavor"&gt;&lt;b&gt;Requirement: &lt;/b&gt;You must be wielding a light blade.&lt;/span&gt;
&lt;span class="flavor"&gt;&lt;b&gt;Trigger: &lt;/b&gt;An enemy adjacent to you attacks you&lt;/span&gt;
&lt;span class="flavor"&gt;&lt;b&gt;Target: &lt;/b&gt;The triggering enemy&lt;/span&gt;
&lt;span class="flavor"&gt;&lt;b&gt;Attack: &lt;/b&gt;Dexterity vs. Reflex&lt;/span&gt;
&lt;span class="flavor"&gt;&lt;b&gt;Hit: &lt;/b&gt;1[W] + Dexterity modifier damage.&lt;/span&gt;
</power_rules_html><power_published_in>Dragon Magazine 381, page(s) 68. </power_published_in><power_dndinsider_id>10167</power_dndinsider_id><formatOutput>1</formatOutput></Power>
