<?xml version="1.0"?>
<Power><power_name>Threatening Presence</power_name><power_class_and_level>Warlord Attack 7</power_class_and_level><power_flavor>You constantly move as though ready to attack, keeping your enemy&#x2019;s nerves frazzled.</power_flavor><power_frequency>Encounter</power_frequency><power_keywords>Fear, Martial, Weapon</power_keywords><power_action_type>Standard Action</power_action_type><power_range_and_aoe>Melee 1</power_range_and_aoe><power_rules>Prerequisite: You must be trained in Intimidate.
Target: One creature
Attack: Strength vs. Will
Hit: 2[W] + Strength modifier damage, and the target cannot mark your allies and cannot gain combat advantage against your allies until the end of your next turn.
Effect: Any ally marked by the target is no longer marked by the target.</power_rules><power_rules_html>&lt;span class="flavor"&gt;&lt;b&gt;Prerequisite: &lt;/b&gt;You must be trained in Intimidate.&lt;/span&gt;
&lt;span class="flavor"&gt;&lt;b&gt;Target: &lt;/b&gt;One creature&lt;/span&gt;
&lt;span class="flavor"&gt;&lt;b&gt;Attack: &lt;/b&gt;Strength vs. Will&lt;/span&gt;
&lt;span class="flavor"&gt;&lt;b&gt;Hit: &lt;/b&gt;2[W] + Strength modifier damage, and the target cannot mark your allies and cannot gain combat advantage against your allies until the end of your next turn.&lt;/span&gt;
&lt;span class="flavor"&gt;&lt;b&gt;Effect: &lt;/b&gt;Any ally marked by the target is no longer marked by the target.&lt;/span&gt;
</power_rules_html><power_published_in>Dragon Magazine 381, page(s) 80. </power_published_in><power_dndinsider_id>10162</power_dndinsider_id><formatOutput>1</formatOutput></Power>
