<?xml version="1.0"?>
<Power><power_name>Strike and Move</power_name><power_class_and_level>Rogue Attack 3</power_class_and_level><power_flavor>You dart in, slash with your blade, and dart away before your enemy can answer.</power_flavor><power_frequency>Encounter</power_frequency><power_keywords>Martial, Weapon</power_keywords><power_action_type>Standard Action</power_action_type><power_range_and_aoe>Melee weapon</power_range_and_aoe><power_rules>Requirement: You must be wielding a light blade.
Effect: You can shift a number of squares equal to your Charisma modifier. At any point during this shift, you can make the following attack.
Artful Dodger: You instead shift 2 + your Charisma modifier squares.
Target: One creature
Attack: Dexterity vs. AC
Hit: 2[W] + Dexterity modifier damage.</power_rules><power_rules_html>&lt;span class="flavor"&gt;&lt;b&gt;Requirement: &lt;/b&gt;You must be wielding a light blade.&lt;/span&gt;
&lt;span class="flavor"&gt;&lt;b&gt;Effect: &lt;/b&gt;You can shift a number of squares equal to your Charisma modifier. At any point during this shift, you can make the following attack.&lt;/span&gt;
&lt;span class="flavor"&gt;&lt;b&gt;Artful Dodger: &lt;/b&gt;You instead shift 2 + your Charisma modifier squares.&lt;/span&gt;
&lt;span class="flavor"&gt;&lt;b&gt;Target: &lt;/b&gt;One creature&lt;/span&gt;
&lt;span class="flavor"&gt;&lt;b&gt;Attack: &lt;/b&gt;Dexterity vs. AC&lt;/span&gt;
&lt;span class="flavor"&gt;&lt;b&gt;Hit: &lt;/b&gt;2[W] + Dexterity modifier damage.&lt;/span&gt;
</power_rules_html><power_published_in>Dragon Magazine 381, page(s) 69. </power_published_in><power_dndinsider_id>10170</power_dndinsider_id><formatOutput>1</formatOutput></Power>
