<?xml version="1.0"?>
<Power><power_name>Lashing Blade Attack</power_name><power_class_and_level>Rogue Attack 7</power_class_and_level><power_flavor>A foe near you feels the sting of your blade as you lash out, but you attack so with such agility that this enemy has a problem returning the favor.</power_flavor><power_frequency>Encounter</power_frequency><power_keywords>Martial, Weapon</power_keywords><power_action_type>Standard Action</power_action_type><power_range_and_aoe>Melee weapon</power_range_and_aoe><power_rules>Effect: Until the end of your next turn, you can use the Lashing Blade Attack power.
At-Will
Martial
,
Weapon
Opportunity Action
Melee
weapon
Requirement: You must be wielding a light blade. The power Lashing Blade must be active in order to use this power.
Trigger: An enemy starts its turn in or enters a square adjacent to you
Target: The triggering enemy
Attack: Dexterity vs. Reflex
Hit: 1[W] + Dexterity modifier damage, and the target takes a penalty to attacks against you equal to your Charisma modifier until the end of your next turn.
Artful Dodger: The attack penalty equals 2 + your Charisma modifier.</power_rules><power_rules_html>&lt;span class="flavor"&gt;&lt;b&gt;Effect: &lt;/b&gt;Until the end of your next turn, you can use the Lashing Blade Attack power.&lt;/span&gt;
&lt;span class="flavor"&gt;At-Will&lt;/span&gt;
&lt;span class="flavor"&gt;Martial&lt;/span&gt;
&lt;span class="flavor"&gt;,&lt;/span&gt;
&lt;span class="flavor"&gt;Weapon&lt;/span&gt;
&lt;span class="flavor"&gt;Opportunity Action&lt;/span&gt;
&lt;span class="flavor"&gt;Melee&lt;/span&gt;
&lt;span class="flavor"&gt;weapon&lt;/span&gt;
&lt;span class="flavor"&gt;&lt;b&gt;Requirement: &lt;/b&gt;You must be wielding a light blade. The power Lashing Blade must be active in order to use this power.&lt;/span&gt;
&lt;span class="flavor"&gt;&lt;b&gt;Trigger: &lt;/b&gt;An enemy starts its turn in or enters a square adjacent to you&lt;/span&gt;
&lt;span class="flavor"&gt;&lt;b&gt;Target: &lt;/b&gt;The triggering enemy&lt;/span&gt;
&lt;span class="flavor"&gt;&lt;b&gt;Attack: &lt;/b&gt;Dexterity vs. Reflex&lt;/span&gt;
&lt;span class="flavor"&gt;&lt;b&gt;Hit: &lt;/b&gt;1[W] + Dexterity modifier damage, and the target takes a penalty to attacks against you equal to your Charisma modifier until the end of your next turn.&lt;/span&gt;
&lt;span class="flavor"&gt;&lt;b&gt;Artful Dodger: &lt;/b&gt;The attack penalty equals 2 + your Charisma modifier.&lt;/span&gt;
</power_rules_html><power_published_in>Dragon Magazine 381, page(s) 69. </power_published_in><power_dndinsider_id>10173</power_dndinsider_id><formatOutput>1</formatOutput></Power>
