<?xml version="1.0"?>
<Power><power_name>Shimmering Blade Attack</power_name><power_class_and_level>Rogue Attack 23</power_class_and_level><power_flavor>You stand ready to counter each of your enemies&#x2019; moves, your blade a blur of steel as you strike again and again.</power_flavor><power_frequency>Encounter</power_frequency><power_keywords>Martial, Weapon</power_keywords><power_action_type>Standard Action</power_action_type><power_range_and_aoe>Melee weapon</power_range_and_aoe><power_rules>Effect: Until the end of your next turn, you can use the Shimmering Blade attack power.
Encounter
Martial
,
Weapon
Opportunity Action
Melee
weapon
Requirement: The power Shimmering Blade must be active in order to use this power.
Requirement: You must be wielding a light blade.
Trigger: An enemy makes a melee attack against you, starts its turn adjacent to you, or ends its turn adjacent to you
Target: The triggering enemy
Attack: Dexterity vs. Reflex
Hit: 2[W] + Dexterity modifier damage.
Effect: You gain a power bonus to AC and Reflex equal to your Charisma modifier until the end of your next turn.
Artful Dodger: The defense bonus equals 2 + your Charisma modifier.</power_rules><power_rules_html>&lt;span class="flavor"&gt;&lt;b&gt;Effect: &lt;/b&gt;Until the end of your next turn, you can use the Shimmering Blade attack power.&lt;/span&gt;
&lt;span class="flavor"&gt;Encounter&lt;/span&gt;
&lt;span class="flavor"&gt;Martial&lt;/span&gt;
&lt;span class="flavor"&gt;,&lt;/span&gt;
&lt;span class="flavor"&gt;Weapon&lt;/span&gt;
&lt;span class="flavor"&gt;Opportunity Action&lt;/span&gt;
&lt;span class="flavor"&gt;Melee&lt;/span&gt;
&lt;span class="flavor"&gt;weapon&lt;/span&gt;
&lt;span class="flavor"&gt;&lt;b&gt;Requirement: &lt;/b&gt;The power Shimmering Blade must be active in order to use this power.&lt;/span&gt;
&lt;span class="flavor"&gt;&lt;b&gt;Requirement: &lt;/b&gt;You must be wielding a light blade.&lt;/span&gt;
&lt;span class="flavor"&gt;&lt;b&gt;Trigger: &lt;/b&gt;An enemy makes a melee attack against you, starts its turn adjacent to you, or ends its turn adjacent to you&lt;/span&gt;
&lt;span class="flavor"&gt;&lt;b&gt;Target: &lt;/b&gt;The triggering enemy&lt;/span&gt;
&lt;span class="flavor"&gt;&lt;b&gt;Attack: &lt;/b&gt;Dexterity vs. Reflex&lt;/span&gt;
&lt;span class="flavor"&gt;&lt;b&gt;Hit: &lt;/b&gt;2[W] + Dexterity modifier damage.&lt;/span&gt;
&lt;span class="flavor"&gt;&lt;b&gt;Effect: &lt;/b&gt;You gain a power bonus to AC and Reflex equal to your Charisma modifier until the end of your next turn.&lt;/span&gt;
&lt;span class="flavor"&gt;&lt;b&gt;Artful Dodger: &lt;/b&gt;The defense bonus equals 2 + your Charisma modifier.&lt;/span&gt;
</power_rules_html><power_published_in>Dragon Magazine 381, page(s) 70. </power_published_in><power_dndinsider_id>10178</power_dndinsider_id><formatOutput>1</formatOutput></Power>
