<?xml version="1.0"?>
<Power><power_name>Swift Parry</power_name><power_class_and_level>Rogue Utility 6</power_class_and_level><power_flavor>You deflect your enemy&#x2019;s attack, causing the force behind its blow to send it off balance and leaving it vulnerable to your next attack.</power_flavor><power_frequency>Encounter</power_frequency><power_keywords>Martial, Weapon</power_keywords><power_action_type>Immediate Interrupt</power_action_type><power_range_and_aoe>Personal </power_range_and_aoe><power_rules>Requirement: You must be wielding a light blade.
Trigger: You are hit by a melee attack
Effect: You gain a bonus to defenses against the triggering attack equal to your Charisma modifier, and you gain combat advantage against the attacker until the end of your next turn.</power_rules><power_rules_html>&lt;span class="flavor"&gt;&lt;b&gt;Requirement: &lt;/b&gt;You must be wielding a light blade.&lt;/span&gt;
&lt;span class="flavor"&gt;&lt;b&gt;Trigger: &lt;/b&gt;You are hit by a melee attack&lt;/span&gt;
&lt;span class="flavor"&gt;&lt;b&gt;Effect: &lt;/b&gt;You gain a bonus to defenses against the triggering attack equal to your Charisma modifier, and you gain combat advantage against the attacker until the end of your next turn.&lt;/span&gt;
</power_rules_html><power_published_in>Dragon Magazine 381, page(s) 69, Heroes of the Fallen Lands, page(s) 183. </power_published_in><power_dndinsider_id>10172</power_dndinsider_id><formatOutput>1</formatOutput></Power>
