<?xml version="1.0"?>
<Power><power_name>Duelist's Demand</power_name><power_class_and_level>Rogue Attack 5</power_class_and_level><power_flavor>You hem your foe in with a series of deadly strikes. It cannot move as long as your weapon is ready to strike.</power_flavor><power_frequency>Daily</power_frequency><power_keywords>Martial, Weapon</power_keywords><power_action_type>Standard Action</power_action_type><power_range_and_aoe>Melee weapon</power_range_and_aoe><power_rules>Requirement: You must be wielding a light blade.
Target: One creature
Attack: Dexterity vs. AC
Hit: 2[W] + Dexterity modifier damage, and the target is immobilized and grants combat advantage to you. This effect ends if the target ends its turn and you are not adjacent to it.
Miss: Half damage, and the target is immobilized and grants combat advantage to you until the end of your next turn.</power_rules><power_rules_html>&lt;span class="flavor"&gt;&lt;b&gt;Requirement: &lt;/b&gt;You must be wielding a light blade.&lt;/span&gt;
&lt;span class="flavor"&gt;&lt;b&gt;Target: &lt;/b&gt;One creature&lt;/span&gt;
&lt;span class="flavor"&gt;&lt;b&gt;Attack: &lt;/b&gt;Dexterity vs. AC&lt;/span&gt;
&lt;span class="flavor"&gt;&lt;b&gt;Hit: &lt;/b&gt;2[W] + Dexterity modifier damage, and the target is immobilized and grants combat advantage to you. This effect ends if the target ends its turn and you are not adjacent to it.&lt;/span&gt;
&lt;span class="flavor"&gt;&lt;b&gt;Miss: &lt;/b&gt;Half damage, and the target is immobilized and grants combat advantage to you until the end of your next turn.&lt;/span&gt;
</power_rules_html><power_published_in>Dragon Magazine 381, page(s) 69. </power_published_in><power_dndinsider_id>10171</power_dndinsider_id><formatOutput>1</formatOutput></Power>
