<?xml version="1.0"?>
<Power><power_name>Path of the Blade Attack</power_name><power_class_and_level>Rogue Attack 17</power_class_and_level><power_flavor>You slash at your enemies, forcing them to part before you as you rush your intended enemy.</power_flavor><power_frequency>Encounter</power_frequency><power_keywords>Martial, Weapon</power_keywords><power_action_type>Standard Action</power_action_type><power_range_and_aoe>Melee weapon</power_range_and_aoe><power_rules>Requirement: You must be wielding a light blade.
Effect: You can shift a number of squares equal to 2 + your Charisma modifier. Two times during this shift, you can use the Path of the Blade Attack power, each time against a different enemy adjacent to you.
Artful Dodger: You instead shift 4 + your Charisma modifier squares.
Encounter
Martial
,
Weapon
Free Action
Melee
weapon
Requirement: The power Path of the Blade must be active in order to use this power.
Primary Target: One enemy
Primary Attack: Dexterity vs. Will
Hit: 2[W] + Dexterity modifier damage and you slide the creature 1 square.
Secondary Target: One enemy other than the primary target
Secondary Attack: Dexterity vs. Will
Hit: 2[W] + Dexterity modifier damage, and you slide the creature 1 square.</power_rules><power_rules_html>&lt;span class="flavor"&gt;&lt;b&gt;Requirement: &lt;/b&gt;You must be wielding a light blade.&lt;/span&gt;
&lt;span class="flavor"&gt;&lt;b&gt;Effect: &lt;/b&gt;You can shift a number of squares equal to 2 + your Charisma modifier. Two times during this shift, you can use the Path of the Blade Attack power, each time against a different enemy adjacent to you.&lt;/span&gt;
&lt;span class="flavor"&gt;&lt;b&gt;Artful Dodger: &lt;/b&gt;You instead shift 4 + your Charisma modifier squares.&lt;/span&gt;
&lt;span class="flavor"&gt;Encounter&lt;/span&gt;
&lt;span class="flavor"&gt;Martial&lt;/span&gt;
&lt;span class="flavor"&gt;,&lt;/span&gt;
&lt;span class="flavor"&gt;Weapon&lt;/span&gt;
&lt;span class="flavor"&gt;Free Action&lt;/span&gt;
&lt;span class="flavor"&gt;Melee&lt;/span&gt;
&lt;span class="flavor"&gt;weapon&lt;/span&gt;
&lt;span class="flavor"&gt;&lt;b&gt;Requirement: &lt;/b&gt;The power Path of the Blade must be active in order to use this power.&lt;/span&gt;
&lt;span class="flavor"&gt;&lt;b&gt;Primary Target: &lt;/b&gt;One enemy&lt;/span&gt;
&lt;span class="flavor"&gt;&lt;b&gt;Primary Attack: &lt;/b&gt;Dexterity vs. Will&lt;/span&gt;
&lt;span class="flavor"&gt;&lt;b&gt;Hit: &lt;/b&gt;2[W] + Dexterity modifier damage and you slide the creature 1 square.&lt;/span&gt;
&lt;span class="flavor"&gt;&lt;b&gt;Secondary Target: &lt;/b&gt;One enemy other than the primary target&lt;/span&gt;
&lt;span class="flavor"&gt;&lt;b&gt;Secondary Attack: &lt;/b&gt;Dexterity vs. Will&lt;/span&gt;
&lt;span class="flavor"&gt;&lt;b&gt;Hit: &lt;/b&gt;2[W] + Dexterity modifier damage, and you slide the creature 1 square.&lt;/span&gt;
</power_rules_html><power_published_in>Dragon Magazine 381, page(s) 69. </power_published_in><power_dndinsider_id>10176</power_dndinsider_id><formatOutput>1</formatOutput></Power>
