<?xml version="1.0"?>
<Power><power_name>Vaulting Charge</power_name><power_class_and_level>Rogue Attack 13</power_class_and_level><power_flavor>You rush forward and leap into the air, skewering a foe that thought it was safe behind its allies.</power_flavor><power_frequency>Encounter</power_frequency><power_keywords>Martial, Weapon</power_keywords><power_action_type>Standard Action</power_action_type><power_range_and_aoe>Melee weapon</power_range_and_aoe><power_rules>Requirement: You must be wielding a light blade.
Effect: You shift your speed before making the following attack, and you can move through enemies&#x2019; spaces. You gain a power bonus to AC equal to your Charisma modifier until the end of your next turn.
Artful Dodger: The AC bonus equals 2 + your Charisma modifier.
Target: One creature
Attack: Dexterity vs. AC, or Dexterity vs. Reflex if the target has not yet acted in combat.
Hit: 3[W] + Dexterity modifier damage.</power_rules><power_rules_html>&lt;span class="flavor"&gt;&lt;b&gt;Requirement: &lt;/b&gt;You must be wielding a light blade.&lt;/span&gt;
&lt;span class="flavor"&gt;&lt;b&gt;Effect: &lt;/b&gt;You shift your speed before making the following attack, and you can move through enemies&#x2019; spaces. You gain a power bonus to AC equal to your Charisma modifier until the end of your next turn.&lt;/span&gt;
&lt;span class="flavor"&gt;&lt;b&gt;Artful Dodger: &lt;/b&gt;The AC bonus equals 2 + your Charisma modifier.&lt;/span&gt;
&lt;span class="flavor"&gt;&lt;b&gt;Target: &lt;/b&gt;One creature&lt;/span&gt;
&lt;span class="flavor"&gt;&lt;b&gt;Attack: &lt;/b&gt;Dexterity vs. AC, or Dexterity vs. Reflex if the target has not yet acted in combat.&lt;/span&gt;
&lt;span class="flavor"&gt;&lt;b&gt;Hit: &lt;/b&gt;3[W] + Dexterity modifier damage.&lt;/span&gt;
</power_rules_html><power_published_in>Dragon Magazine 381, page(s) 69. </power_published_in><power_dndinsider_id>10175</power_dndinsider_id><formatOutput>1</formatOutput></Power>
