<?xml version="1.0"?>
<Power><power_name>Opportunistic Shove</power_name><power_class_and_level>Feat Attack</power_class_and_level><power_flavor>Seeing an opening, you smash your enemy in a vulnerable area to send it sprawling.</power_flavor><power_frequency>Daily</power_frequency><power_keywords>Weapon</power_keywords><power_action_type>Standard Action</power_action_type><power_range_and_aoe>Melee weapon</power_range_and_aoe><power_rules>Target: One target granting you combat advantage
Attack: Strength or Charisma vs. Fortitude
Hit: 1[W] + Strength or Charisma modifier damage.
Level 19 Swap: 3[W] + Strength or Charisma modifier damage.
Level 29 Swap: 4[W] + Strength or Charisma modifier damage.
Miss: Half damage.
Effect: Until the end of the encounter, the target provokes opportunity attacks from you whenever it stands up from prone. In addition, until the end of the encounter whenever you hit the target on your turn with a melee attack, you also knock the target prone.</power_rules><power_rules_html>&lt;span class="flavor"&gt;&lt;b&gt;Target: &lt;/b&gt;One target granting you combat advantage&lt;/span&gt;
&lt;span class="flavor"&gt;&lt;b&gt;Attack: &lt;/b&gt;Strength or Charisma vs. Fortitude&lt;/span&gt;
&lt;span class="flavor"&gt;&lt;b&gt;Hit: &lt;/b&gt;1[W] + Strength or Charisma modifier damage.&lt;/span&gt;
&lt;span class="flavor"&gt;Level 19 Swap: 3[W] + Strength or Charisma modifier damage.&lt;/span&gt;
&lt;span class="flavor"&gt;Level 29 Swap: 4[W] + Strength or Charisma modifier damage.&lt;/span&gt;
&lt;span class="flavor"&gt;&lt;b&gt;Miss: &lt;/b&gt;Half damage.&lt;/span&gt;
&lt;span class="flavor"&gt;&lt;b&gt;Effect: &lt;/b&gt;Until the end of the encounter, the target provokes opportunity attacks from you whenever it stands up from prone. In addition, until the end of the encounter whenever you hit the target on your turn with a melee attack, you also knock the target prone.&lt;/span&gt;
</power_rules_html><power_published_in>Dragon Magazine 381, page(s) 101. </power_published_in><power_dndinsider_id>10186</power_dndinsider_id><formatOutput>1</formatOutput></Power>
