<?xml version="1.0"?>
<Power><power_name>Severed Defenses</power_name><power_class_and_level>Feat Attack</power_class_and_level><power_flavor>Your sly movements leave your opponent vulnerable to attacks.</power_flavor><power_frequency>Encounter</power_frequency><power_keywords>Weapon</power_keywords><power_action_type>Standard Action</power_action_type><power_range_and_aoe>Melee weapon</power_range_and_aoe><power_rules>Target: One creature
Attack: Dexterity or Charisma vs. Will
Hit: 1[W] + Dexterity or Charisma modifier damage, and the target grants combat advantage to all attackers until the end of your next turn. You can make a Thievery check to pick the target&#x2019;s pocket as a free action.
Level 13 Swap: 2[W] + Dexterity or Charisma modifier damage.
Level 23 Swap: 3[W] + Dexterity or Charisma modifier damage.
Effect: You shift 1 square after the attack.</power_rules><power_rules_html>&lt;span class="flavor"&gt;&lt;b&gt;Target: &lt;/b&gt;One creature&lt;/span&gt;
&lt;span class="flavor"&gt;&lt;b&gt;Attack: &lt;/b&gt;Dexterity or Charisma vs. Will&lt;/span&gt;
&lt;span class="flavor"&gt;&lt;b&gt;Hit: &lt;/b&gt;1[W] + Dexterity or Charisma modifier damage, and the target grants combat advantage to all attackers until the end of your next turn. You can make a Thievery check to pick the target&#x2019;s pocket as a free action.&lt;/span&gt;
&lt;span class="flavor"&gt;Level 13 Swap: 2[W] + Dexterity or Charisma modifier damage.&lt;/span&gt;
&lt;span class="flavor"&gt;Level 23 Swap: 3[W] + Dexterity or Charisma modifier damage.&lt;/span&gt;
&lt;span class="flavor"&gt;&lt;b&gt;Effect: &lt;/b&gt;You shift 1 square after the attack.&lt;/span&gt;
</power_rules_html><power_published_in>Dragon Magazine 381, page(s) 100. </power_published_in><power_dndinsider_id>10181</power_dndinsider_id><formatOutput>1</formatOutput></Power>
