<?xml version="1.0"?>
<Power><power_name>Ethereal Chill</power_name><power_class_and_level>Artificer Attack 1</power_class_and_level><power_flavor>You align your spell with those you wove over your ally&#x2019;s armor, causing them to radiate an unnatural cold.</power_flavor><power_frequency>At-Will</power_frequency><power_keywords>Arcane, Cold, Implement</power_keywords><power_action_type>Standard Action</power_action_type><power_range_and_aoe>Area burst 1 centered on an ally within 5 squares</power_range_and_aoe><power_rules>Target: One enemy in the burst
Attack: Intelligence vs. Reflex
Hit: 1d8 + Intelligence modifier cold damage. Until the end of your next turn, any enemy that hits the ally takes cold damage equal to your Wisdom modifier.
Level 21: 2d8 + Intelligence modifier cold damage.</power_rules><power_rules_html>&lt;span class="flavor"&gt;&lt;b&gt;Target: &lt;/b&gt;One enemy in the burst&lt;/span&gt;
&lt;span class="flavor"&gt;&lt;b&gt;Attack: &lt;/b&gt;Intelligence vs. Reflex&lt;/span&gt;
&lt;span class="flavor"&gt;&lt;b&gt;Hit: &lt;/b&gt;1d8 + Intelligence modifier cold damage. Until the end of your next turn, any enemy that hits the ally takes cold damage equal to your Wisdom modifier.&lt;/span&gt;
&lt;span class="flavor"&gt;Level 21: 2d8 + Intelligence modifier cold damage.&lt;/span&gt;
</power_rules_html><power_published_in>Dragon Magazine 381, page(s) 56. </power_published_in><power_dndinsider_id>10188</power_dndinsider_id><formatOutput>1</formatOutput></Power>
