<?xml version="1.0"?>
<Power><power_name>Thief's Getaway</power_name><power_class_and_level>Feat Utility</power_class_and_level><power_flavor>You can wriggle out from a tight situation to make good your escape.</power_flavor><power_frequency>Encounter</power_frequency><power_keywords></power_keywords><power_action_type>Move Action</power_action_type><power_range_and_aoe>Personal </power_range_and_aoe><power_rules>Effect: End a grab or the slowed, immobilized, or restrained condition. Then you shift 1 square.
Level 16 Swap: You shift half your speed.
Level 22 Swap: You shift your speed.</power_rules><power_rules_html>&lt;span class="flavor"&gt;&lt;b&gt;Effect: &lt;/b&gt;End a grab or the slowed, immobilized, or restrained condition. Then you shift 1 square.&lt;/span&gt;
&lt;span class="flavor"&gt;Level 16 Swap: You shift half your speed.&lt;/span&gt;
&lt;span class="flavor"&gt;Level 22 Swap: You shift your speed.&lt;/span&gt;
</power_rules_html><power_published_in>Dragon Magazine 381, page(s) 100. </power_published_in><power_dndinsider_id>10182</power_dndinsider_id><formatOutput>1</formatOutput></Power>
