<?xml version="1.0"?>
<Power><power_name>Pommel Strike</power_name><power_class_and_level>Feat Attack</power_class_and_level><power_flavor>Your well-placed strike leaves your enemy reeling and vulnerable to your allies&#x2019; attacks.</power_flavor><power_frequency>Encounter</power_frequency><power_keywords>Weapon</power_keywords><power_action_type>Standard Action</power_action_type><power_range_and_aoe>Melee weapon</power_range_and_aoe><power_rules>Target: One creature granting you combat advantage
Attack: Strength or Charisma vs. Fortitude
Hit: 1[W] + Strength or Charisma modifier damage, and the target is dazed until the end of your next turn. If the target takes damage from an attack while it is dazed from this attack, it also falls prone.
Level 13 Swap: Increase the damage to 2[W] + Strength or Charisma modifier damage.
Level 23 Swap: Increase the damage to 3[W] + Strength or Charisma modifier damage.</power_rules><power_rules_html>&lt;span class="flavor"&gt;&lt;b&gt;Target: &lt;/b&gt;One creature granting you combat advantage&lt;/span&gt;
&lt;span class="flavor"&gt;&lt;b&gt;Attack: &lt;/b&gt;Strength or Charisma vs. Fortitude&lt;/span&gt;
&lt;span class="flavor"&gt;&lt;b&gt;Hit: &lt;/b&gt;1[W] + Strength or Charisma modifier damage, and the target is dazed until the end of your next turn. If the target takes damage from an attack while it is dazed from this attack, it also falls prone.&lt;/span&gt;
&lt;span class="flavor"&gt;Level 13 Swap: Increase the damage to 2[W] + Strength or Charisma modifier damage.&lt;/span&gt;
&lt;span class="flavor"&gt;Level 23 Swap: Increase the damage to 3[W] + Strength or Charisma modifier damage.&lt;/span&gt;
</power_rules_html><power_published_in>Dragon Magazine 381, page(s) 101. </power_published_in><power_dndinsider_id>10184</power_dndinsider_id><formatOutput>1</formatOutput></Power>
