<?xml version="1.0"?>
<Power><power_name>Drain Speed</power_name><power_class_and_level>Artificer Attack 1</power_class_and_level><power_flavor>You bind the quickness of your enemy to the enchantments you placed on your ally, transferring speed from one to the other.</power_flavor><power_frequency>Encounter</power_frequency><power_keywords>Arcane, Implement, Necrotic</power_keywords><power_action_type>Standard Action</power_action_type><power_range_and_aoe>Ranged 10</power_range_and_aoe><power_rules>Target: One creature
Attack: Intelligence vs. AC
Hit: 1d10 + Intelligence modifier necrotic damage, and the target is slowed until the end of your next turn. Choose one ally within 5 squares of the target; that ally gains a +2 bonus to speed until the end of your next turn and also gains 5 temporary hit points.</power_rules><power_rules_html>&lt;span class="flavor"&gt;&lt;b&gt;Target: &lt;/b&gt;One creature&lt;/span&gt;
&lt;span class="flavor"&gt;&lt;b&gt;Attack: &lt;/b&gt;Intelligence vs. AC&lt;/span&gt;
&lt;span class="flavor"&gt;&lt;b&gt;Hit: &lt;/b&gt;1d10 + Intelligence modifier necrotic damage, and the target is slowed until the end of your next turn. Choose one ally within 5 squares of the target; that ally gains a +2 bonus to speed until the end of your next turn and also gains 5 temporary hit points.&lt;/span&gt;
</power_rules_html><power_published_in>Dragon Magazine 381, page(s) 56. </power_published_in><power_dndinsider_id>10189</power_dndinsider_id><formatOutput>1</formatOutput></Power>
