<?xml version="1.0"?>
<Power><power_name>Thug's Menace</power_name><power_class_and_level>Feat Utility</power_class_and_level><power_flavor>You exude such menace, your enemy thinks twice about attacking you.</power_flavor><power_frequency>Encounter</power_frequency><power_keywords>Fear</power_keywords><power_action_type>Immediate Reaction</power_action_type><power_range_and_aoe>Personal </power_range_and_aoe><power_rules>Trigger: You are hit or missed by an attack
Effect: You gain combat advantage against the triggering attacker until the end of your next turn. You do not gain this bonus against attacks from creatures immune to fear.</power_rules><power_rules_html>&lt;span class="flavor"&gt;&lt;b&gt;Trigger: &lt;/b&gt;You are hit or missed by an attack&lt;/span&gt;
&lt;span class="flavor"&gt;&lt;b&gt;Effect: &lt;/b&gt;You gain combat advantage against the triggering attacker until the end of your next turn. You do not gain this bonus against attacks from creatures immune to fear.&lt;/span&gt;
</power_rules_html><power_published_in>Dragon Magazine 381, page(s) 101. </power_published_in><power_dndinsider_id>10185</power_dndinsider_id><formatOutput>1</formatOutput></Power>
