<?xml version="1.0"?>
<Power><power_name>Guileful Swipe</power_name><power_class_and_level>Feat Attack</power_class_and_level><power_flavor>You step inside your enemy&#x2019;s reach to deliver a swift slash, step away to slash again, and step away once more to make off with your foe&#x2019;s prized possession.</power_flavor><power_frequency>Daily</power_frequency><power_keywords>Weapon</power_keywords><power_action_type>Standard Action</power_action_type><power_range_and_aoe>Melee 1</power_range_and_aoe><power_rules>Target: One creature
Attack: Dexterity or Charisma vs. AC
Hit: 2[W] damage.
Level 19 Swap: 3[W] damage.
Level 29 Swap: 4[W] damage.
Miss: You shift to any square adjacent to the target.
Effect: You shift up to 4 squares to any square adjacent to the target, and during this shift can move through the target&#x2019;s space. You can make a Thievery check as a free action to pick the target&#x2019;s pockets. Make a secondary attack against the same target.
Secondary Attack: Dexterity or Charisma vs. AC
Hit: 1[W] damage.
Effect: You can shift a number of squares equal to your speed.</power_rules><power_rules_html>&lt;span class="flavor"&gt;&lt;b&gt;Target: &lt;/b&gt;One creature&lt;/span&gt;
&lt;span class="flavor"&gt;&lt;b&gt;Attack: &lt;/b&gt;Dexterity or Charisma vs. AC&lt;/span&gt;
&lt;span class="flavor"&gt;&lt;b&gt;Hit: &lt;/b&gt;2[W] damage.&lt;/span&gt;
&lt;span class="flavor"&gt;Level 19 Swap: 3[W] damage.&lt;/span&gt;
&lt;span class="flavor"&gt;Level 29 Swap: 4[W] damage.&lt;/span&gt;
&lt;span class="flavor"&gt;&lt;b&gt;Miss: &lt;/b&gt;You shift to any square adjacent to the target.&lt;/span&gt;
&lt;span class="flavor"&gt;&lt;b&gt;Effect: &lt;/b&gt;You shift up to 4 squares to any square adjacent to the target, and during this shift can move through the target&#x2019;s space. You can make a Thievery check as a free action to pick the target&#x2019;s pockets. Make a secondary attack against the same target.&lt;/span&gt;
&lt;span class="flavor"&gt;&lt;b&gt;Secondary Attack: &lt;/b&gt;Dexterity or Charisma vs. AC&lt;/span&gt;
&lt;span class="flavor"&gt;&lt;b&gt;Hit: &lt;/b&gt;1[W] damage.&lt;/span&gt;
&lt;span class="flavor"&gt;&lt;b&gt;Effect: &lt;/b&gt;You can shift a number of squares equal to your speed.&lt;/span&gt;
</power_rules_html><power_published_in>Dragon Magazine 381, page(s) 101. </power_published_in><power_dndinsider_id>10183</power_dndinsider_id><formatOutput>1</formatOutput></Power>
