<?xml version="1.0"?>
<Power><power_name>Healing Infusion: Shielding Elixir</power_name><power_class_and_level>Artificer Feature</power_class_and_level><power_flavor>You carefully prepare a formula that inoculates your target&#x2019;s body against damage of a certain type.</power_flavor><power_frequency>Encounter (Special)</power_frequency><power_keywords>Arcane</power_keywords><power_action_type>Minor Action</power_action_type><power_range_and_aoe>Close burst 5 (10 at 11th level, 15 at 21st level)</power_range_and_aoe><power_rules>Target: You or one ally in the burst
Effect: The target gains resist 5 to one of the following damage types until the end of the encounter: cold, fire, force, lightning, necrotic, poison, radiant, or thunder. The target can end the bonus as a free action to become immune to that damage type until the end of his or her next turn.
Level 11: Resist 10.
Level 21: Resist 15.
Special: You can use two Healing Infusion powers per encounter, but only one per round. At 16th level, you can use three Healing Infusion powers per encounter, but only one per round.</power_rules><power_rules_html>&lt;span class="flavor"&gt;&lt;b&gt;Target: &lt;/b&gt;You or one ally in the burst&lt;/span&gt;
&lt;span class="flavor"&gt;&lt;b&gt;Effect: &lt;/b&gt;The target gains resist 5 to one of the following damage types until the end of the encounter: cold, fire, force, lightning, necrotic, poison, radiant, or thunder. The target can end the bonus as a free action to become immune to that damage type until the end of his or her next turn.&lt;/span&gt;
&lt;span class="flavor"&gt;Level 11: Resist 10.&lt;/span&gt;
&lt;span class="flavor"&gt;Level 21: Resist 15.&lt;/span&gt;
&lt;span class="flavor"&gt;&lt;b&gt;Special: &lt;/b&gt;You can use two Healing Infusion powers per encounter, but only one per round. At 16th level, you can use three Healing Infusion powers per encounter, but only one per round.&lt;/span&gt;
</power_rules_html><power_published_in>Dragon Magazine 381, page(s) 56. </power_published_in><power_dndinsider_id>10187</power_dndinsider_id><formatOutput>1</formatOutput></Power>
