<?xml version="1.0"?>
<Power><power_name>Sudden Surge</power_name><power_class_and_level>Fighter Attack 7</power_class_and_level><power_flavor>You throw your weight into an attack, using the momentum of your swing to surge forward.</power_flavor><power_frequency>Encounter</power_frequency><power_keywords>Martial, Weapon</power_keywords><power_action_type>Standard Action</power_action_type><power_range_and_aoe>Melee weapon</power_range_and_aoe><power_rules>Target: One creature
Attack: Strength vs. AC
Hit: 2[W] + Strength modifier damage.
Effect: You move a number of squares up to your Dexterity modifier (minimum 1).</power_rules><power_rules_html>&lt;span class="flavor"&gt;&lt;b&gt;Target: &lt;/b&gt;One creature&lt;/span&gt;
&lt;span class="flavor"&gt;&lt;b&gt;Attack: &lt;/b&gt;Strength vs. AC&lt;/span&gt;
&lt;span class="flavor"&gt;&lt;b&gt;Hit: &lt;/b&gt;2[W] + Strength modifier damage.&lt;/span&gt;
&lt;span class="flavor"&gt;&lt;b&gt;Effect: &lt;/b&gt;You move a number of squares up to your Dexterity modifier (minimum 1).&lt;/span&gt;
</power_rules_html><power_published_in>Player's Handbook, page(s) 80, Class Compendium.</power_published_in><power_dndinsider_id>1018</power_dndinsider_id><formatOutput>1</formatOutput></Power>
