<?xml version="1.0"?>
<Power><power_name>Thunderclap Armor Attack</power_name><power_class_and_level>Artificer Attack 5</power_class_and_level><power_flavor>You conjure a minor thunder elemental, binding it to your ally&#x2019;s armor while retaining control of its arcane power.</power_flavor><power_frequency>Daily</power_frequency><power_keywords>Arcane, Implement, Thunder</power_keywords><power_action_type>Minor Action</power_action_type><power_range_and_aoe>Melee touch</power_range_and_aoe><power_rules>Primary Target: You or one ally
Effect: You infuse the target&#x2019;s armor with an elemental thunder spirit. Until the end of the encounter, the target gains resist 5 thunder, and any enemy that ends its turn adjacent to the target takes 5 thunder damage. In addition, you can use the Thunderclap Armor Attack power once per round until the end of the encounter if the primary target is within 5 squares of you.
At-Will
Arcane
,
Implement
Thunder
Standard Action
Close
burst 2 centered on the primary target
Requirement: The power Thunderclap Armor must be active in order to use this power.
Secondary Target: One creature in the burst
Secondary Attack: Intelligence vs. AC
Hit: 1d10 + Intelligence modifier thunder damage, and you push the secondary target 2 squares from the primary target.</power_rules><power_rules_html>&lt;span class="flavor"&gt;&lt;b&gt;Primary Target: &lt;/b&gt;You or one ally&lt;/span&gt;
&lt;span class="flavor"&gt;&lt;b&gt;Effect: &lt;/b&gt;You infuse the target&#x2019;s armor with an elemental thunder spirit. Until the end of the encounter, the target gains resist 5 thunder, and any enemy that ends its turn adjacent to the target takes 5 thunder damage. In addition, you can use the Thunderclap Armor Attack power once per round until the end of the encounter if the primary target is within 5 squares of you.&lt;/span&gt;
&lt;span class="flavor"&gt;At-Will&lt;/span&gt;
&lt;span class="flavor"&gt;Arcane&lt;/span&gt;
&lt;span class="flavor"&gt;,&lt;/span&gt;
&lt;span class="flavor"&gt;Implement&lt;/span&gt;
&lt;span class="flavor"&gt;Thunder&lt;/span&gt;
&lt;span class="flavor"&gt;Standard Action&lt;/span&gt;
&lt;span class="flavor"&gt;Close&lt;/span&gt;
&lt;span class="flavor"&gt;burst 2 centered on the primary target&lt;/span&gt;
&lt;span class="flavor"&gt;&lt;b&gt;Requirement: &lt;/b&gt;The power Thunderclap Armor must be active in order to use this power.&lt;/span&gt;
&lt;span class="flavor"&gt;&lt;b&gt;Secondary Target: &lt;/b&gt;One creature in the burst&lt;/span&gt;
&lt;span class="flavor"&gt;&lt;b&gt;Secondary Attack: &lt;/b&gt;Intelligence vs. AC&lt;/span&gt;
&lt;span class="flavor"&gt;&lt;b&gt;Hit: &lt;/b&gt;1d10 + Intelligence modifier thunder damage, and you push the secondary target 2 squares from the primary target.&lt;/span&gt;
</power_rules_html><power_published_in>Dragon Magazine 381, page(s) 58. </power_published_in><power_dndinsider_id>10199</power_dndinsider_id><formatOutput>1</formatOutput></Power>
