<?xml version="1.0"?>
<Power><power_name>Warweaver's Tether Teleport</power_name><power_class_and_level>Artificer Attack 5</power_class_and_level><power_flavor>You trigger the enchantments on your ally&#x2019;s armor, opening up a connection between you and that ally that bends space with arcane power.</power_flavor><power_frequency>Daily</power_frequency><power_keywords>Arcane, Force, Weapon</power_keywords><power_action_type>Standard Action</power_action_type><power_range_and_aoe>Ranged weapon</power_range_and_aoe><power_rules>Special: Choose one ally within 5 squares of you. That ally&#x2019;s square is the point of origin for this attack.
Target: One creature
Attack: Intelligence vs. AC
Hit: 3[W] + Intelligence modifier force damage, and you push the target a number of squares equal to 1 + your Wisdom modifier.
Miss: Half damage, and you push the target 2 squares.
Effect: Until the end of the encounter, you can use the Warweaver's Tether Teleport once per round.
At-Will
Arcane
,
Force
Move Action
Personal
Requirement: The power Warweaver's Tether must be active in order to use this power.
Effect: You teleport into an unoccupied square adjacent to the ally you chose for warweaver&#x2019;s tether, provided that the ally is within 10 squares of you.</power_rules><power_rules_html>&lt;span class="flavor"&gt;&lt;b&gt;Special: &lt;/b&gt;Choose one ally within 5 squares of you. That ally&#x2019;s square is the point of origin for this attack.&lt;/span&gt;
&lt;span class="flavor"&gt;&lt;b&gt;Target: &lt;/b&gt;One creature&lt;/span&gt;
&lt;span class="flavor"&gt;&lt;b&gt;Attack: &lt;/b&gt;Intelligence vs. AC&lt;/span&gt;
&lt;span class="flavor"&gt;&lt;b&gt;Hit: &lt;/b&gt;3[W] + Intelligence modifier force damage, and you push the target a number of squares equal to 1 + your Wisdom modifier.&lt;/span&gt;
&lt;span class="flavor"&gt;&lt;b&gt;Miss: &lt;/b&gt;Half damage, and you push the target 2 squares.&lt;/span&gt;
&lt;span class="flavor"&gt;&lt;b&gt;Effect: &lt;/b&gt;Until the end of the encounter, you can use the Warweaver's Tether Teleport once per round.&lt;/span&gt;
&lt;span class="flavor"&gt;At-Will&lt;/span&gt;
&lt;span class="flavor"&gt;Arcane&lt;/span&gt;
&lt;span class="flavor"&gt;,&lt;/span&gt;
&lt;span class="flavor"&gt;Force&lt;/span&gt;
&lt;span class="flavor"&gt;Move Action&lt;/span&gt;
&lt;span class="flavor"&gt;Personal&lt;/span&gt;
&lt;span class="flavor"&gt;&lt;b&gt;Requirement: &lt;/b&gt;The power Warweaver's Tether must be active in order to use this power.&lt;/span&gt;
&lt;span class="flavor"&gt;&lt;b&gt;Effect: &lt;/b&gt;You teleport into an unoccupied square adjacent to the ally you chose for warweaver&#x2019;s tether, provided that the ally is within 10 squares of you.&lt;/span&gt;
</power_rules_html><power_published_in>Dragon Magazine 381, page(s) 58. </power_published_in><power_dndinsider_id>10197</power_dndinsider_id><formatOutput>1</formatOutput></Power>
