<?xml version="1.0"?>
<Power><power_name>Shocking Feedback</power_name><power_class_and_level>Artificer Attack 3</power_class_and_level><power_flavor>You quickly fire an enchanted shot at an attacking enemy, then cause the magic from the enchantment to leap onto your ally as a protective ward.</power_flavor><power_frequency>Encounter</power_frequency><power_keywords>Arcane, Lightning, Weapon</power_keywords><power_action_type>Immediate Interrupt</power_action_type><power_range_and_aoe>Ranged weapon</power_range_and_aoe><power_rules>Trigger: An enemy hits and deals damage to one of your allies with an attack
Target: The triggering enemy
Attack: Intelligence vs. AC
Hit: 2[W] + Intelligence modifier lightning damage, and the ally hit gains resist 5 all until the end of your next turn.</power_rules><power_rules_html>&lt;span class="flavor"&gt;&lt;b&gt;Trigger: &lt;/b&gt;An enemy hits and deals damage to one of your allies with an attack&lt;/span&gt;
&lt;span class="flavor"&gt;&lt;b&gt;Target: &lt;/b&gt;The triggering enemy&lt;/span&gt;
&lt;span class="flavor"&gt;&lt;b&gt;Attack: &lt;/b&gt;Intelligence vs. AC&lt;/span&gt;
&lt;span class="flavor"&gt;&lt;b&gt;Hit: &lt;/b&gt;2[W] + Intelligence modifier lightning damage, and the ally hit gains resist 5 all until the end of your next turn.&lt;/span&gt;
</power_rules_html><power_published_in>Dragon Magazine 381, page(s) 57. </power_published_in><power_dndinsider_id>10195</power_dndinsider_id><formatOutput>1</formatOutput></Power>
