<?xml version="1.0"?>
<Power><power_name>Flameburst Armor Attack</power_name><power_class_and_level>Artificer Attack 1</power_class_and_level><power_flavor>You inscribe a fiery rune upon your ally&#x2019;s armor or garments, then turn a fire spirit loose on the field of battle as you flare the rune periodically.</power_flavor><power_frequency>Daily</power_frequency><power_keywords>Arcane, Fire, Implement</power_keywords><power_action_type>Minor Action</power_action_type><power_range_and_aoe>Melee touch</power_range_and_aoe><power_rules>Primary Target: You or one ally
Effect: You infuse the target&#x2019;s armor with an elemental fire spirit. Until the end of the encounter, the target gains resist 5 fire. In addition, you can use the Fireburst Armor Attack power once per round until the end of the encounter if the primary target is within 5 squares of you.
Daily
Arcane
,
Fire
Implement
Standard Action
Close
burst 1 centered on the ally you targeted with fireburst armor
Requirement: The power Fireburst Armor must be active in order to use this power.
Special: You can use this power only once per turn.
Secondary Target: Each enemy in the burst
Effect: The secondary target takes fire damage equal to 5 + your implement&#x2019;s enhancement bonus and is marked by the primary target until the end of your next turn.</power_rules><power_rules_html>&lt;span class="flavor"&gt;&lt;b&gt;Primary Target: &lt;/b&gt;You or one ally&lt;/span&gt;
&lt;span class="flavor"&gt;&lt;b&gt;Effect: &lt;/b&gt;You infuse the target&#x2019;s armor with an elemental fire spirit. Until the end of the encounter, the target gains resist 5 fire. In addition, you can use the Fireburst Armor Attack power once per round until the end of the encounter if the primary target is within 5 squares of you.&lt;/span&gt;
&lt;span class="flavor"&gt;Daily&lt;/span&gt;
&lt;span class="flavor"&gt;Arcane&lt;/span&gt;
&lt;span class="flavor"&gt;,&lt;/span&gt;
&lt;span class="flavor"&gt;Fire&lt;/span&gt;
&lt;span class="flavor"&gt;Implement&lt;/span&gt;
&lt;span class="flavor"&gt;Standard Action&lt;/span&gt;
&lt;span class="flavor"&gt;Close&lt;/span&gt;
&lt;span class="flavor"&gt;burst 1 centered on the ally you targeted with fireburst armor&lt;/span&gt;
&lt;span class="flavor"&gt;&lt;b&gt;Requirement: &lt;/b&gt;The power Fireburst Armor must be active in order to use this power.&lt;/span&gt;
&lt;span class="flavor"&gt;&lt;b&gt;Special: &lt;/b&gt;You can use this power only once per turn.&lt;/span&gt;
&lt;span class="flavor"&gt;&lt;b&gt;Secondary Target: &lt;/b&gt;Each enemy in the burst&lt;/span&gt;
&lt;span class="flavor"&gt;&lt;b&gt;Effect: &lt;/b&gt;The secondary target takes fire damage equal to 5 + your implement&#x2019;s enhancement bonus and is marked by the primary target until the end of your next turn.&lt;/span&gt;
</power_rules_html><power_published_in>Dragon Magazine 381, page(s) 56. </power_published_in><power_dndinsider_id>10191</power_dndinsider_id><formatOutput>1</formatOutput></Power>
