<?xml version="1.0"?>
<Power><power_name>Arcane Anchor</power_name><power_class_and_level>Artificer Utility 2</power_class_and_level><power_flavor>You trigger latent enchantments placed on yourself or an ally to resist being pushed around the area.</power_flavor><power_frequency>Encounter</power_frequency><power_keywords>Arcane</power_keywords><power_action_type>Immediate Interrupt</power_action_type><power_range_and_aoe>Ranged 10</power_range_and_aoe><power_rules>Trigger: You or an ally are affected by a push, pull, or slide effect
Target: The triggering creature
Effect: The forced movement is negated.</power_rules><power_rules_html>&lt;span class="flavor"&gt;&lt;b&gt;Trigger: &lt;/b&gt;You or an ally are affected by a push, pull, or slide effect&lt;/span&gt;
&lt;span class="flavor"&gt;&lt;b&gt;Target: &lt;/b&gt;The triggering creature&lt;/span&gt;
&lt;span class="flavor"&gt;&lt;b&gt;Effect: &lt;/b&gt;The forced movement is negated.&lt;/span&gt;
</power_rules_html><power_published_in>Dragon Magazine 381, page(s) 57. </power_published_in><power_dndinsider_id>10194</power_dndinsider_id><formatOutput>1</formatOutput></Power>
