<?xml version="1.0"?>
<Power><power_name>Halo of Thorns</power_name><power_class_and_level>Artificer Attack 1</power_class_and_level><power_flavor>You enchant your ammunition with poisoning magic, then transfer that enchantment onto one of your allies close to the target.</power_flavor><power_frequency>Encounter</power_frequency><power_keywords>Arcane, Poison, Weapon</power_keywords><power_action_type>Standard Action</power_action_type><power_range_and_aoe>Ranged weapon</power_range_and_aoe><power_rules>Target: One creature
Attack: Intelligence vs. AC
Hit: 2[W] + Intelligence modifier poison damage, and choose one ally within 5 squares of the target. Until the end of your next turn, any creature that hits that ally with a melee attack takes poison damage equal to your Wisdom modifier.</power_rules><power_rules_html>&lt;span class="flavor"&gt;&lt;b&gt;Target: &lt;/b&gt;One creature&lt;/span&gt;
&lt;span class="flavor"&gt;&lt;b&gt;Attack: &lt;/b&gt;Intelligence vs. AC&lt;/span&gt;
&lt;span class="flavor"&gt;&lt;b&gt;Hit: &lt;/b&gt;2[W] + Intelligence modifier poison damage, and choose one ally within 5 squares of the target. Until the end of your next turn, any creature that hits that ally with a melee attack takes poison damage equal to your Wisdom modifier.&lt;/span&gt;
</power_rules_html><power_published_in>Dragon Magazine 381, page(s) 56. </power_published_in><power_dndinsider_id>10190</power_dndinsider_id><formatOutput>1</formatOutput></Power>
