<?xml version="1.0"?>
<Power><power_name>Iron Bulwark</power_name><power_class_and_level>Fighter Attack 7</power_class_and_level><power_flavor>You parry one blow after another, denying your foes the satisfaction of getting a solid hit.</power_flavor><power_frequency>Encounter</power_frequency><power_keywords>Martial, Weapon</power_keywords><power_action_type>Standard Action</power_action_type><power_range_and_aoe>Melee weapon</power_range_and_aoe><power_rules>Target: One creature
Attack: Strength vs. AC
Hit: 2[W] + Strength modifier damage.
Effect: You gain a +1 power bonus to AC, or a +2 power bonus if you&#x2019;re using a shield, until the end of your next turn.</power_rules><power_rules_html>&lt;span class="flavor"&gt;&lt;b&gt;Target: &lt;/b&gt;One creature&lt;/span&gt;
&lt;span class="flavor"&gt;&lt;b&gt;Attack: &lt;/b&gt;Strength vs. AC&lt;/span&gt;
&lt;span class="flavor"&gt;&lt;b&gt;Hit: &lt;/b&gt;2[W] + Strength modifier damage.&lt;/span&gt;
&lt;span class="flavor"&gt;&lt;b&gt;Effect: &lt;/b&gt;You gain a +1 power bonus to AC, or a +2 power bonus if you&#x2019;re using a shield, until the end of your next turn.&lt;/span&gt;
</power_rules_html><power_published_in>Player's Handbook, page(s) 80, Class Compendium.</power_published_in><power_dndinsider_id>1019</power_dndinsider_id><formatOutput>1</formatOutput></Power>
