<?xml version="1.0"?>
<Power><power_name>Hypnotic Distraction</power_name><power_class_and_level>Artificer Attack 3</power_class_and_level><power_flavor>The runes carved on your armor and implement flow hypnotically, drawing the attention of one of your enemies.</power_flavor><power_frequency>Encounter</power_frequency><power_keywords>Arcane, Implement, Psychic</power_keywords><power_action_type>Standard Action</power_action_type><power_range_and_aoe>Ranged 10</power_range_and_aoe><power_rules>Target: One creature
Attack: Intelligence vs. Will
Hit: 2d10 + Intelligence modifier psychic damage, and the target takes a penalty to attack rolls equal to your Wisdom modifier until the end of your next turn.</power_rules><power_rules_html>&lt;span class="flavor"&gt;&lt;b&gt;Target: &lt;/b&gt;One creature&lt;/span&gt;
&lt;span class="flavor"&gt;&lt;b&gt;Attack: &lt;/b&gt;Intelligence vs. Will&lt;/span&gt;
&lt;span class="flavor"&gt;&lt;b&gt;Hit: &lt;/b&gt;2d10 + Intelligence modifier psychic damage, and the target takes a penalty to attack rolls equal to your Wisdom modifier until the end of your next turn.&lt;/span&gt;
</power_rules_html><power_published_in>Dragon Magazine 381, page(s) 57. </power_published_in><power_dndinsider_id>10196</power_dndinsider_id><formatOutput>1</formatOutput></Power>
