<?xml version="1.0"?>
<Power><power_name>War Proxy</power_name><power_class_and_level>Artificer Attack 1</power_class_and_level><power_flavor>You forge an arcane bond between your weapon and your ally, causing your attacks to spring forth from small portals that appear next to your ally.</power_flavor><power_frequency>Daily</power_frequency><power_keywords>Arcane, Weapon</power_keywords><power_action_type>Standard Action</power_action_type><power_range_and_aoe>Close burst 3, centered on an ally within 5 squares</power_range_and_aoe><power_rules>Target: One creature in the burst
Attack: Intelligence vs. AC
Hit: 3[W] + Intelligence modifier damage.
Miss: Half damage.
Effect: Until the end of the encounter, if the ally is within 10 squares of you and you have line of effect to the ally, you can use that ally as the origin square for your ranged weapon attacks.</power_rules><power_rules_html>&lt;span class="flavor"&gt;&lt;b&gt;Target: &lt;/b&gt;One creature in the burst&lt;/span&gt;
&lt;span class="flavor"&gt;&lt;b&gt;Attack: &lt;/b&gt;Intelligence vs. AC&lt;/span&gt;
&lt;span class="flavor"&gt;&lt;b&gt;Hit: &lt;/b&gt;3[W] + Intelligence modifier damage.&lt;/span&gt;
&lt;span class="flavor"&gt;&lt;b&gt;Miss: &lt;/b&gt;Half damage.&lt;/span&gt;
&lt;span class="flavor"&gt;&lt;b&gt;Effect: &lt;/b&gt;Until the end of the encounter, if the ally is within 10 squares of you and you have line of effect to the ally, you can use that ally as the origin square for your ranged weapon attacks.&lt;/span&gt;
</power_rules_html><power_published_in>Dragon Magazine 381, page(s) 57. </power_published_in><power_dndinsider_id>10193</power_dndinsider_id><formatOutput>1</formatOutput></Power>
