<?xml version="1.0"?>
<Power><power_name>Debilitating Intercession</power_name><power_class_and_level>Artificer Attack 7</power_class_and_level><power_flavor>You fire a snap shot at an attacking enemy in retribution for an attack, then transfer the energy from your attack to create a weakening ward around your ally.</power_flavor><power_frequency>Encounter</power_frequency><power_keywords>Arcane, Necrotic, Weapon</power_keywords><power_action_type>Immediate Reaction</power_action_type><power_range_and_aoe>Ranged weapon</power_range_and_aoe><power_rules>Trigger: An enemy hits and deals damage to one of your allies with an attack
Target: The triggering enemy
Attack: Intelligence vs. AC
Hit: 2[W] + Intelligence modifier necrotic damage, and until the end of your next turn any enemy takes a -2 penalty to attack rolls while adjacent to the ally.</power_rules><power_rules_html>&lt;span class="flavor"&gt;&lt;b&gt;Trigger: &lt;/b&gt;An enemy hits and deals damage to one of your allies with an attack&lt;/span&gt;
&lt;span class="flavor"&gt;&lt;b&gt;Target: &lt;/b&gt;The triggering enemy&lt;/span&gt;
&lt;span class="flavor"&gt;&lt;b&gt;Attack: &lt;/b&gt;Intelligence vs. AC&lt;/span&gt;
&lt;span class="flavor"&gt;&lt;b&gt;Hit: &lt;/b&gt;2[W] + Intelligence modifier necrotic damage, and until the end of your next turn any enemy takes a -2 penalty to attack rolls while adjacent to the ally.&lt;/span&gt;
</power_rules_html><power_published_in>Dragon Magazine 381, page(s) 58. </power_published_in><power_dndinsider_id>10202</power_dndinsider_id><formatOutput>1</formatOutput></Power>
