<?xml version="1.0"?>
<Power><power_name>Great Cleave</power_name><power_class_and_level>Barbarian Attack 1</power_class_and_level><power_flavor>The numbers arrayed against you mean nothing. You swing your weapon in a great arc, stopped by nothing so trivial as flesh and bone.</power_flavor><power_frequency>Encounter</power_frequency><power_keywords>Primal, Weapon</power_keywords><power_action_type>Standard Action</power_action_type><power_range_and_aoe>Close burst 1</power_range_and_aoe><power_rules>Target: Each enemy in the burst you can see
Attack: Strength vs. AC
Hit: 1[W] + Strength modifier damage + 1 damage for each enemy adjacent to you.</power_rules><power_rules_html>&lt;span class="flavor"&gt;&lt;b&gt;Target: &lt;/b&gt;Each enemy in the burst you can see&lt;/span&gt;
&lt;span class="flavor"&gt;&lt;b&gt;Attack: &lt;/b&gt;Strength vs. AC&lt;/span&gt;
&lt;span class="flavor"&gt;&lt;b&gt;Hit: &lt;/b&gt;1[W] + Strength modifier damage + 1 damage for each enemy adjacent to you.&lt;/span&gt;
</power_rules_html><power_published_in>Player's Handbook 2, page(s) 51. </power_published_in><power_dndinsider_id>1020</power_dndinsider_id><formatOutput>1</formatOutput></Power>
