<?xml version="1.0"?>
<Power><power_name>Energy Conversion</power_name><power_class_and_level>Artificer Utility 6</power_class_and_level><power_flavor>Your spell absorbs the energy of your enemy&#x2019;s attacks, turning it into a protective ward for your ally.</power_flavor><power_frequency>Encounter</power_frequency><power_keywords>Arcane</power_keywords><power_action_type>Immediate Interrupt</power_action_type><power_range_and_aoe>Ranged 10</power_range_and_aoe><power_rules>Trigger: An ally takes damage from an attack
Target: The triggering ally
Effect: The target gains resist all equal to 5 + your Wisdom modifier against the triggering attack. After the attack is resolved, the ally gains temporary hit points equal 5 + your Wisdom modifier.</power_rules><power_rules_html>&lt;span class="flavor"&gt;&lt;b&gt;Trigger: &lt;/b&gt;An ally takes damage from an attack&lt;/span&gt;
&lt;span class="flavor"&gt;&lt;b&gt;Target: &lt;/b&gt;The triggering ally&lt;/span&gt;
&lt;span class="flavor"&gt;&lt;b&gt;Effect: &lt;/b&gt;The target gains resist all equal to 5 + your Wisdom modifier against the triggering attack. After the attack is resolved, the ally gains temporary hit points equal 5 + your Wisdom modifier.&lt;/span&gt;
</power_rules_html><power_published_in>Dragon Magazine 381, page(s) 58. </power_published_in><power_dndinsider_id>10201</power_dndinsider_id><formatOutput>1</formatOutput></Power>
