<?xml version="1.0"?>
<Power><power_name>Wind of Swirling Flames</power_name><power_class_and_level>Artificer Attack 13</power_class_and_level><power_flavor>A burning wind flows behind your arrow as it streaks away from you, then swirls around your target, drawing your allies closer.</power_flavor><power_frequency>Encounter</power_frequency><power_keywords>Arcane, Fire, Weapon</power_keywords><power_action_type>Standard Action</power_action_type><power_range_and_aoe>Ranged weapon</power_range_and_aoe><power_rules>Target: One creature
Attack: Intelligence vs. AC
Hit: 3[W] + Intelligence modifier fire damage, and choose one ally within 5 squares of the target. Until the end of your next turn, that ally can shift 1 square as a minor action, as long as that shift does not take the ally farther away from the target.</power_rules><power_rules_html>&lt;span class="flavor"&gt;&lt;b&gt;Target: &lt;/b&gt;One creature&lt;/span&gt;
&lt;span class="flavor"&gt;&lt;b&gt;Attack: &lt;/b&gt;Intelligence vs. AC&lt;/span&gt;
&lt;span class="flavor"&gt;&lt;b&gt;Hit: &lt;/b&gt;3[W] + Intelligence modifier fire damage, and choose one ally within 5 squares of the target. Until the end of your next turn, that ally can shift 1 square as a minor action, as long as that shift does not take the ally farther away from the target.&lt;/span&gt;
</power_rules_html><power_published_in>Dragon Magazine 381, page(s) 59. </power_published_in><power_dndinsider_id>10209</power_dndinsider_id><formatOutput>1</formatOutput></Power>
