<?xml version="1.0"?>
<Power><power_name>Healer's Momentum</power_name><power_class_and_level>Artificer Attack 9</power_class_and_level><power_flavor>You draw upon the force of your enemy&#x2019;s attacks, transforming them into a curative infusion on the fly.</power_flavor><power_frequency>Daily</power_frequency><power_keywords>Arcane, Healing, Weapon</power_keywords><power_action_type>Immediate Reaction</power_action_type><power_range_and_aoe>Ranged weapon</power_range_and_aoe><power_rules>Trigger: An enemy deals damage with an attack to one of your allies within 5 squares of you
Target: The triggering enemy
Attack: Intelligence vs. AC
Hit: 2[W] + Intelligence modifier damage.
Miss: Half damage.
Effect: The ally hit by the triggering attack roll can spend a healing surge. Two other allies within 5 squares of the target gain temporary hit points equal to their healing surge value.</power_rules><power_rules_html>&lt;span class="flavor"&gt;&lt;b&gt;Trigger: &lt;/b&gt;An enemy deals damage with an attack to one of your allies within 5 squares of you&lt;/span&gt;
&lt;span class="flavor"&gt;&lt;b&gt;Target: &lt;/b&gt;The triggering enemy&lt;/span&gt;
&lt;span class="flavor"&gt;&lt;b&gt;Attack: &lt;/b&gt;Intelligence vs. AC&lt;/span&gt;
&lt;span class="flavor"&gt;&lt;b&gt;Hit: &lt;/b&gt;2[W] + Intelligence modifier damage.&lt;/span&gt;
&lt;span class="flavor"&gt;&lt;b&gt;Miss: &lt;/b&gt;Half damage.&lt;/span&gt;
&lt;span class="flavor"&gt;&lt;b&gt;Effect: &lt;/b&gt;The ally hit by the triggering attack roll can spend a healing surge. Two other allies within 5 squares of the target gain temporary hit points equal to their healing surge value.&lt;/span&gt;
</power_rules_html><power_published_in>Dragon Magazine 381, page(s) 58. </power_published_in><power_dndinsider_id>10204</power_dndinsider_id><formatOutput>1</formatOutput></Power>
