<?xml version="1.0"?>
<Power><power_name>Static Shell Attack</power_name><power_class_and_level>Artificer Attack 9</power_class_and_level><power_flavor>You create an enchantment of arcane static that you lay of your ally&#x2019;s armor.</power_flavor><power_frequency>Daily</power_frequency><power_keywords>Arcane, Implement, Lightning</power_keywords><power_action_type>Minor Action</power_action_type><power_range_and_aoe>Melee touch</power_range_and_aoe><power_rules>Primary Target: You or one ally
Effect: You infuse the target&#x2019;s armor with a static charge. Until the end of the encounter, the target gains resist 5 lightning. In addition, you can use the Static Shell Attack power once per round until the end of the encounter if the primary target is within 5 squares of you.
At-Will
Arcane
,
Implement
Lightning
Standard Action
Close
burst 2 centered on the primary target
Requirement: The power Static Shell must be active in order to use this power.
Secondary Target: Each enemy in the burst
Secondary Attack: Intelligence vs. Fortitude
Hit: 1d10 + Intelligence modifier lightning damage, and you pull the secondary target 1 square to a space adjacent to the primary target.</power_rules><power_rules_html>&lt;span class="flavor"&gt;&lt;b&gt;Primary Target: &lt;/b&gt;You or one ally&lt;/span&gt;
&lt;span class="flavor"&gt;&lt;b&gt;Effect: &lt;/b&gt;You infuse the target&#x2019;s armor with a static charge. Until the end of the encounter, the target gains resist 5 lightning. In addition, you can use the Static Shell Attack power once per round until the end of the encounter if the primary target is within 5 squares of you.&lt;/span&gt;
&lt;span class="flavor"&gt;At-Will&lt;/span&gt;
&lt;span class="flavor"&gt;Arcane&lt;/span&gt;
&lt;span class="flavor"&gt;,&lt;/span&gt;
&lt;span class="flavor"&gt;Implement&lt;/span&gt;
&lt;span class="flavor"&gt;Lightning&lt;/span&gt;
&lt;span class="flavor"&gt;Standard Action&lt;/span&gt;
&lt;span class="flavor"&gt;Close&lt;/span&gt;
&lt;span class="flavor"&gt;burst 2 centered on the primary target&lt;/span&gt;
&lt;span class="flavor"&gt;&lt;b&gt;Requirement: &lt;/b&gt;The power Static Shell must be active in order to use this power.&lt;/span&gt;
&lt;span class="flavor"&gt;&lt;b&gt;Secondary Target: &lt;/b&gt;Each enemy in the burst&lt;/span&gt;
&lt;span class="flavor"&gt;&lt;b&gt;Secondary Attack: &lt;/b&gt;Intelligence vs. Fortitude&lt;/span&gt;
&lt;span class="flavor"&gt;&lt;b&gt;Hit: &lt;/b&gt;1d10 + Intelligence modifier lightning damage, and you pull the secondary target 1 square to a space adjacent to the primary target.&lt;/span&gt;
</power_rules_html><power_published_in>Dragon Magazine 381, page(s) 58. </power_published_in><power_dndinsider_id>10205</power_dndinsider_id><formatOutput>1</formatOutput></Power>
