<?xml version="1.0"?>
<Power><power_name>Sphere of Reality</power_name><power_class_and_level>Artificer Attack 7</power_class_and_level><power_flavor>You hurl a glass orb that warps reality when it cracks open, blasting your enemy and opening a rift through which you can attack.</power_flavor><power_frequency>Encounter</power_frequency><power_keywords>Arcane, Implement, Thunder</power_keywords><power_action_type>Standard Action</power_action_type><power_range_and_aoe>Ranged 10</power_range_and_aoe><power_rules>Target: One creature
Attack: Intelligence vs. Will
Hit: 2d10 + Intelligence modifier thunder damage, and choose a square adjacent to the target. Until the end of your next turn, you can treat that square as the point of origin of your attacks.</power_rules><power_rules_html>&lt;span class="flavor"&gt;&lt;b&gt;Target: &lt;/b&gt;One creature&lt;/span&gt;
&lt;span class="flavor"&gt;&lt;b&gt;Attack: &lt;/b&gt;Intelligence vs. Will&lt;/span&gt;
&lt;span class="flavor"&gt;&lt;b&gt;Hit: &lt;/b&gt;2d10 + Intelligence modifier thunder damage, and choose a square adjacent to the target. Until the end of your next turn, you can treat that square as the point of origin of your attacks.&lt;/span&gt;
</power_rules_html><power_published_in>Dragon Magazine 381, page(s) 58. </power_published_in><power_dndinsider_id>10203</power_dndinsider_id><formatOutput>1</formatOutput></Power>
