<?xml version="1.0"?>
<Power><power_name>Bond of Transference</power_name><power_class_and_level>Artificer Attack 13</power_class_and_level><power_flavor>You create an arcane connection between an enemy and your ally, drawing effects from your ally to your enemy.</power_flavor><power_frequency>Encounter</power_frequency><power_keywords>Arcane, Force, Implement</power_keywords><power_action_type>Standard Action</power_action_type><power_range_and_aoe>Ranged 10</power_range_and_aoe><power_rules>Target: One creature
Attack: Intelligence vs. Fortitude
Hit: 2d8 + Intelligence modifier force damage, and choose one ally within 5 squares of the target. If that ally has any effects on him or her that a save can end, end one such effect on that ally and the target gains that same effect until the end of your next turn.</power_rules><power_rules_html>&lt;span class="flavor"&gt;&lt;b&gt;Target: &lt;/b&gt;One creature&lt;/span&gt;
&lt;span class="flavor"&gt;&lt;b&gt;Attack: &lt;/b&gt;Intelligence vs. Fortitude&lt;/span&gt;
&lt;span class="flavor"&gt;&lt;b&gt;Hit: &lt;/b&gt;2d8 + Intelligence modifier force damage, and choose one ally within 5 squares of the target. If that ally has any effects on him or her that a save can end, end one such effect on that ally and the target gains that same effect until the end of your next turn.&lt;/span&gt;
</power_rules_html><power_published_in>Dragon Magazine 381, page(s) 59. </power_published_in><power_dndinsider_id>10208</power_dndinsider_id><formatOutput>1</formatOutput></Power>
