<?xml version="1.0"?>
<Power><power_name>Recuperative Enchantment</power_name><power_class_and_level>Artificer Utility 10</power_class_and_level><power_flavor>You trigger enchantments placed on your ally&#x2019;s armor that temporarily infuses them with healing energy.</power_flavor><power_frequency>Encounter</power_frequency><power_keywords>Arcane</power_keywords><power_action_type>Free Action</power_action_type><power_range_and_aoe>Close burst 10</power_range_and_aoe><power_rules>Trigger: An ally in range spends a healing surge
Target: The triggering ally
Effect: The target heals additional hit points equal to his or her healing surge value.</power_rules><power_rules_html>&lt;span class="flavor"&gt;&lt;b&gt;Trigger: &lt;/b&gt;An ally in range spends a healing surge&lt;/span&gt;
&lt;span class="flavor"&gt;&lt;b&gt;Target: &lt;/b&gt;The triggering ally&lt;/span&gt;
&lt;span class="flavor"&gt;&lt;b&gt;Effect: &lt;/b&gt;The target heals additional hit points equal to his or her healing surge value.&lt;/span&gt;
</power_rules_html><power_published_in>Dragon Magazine 381, page(s) 59. </power_published_in><power_dndinsider_id>10207</power_dndinsider_id><formatOutput>1</formatOutput></Power>
