<?xml version="1.0"?>
<Power><power_name>Planestorm Anchor Attack</power_name><power_class_and_level>Artificer Attack 19</power_class_and_level><power_flavor>You weave enchantments used by powerful planeswalkers over your ally, transforming them into a focal point for teleportation.</power_flavor><power_frequency>Daily</power_frequency><power_keywords>Arcane, Lightning, Thunder, Weapon</power_keywords><power_action_type>Standard Action</power_action_type><power_range_and_aoe>Ranged weapon</power_range_and_aoe><power_rules>Target: One creature
Attack: Intelligence vs. AC
Hit: 3[W] + Intelligence modifier lightning and thunder damage, and the target is dazed (save ends).
Miss: Half damage, and the target is dazed until the end of your next turn.
Effect: Choose an ally within 5 squares of the target. Until the end of the encounter, when the ally is within 10 squares of you, you can use the Planestorm Anchor Attack power.
Daily
Arcane
,
Lightning
Thunder
Weapon
Standard Action
Ranged
Requirement: The power Planestorm Anchor must be active in order to use this power.
Effect: You teleport into an unoccupied space adjacent to the chosen ally and make the following secondary attack.
Secondary Target: Each adjacent enemy
Secondary Attack: Intelligence vs. Reflex
Hit: 2d8 + Intelligence modifier lightning and thunder damage.</power_rules><power_rules_html>&lt;span class="flavor"&gt;&lt;b&gt;Target: &lt;/b&gt;One creature&lt;/span&gt;
&lt;span class="flavor"&gt;&lt;b&gt;Attack: &lt;/b&gt;Intelligence vs. AC&lt;/span&gt;
&lt;span class="flavor"&gt;&lt;b&gt;Hit: &lt;/b&gt;3[W] + Intelligence modifier lightning and thunder damage, and the target is dazed (save ends).&lt;/span&gt;
&lt;span class="flavor"&gt;&lt;b&gt;Miss: &lt;/b&gt;Half damage, and the target is dazed until the end of your next turn.&lt;/span&gt;
&lt;span class="flavor"&gt;&lt;b&gt;Effect: &lt;/b&gt;Choose an ally within 5 squares of the target. Until the end of the encounter, when the ally is within 10 squares of you, you can use the Planestorm Anchor Attack power.&lt;/span&gt;
&lt;span class="flavor"&gt;Daily&lt;/span&gt;
&lt;span class="flavor"&gt;Arcane&lt;/span&gt;
&lt;span class="flavor"&gt;,&lt;/span&gt;
&lt;span class="flavor"&gt;Lightning&lt;/span&gt;
&lt;span class="flavor"&gt;Thunder&lt;/span&gt;
&lt;span class="flavor"&gt;Weapon&lt;/span&gt;
&lt;span class="flavor"&gt;Standard Action&lt;/span&gt;
&lt;span class="flavor"&gt;Ranged&lt;/span&gt;
&lt;span class="flavor"&gt;&lt;b&gt;Requirement: &lt;/b&gt;The power Planestorm Anchor must be active in order to use this power.&lt;/span&gt;
&lt;span class="flavor"&gt;&lt;b&gt;Effect: &lt;/b&gt;You teleport into an unoccupied space adjacent to the chosen ally and make the following secondary attack.&lt;/span&gt;
&lt;span class="flavor"&gt;&lt;b&gt;Secondary Target: &lt;/b&gt;Each adjacent enemy&lt;/span&gt;
&lt;span class="flavor"&gt;&lt;b&gt;Secondary Attack: &lt;/b&gt;Intelligence vs. Reflex&lt;/span&gt;
&lt;span class="flavor"&gt;&lt;b&gt;Hit: &lt;/b&gt;2d8 + Intelligence modifier lightning and thunder damage.&lt;/span&gt;
</power_rules_html><power_published_in>Dragon Magazine 381, page(s) 60. </power_published_in><power_dndinsider_id>10216</power_dndinsider_id><formatOutput>1</formatOutput></Power>
