<?xml version="1.0"?>
<Power><power_name>Opportunistic Enchantment</power_name><power_class_and_level>Artificer Utility 22</power_class_and_level><power_flavor>You quickly trigger the enchantments on your ally&#x2019;s weapons, altering their attack.</power_flavor><power_frequency>Encounter</power_frequency><power_keywords>Arcane</power_keywords><power_action_type>Opportunity Action</power_action_type><power_range_and_aoe>Ranged 10</power_range_and_aoe><power_rules>Trigger: A creature provokes an opportunity attack from one of your allies within range
Target: The ally making the opportunity attack
Effect: The target can roll twice for the attack roll, keeping either result, and you choose one damage type: cold, fire, force, lightning, or thunder. If the ally&#x2019;s opportunity attack hits, the attack deals damage of that type, instead of any damage type it normally deals.</power_rules><power_rules_html>&lt;span class="flavor"&gt;&lt;b&gt;Trigger: &lt;/b&gt;A creature provokes an opportunity attack from one of your allies within range&lt;/span&gt;
&lt;span class="flavor"&gt;&lt;b&gt;Target: &lt;/b&gt;The ally making the opportunity attack&lt;/span&gt;
&lt;span class="flavor"&gt;&lt;b&gt;Effect: &lt;/b&gt;The target can roll twice for the attack roll, keeping either result, and you choose one damage type: cold, fire, force, lightning, or thunder. If the ally&#x2019;s opportunity attack hits, the attack deals damage of that type, instead of any damage type it normally deals.&lt;/span&gt;
</power_rules_html><power_published_in>Dragon Magazine 381, page(s) 60. </power_published_in><power_dndinsider_id>10218</power_dndinsider_id><formatOutput>1</formatOutput></Power>
