<?xml version="1.0"?>
<Power><power_name>Dimensional Mooring</power_name><power_class_and_level>Artificer Utility 16</power_class_and_level><power_flavor>You use the enchantments on your ally&#x2019;s armor to moor him or her to your current plane, making him or her a part of the fabric of reality.</power_flavor><power_frequency>Encounter</power_frequency><power_keywords>Arcane</power_keywords><power_action_type>Minor Action</power_action_type><power_range_and_aoe>Ranged 10</power_range_and_aoe><power_rules>Target: You or one ally in range
Effect: The target cannot be pushed, pulled, slid, knocked prone, or teleported against its will until the end of your next turn.</power_rules><power_rules_html>&lt;span class="flavor"&gt;&lt;b&gt;Target: &lt;/b&gt;You or one ally in range&lt;/span&gt;
&lt;span class="flavor"&gt;&lt;b&gt;Effect: &lt;/b&gt;The target cannot be pushed, pulled, slid, knocked prone, or teleported against its will until the end of your next turn.&lt;/span&gt;
</power_rules_html><power_published_in>Dragon Magazine 381, page(s) 59. </power_published_in><power_dndinsider_id>10213</power_dndinsider_id><formatOutput>1</formatOutput></Power>
