<?xml version="1.0"?>
<Power><power_name>Mental Beacon</power_name><power_class_and_level>Artificer Attack 23</power_class_and_level><power_flavor>You transform something your enemy is carrying or wearing into a psychic beacon that calls out for your allies&#x2019; attacks.</power_flavor><power_frequency>Encounter</power_frequency><power_keywords>Arcane, Implement, Psychic</power_keywords><power_action_type>Standard Action</power_action_type><power_range_and_aoe>Ranged 10</power_range_and_aoe><power_rules>Target: One creature
Attack: Intelligence vs. Will
Hit: 3d8 + Intelligence modifier damage, and until the end of your next turn each time one of your allies makes a ranged attack against the target, the ally can roll twice and keep either result.</power_rules><power_rules_html>&lt;span class="flavor"&gt;&lt;b&gt;Target: &lt;/b&gt;One creature&lt;/span&gt;
&lt;span class="flavor"&gt;&lt;b&gt;Attack: &lt;/b&gt;Intelligence vs. Will&lt;/span&gt;
&lt;span class="flavor"&gt;&lt;b&gt;Hit: &lt;/b&gt;3d8 + Intelligence modifier damage, and until the end of your next turn each time one of your allies makes a ranged attack against the target, the ally can roll twice and keep either result.&lt;/span&gt;
</power_rules_html><power_published_in>Dragon Magazine 381, page(s) 60. </power_published_in><power_dndinsider_id>10219</power_dndinsider_id><formatOutput>1</formatOutput></Power>
