<?xml version="1.0"?>
<Power><power_name>Anvil of Doom</power_name><power_class_and_level>Fighter Attack 13</power_class_and_level><power_flavor>Like a smith&#x2019;s hammer striking the anvil, you strike your enemy with a ringing blow that leaves it disoriented.</power_flavor><power_frequency>Encounter</power_frequency><power_keywords>Martial, Weapon</power_keywords><power_action_type>Standard Action</power_action_type><power_range_and_aoe>Melee weapon</power_range_and_aoe><power_rules>Target: One creature
Attack: Strength vs. AC
Hit: 2[W] + Strength modifier damage, and the target is dazed until the end of your next turn.
Weapon: If you&#x2019;re wielding a hammer or a mace, the target is stunned instead of dazed.</power_rules><power_rules_html>&lt;span class="flavor"&gt;&lt;b&gt;Target: &lt;/b&gt;One creature&lt;/span&gt;
&lt;span class="flavor"&gt;&lt;b&gt;Attack: &lt;/b&gt;Strength vs. AC&lt;/span&gt;
&lt;span class="flavor"&gt;&lt;b&gt;Hit: &lt;/b&gt;2[W] + Strength modifier damage, and the target is dazed until the end of your next turn.&lt;/span&gt;
&lt;span class="flavor"&gt;&lt;b&gt;Weapon: &lt;/b&gt;If you&#x2019;re wielding a hammer or a mace, the target is stunned instead of dazed.&lt;/span&gt;
</power_rules_html><power_published_in>Player's Handbook, page(s) 81, Class Compendium.</power_published_in><power_dndinsider_id>1021</power_dndinsider_id><formatOutput>1</formatOutput></Power>
