<?xml version="1.0"?>
<Power><power_name>Spellmaster's Pawn</power_name><power_class_and_level>Artificer Attack 15</power_class_and_level><power_flavor>You bond your own weapon to the enchantments you placed on your allies, causing your attacks to emanate from them.</power_flavor><power_frequency>Daily</power_frequency><power_keywords>Arcane, Force, Weapon</power_keywords><power_action_type>Standard Action</power_action_type><power_range_and_aoe>Close burst 3 centered on an ally within 10 squares</power_range_and_aoe><power_rules>Requirement: You must be wielding a ranged weapon.
Target: One creature in the burst
Attack: Intelligence vs. AC
Hit: 4[W] + Intelligence modifier force damage.
Miss: Half damage.
Effect: Until the end of the encounter, you can choose to use the ally you chose for this power as the point of origin for all your arcane ranged attack powers.</power_rules><power_rules_html>&lt;span class="flavor"&gt;&lt;b&gt;Requirement: &lt;/b&gt;You must be wielding a ranged weapon.&lt;/span&gt;
&lt;span class="flavor"&gt;&lt;b&gt;Target: &lt;/b&gt;One creature in the burst&lt;/span&gt;
&lt;span class="flavor"&gt;&lt;b&gt;Attack: &lt;/b&gt;Intelligence vs. AC&lt;/span&gt;
&lt;span class="flavor"&gt;&lt;b&gt;Hit: &lt;/b&gt;4[W] + Intelligence modifier force damage.&lt;/span&gt;
&lt;span class="flavor"&gt;&lt;b&gt;Miss: &lt;/b&gt;Half damage.&lt;/span&gt;
&lt;span class="flavor"&gt;&lt;b&gt;Effect: &lt;/b&gt;Until the end of the encounter, you can choose to use the ally you chose for this power as the point of origin for all your arcane ranged attack powers.&lt;/span&gt;
</power_rules_html><power_published_in>Dragon Magazine 381, page(s) 59. </power_published_in><power_dndinsider_id>10212</power_dndinsider_id><formatOutput>1</formatOutput></Power>
