<?xml version="1.0"?>
<Power><power_name>Arsenal Transference</power_name><power_class_and_level>Artificer Attack 17</power_class_and_level><power_flavor>You lend your arcane knowledge to an ally, briefly letting him or her make use of your enchantments.</power_flavor><power_frequency>Encounter</power_frequency><power_keywords>Arcane</power_keywords><power_action_type>Immediate Reaction</power_action_type><power_range_and_aoe>Ranged 10</power_range_and_aoe><power_rules>Trigger: An ally within 10 squares of you is hit and damaged by an attack
Effect: You can use an at-will artificer attack power against the target, using the ally&#x2019;s space as the origin for the attack. This attack deals extra damage equal to your Wisdom modifier.</power_rules><power_rules_html>&lt;span class="flavor"&gt;&lt;b&gt;Trigger: &lt;/b&gt;An ally within 10 squares of you is hit and damaged by an attack&lt;/span&gt;
&lt;span class="flavor"&gt;&lt;b&gt;Effect: &lt;/b&gt;You can use an at-will artificer attack power against the target, using the ally&#x2019;s space as the origin for the attack. This attack deals extra damage equal to your Wisdom modifier.&lt;/span&gt;
</power_rules_html><power_published_in>Dragon Magazine 381, page(s) 59. </power_published_in><power_dndinsider_id>10215</power_dndinsider_id><formatOutput>1</formatOutput></Power>
