<?xml version="1.0"?>
<Power><power_name>Addling Pattern</power_name><power_class_and_level>Artificer Attack 17</power_class_and_level><power_flavor>You weave an enchantment over your allies&#x2019; armor that confuses foes, causing them to attack their friends.</power_flavor><power_frequency>Encounter</power_frequency><power_keywords>Arcane, Charm, Implement, Psychic</power_keywords><power_action_type>Standard Action</power_action_type><power_range_and_aoe>Close blast 5</power_range_and_aoe><power_rules>Target: One or two enemies in the blast
Attack: Intelligence vs. Will
Hit: 2d8 + Intelligence modifier psychic damage, and until the end of your next turn if the target attacks you or an ally adjacent to you, the target must also make a basic attack against a creature of your choice.</power_rules><power_rules_html>&lt;span class="flavor"&gt;&lt;b&gt;Target: &lt;/b&gt;One or two enemies in the blast&lt;/span&gt;
&lt;span class="flavor"&gt;&lt;b&gt;Attack: &lt;/b&gt;Intelligence vs. Will&lt;/span&gt;
&lt;span class="flavor"&gt;&lt;b&gt;Hit: &lt;/b&gt;2d8 + Intelligence modifier psychic damage, and until the end of your next turn if the target attacks you or an ally adjacent to you, the target must also make a basic attack against a creature of your choice.&lt;/span&gt;
</power_rules_html><power_published_in>Dragon Magazine 381, page(s) 59. </power_published_in><power_dndinsider_id>10214</power_dndinsider_id><formatOutput>1</formatOutput></Power>
