<?xml version="1.0"?>
<Power><power_name>Ice Archon's Armor Attack</power_name><power_class_and_level>Artificer Attack 15</power_class_and_level><power_flavor>You bind a fragment of an ice archon&#x2019;s power to your ally&#x2019;s armor, transforming it into similar armor.</power_flavor><power_frequency>Daily</power_frequency><power_keywords>Arcane, Cold, Implement</power_keywords><power_action_type>Minor Action</power_action_type><power_range_and_aoe>Melee touch</power_range_and_aoe><power_rules>Primary Target: You or one ally
Effect: You infuse the target&#x2019;s armor with an elemental cold spirit. Until the end of the encounter, the ally gains resist 10 cold, and any enemy that starts its turn adjacent to the target gains vulnerable 5 cold damage until the start of its next turn. In addition, you can use the Ice Archon's Armor Attack power once per round until the end of the encounter if the primary target is within 5 squares of you.
At-Will
Arcane
,
Cold
Implement
Standard Action
Close
burst 3 centered on the primary target
Requirement: The power Ice Archon's Armor must be active in order to use this power.
Secondary Target: One creature in the burst
Secondary Attack: Intelligence vs. AC
Hit: 2d8 + Intelligence modifier cold damage, and the target is immobilized until the end of your next turn.</power_rules><power_rules_html>&lt;span class="flavor"&gt;&lt;b&gt;Primary Target: &lt;/b&gt;You or one ally&lt;/span&gt;
&lt;span class="flavor"&gt;&lt;b&gt;Effect: &lt;/b&gt;You infuse the target&#x2019;s armor with an elemental cold spirit. Until the end of the encounter, the ally gains resist 10 cold, and any enemy that starts its turn adjacent to the target gains vulnerable 5 cold damage until the start of its next turn. In addition, you can use the Ice Archon's Armor Attack power once per round until the end of the encounter if the primary target is within 5 squares of you.&lt;/span&gt;
&lt;span class="flavor"&gt;At-Will&lt;/span&gt;
&lt;span class="flavor"&gt;Arcane&lt;/span&gt;
&lt;span class="flavor"&gt;,&lt;/span&gt;
&lt;span class="flavor"&gt;Cold&lt;/span&gt;
&lt;span class="flavor"&gt;Implement&lt;/span&gt;
&lt;span class="flavor"&gt;Standard Action&lt;/span&gt;
&lt;span class="flavor"&gt;Close&lt;/span&gt;
&lt;span class="flavor"&gt;burst 3 centered on the primary target&lt;/span&gt;
&lt;span class="flavor"&gt;&lt;b&gt;Requirement: &lt;/b&gt;The power Ice Archon's Armor must be active in order to use this power.&lt;/span&gt;
&lt;span class="flavor"&gt;&lt;b&gt;Secondary Target: &lt;/b&gt;One creature in the burst&lt;/span&gt;
&lt;span class="flavor"&gt;&lt;b&gt;Secondary Attack: &lt;/b&gt;Intelligence vs. AC&lt;/span&gt;
&lt;span class="flavor"&gt;&lt;b&gt;Hit: &lt;/b&gt;2d8 + Intelligence modifier cold damage, and the target is immobilized until the end of your next turn.&lt;/span&gt;
</power_rules_html><power_published_in>Dragon Magazine 381, page(s) 59. </power_published_in><power_dndinsider_id>10210</power_dndinsider_id><formatOutput>1</formatOutput></Power>
