<?xml version="1.0"?>
<Power><power_name>Chains of Sorrow</power_name><power_class_and_level>Fighter Attack 13</power_class_and_level><power_flavor>You attack your foe with a ferocious blow, then pivot and pull your weapon back to your body, unbalancing the enemy.</power_flavor><power_frequency>Encounter</power_frequency><power_keywords>Martial, Weapon</power_keywords><power_action_type>Standard Action</power_action_type><power_range_and_aoe>Melee weapon</power_range_and_aoe><power_rules>Target: One creature
Attack: Strength vs. AC
Hit: 3[W] + Strength modifier damage, and the target takes a -2 penalty to all defenses until the end of your next turn.
Weapon: If you&#x2019;re wielding a flail, the target takes a penalty to all defenses equal to your Dexterity modifier.</power_rules><power_rules_html>&lt;span class="flavor"&gt;&lt;b&gt;Target: &lt;/b&gt;One creature&lt;/span&gt;
&lt;span class="flavor"&gt;&lt;b&gt;Attack: &lt;/b&gt;Strength vs. AC&lt;/span&gt;
&lt;span class="flavor"&gt;&lt;b&gt;Hit: &lt;/b&gt;3[W] + Strength modifier damage, and the target takes a -2 penalty to all defenses until the end of your next turn.&lt;/span&gt;
&lt;span class="flavor"&gt;&lt;b&gt;Weapon: &lt;/b&gt;If you&#x2019;re wielding a flail, the target takes a penalty to all defenses equal to your Dexterity modifier.&lt;/span&gt;
</power_rules_html><power_published_in>Player's Handbook, page(s) 81, Class Compendium.</power_published_in><power_dndinsider_id>1022</power_dndinsider_id><formatOutput>1</formatOutput></Power>
