<?xml version="1.0"?>
<Power><power_name>Retribution Magnet</power_name><power_class_and_level>Artificer Attack 27</power_class_and_level><power_flavor>You weave enchantments of revenge and retribution on your weapon, firing off a quick shot to punish those that would hurt your allies.</power_flavor><power_frequency>Encounter</power_frequency><power_keywords>Arcane, Force, Weapon</power_keywords><power_action_type>Immediate Reaction</power_action_type><power_range_and_aoe>Ranged weapon</power_range_and_aoe><power_rules>Trigger: An enemy hits and deals damage to one of your allies with an attack
Target: The triggering enemy
Attack: Intelligence vs. AC
Hit: 3[W] + Intelligence modifier force damage, and the ally targeted by the triggering attack gains a +4 power bonus to attack rolls against the target until the end of your next turn.</power_rules><power_rules_html>&lt;span class="flavor"&gt;&lt;b&gt;Trigger: &lt;/b&gt;An enemy hits and deals damage to one of your allies with an attack&lt;/span&gt;
&lt;span class="flavor"&gt;&lt;b&gt;Target: &lt;/b&gt;The triggering enemy&lt;/span&gt;
&lt;span class="flavor"&gt;&lt;b&gt;Attack: &lt;/b&gt;Intelligence vs. AC&lt;/span&gt;
&lt;span class="flavor"&gt;&lt;b&gt;Hit: &lt;/b&gt;3[W] + Intelligence modifier force damage, and the ally targeted by the triggering attack gains a +4 power bonus to attack rolls against the target until the end of your next turn.&lt;/span&gt;
</power_rules_html><power_published_in>Dragon Magazine 381, page(s) 61. </power_published_in><power_dndinsider_id>10224</power_dndinsider_id><formatOutput>1</formatOutput></Power>
