<?xml version="1.0"?>
<Power><power_name>Rejuvenating Intercession</power_name><power_class_and_level>Artificer Attack 23</power_class_and_level><power_flavor>You flare the enchantments on your ally, damaging their attacker and transferring rejuvenating energy to the ally.</power_flavor><power_frequency>Encounter</power_frequency><power_keywords>Arcane, Healing, Weapon</power_keywords><power_action_type>Immediate Reaction</power_action_type><power_range_and_aoe>Ranged weapon</power_range_and_aoe><power_rules>Trigger: An enemy hits and deals damage to one of your allies with an attack
Target: The triggering enemy
Attack: Intelligence vs. AC
Hit: 2[W] + Intelligence modifier damage, and the ally hit by the triggering attack roll can spend a healing surge, healing an additional number of hit points equal to 5 + your Wisdom modifier.</power_rules><power_rules_html>&lt;span class="flavor"&gt;&lt;b&gt;Trigger: &lt;/b&gt;An enemy hits and deals damage to one of your allies with an attack&lt;/span&gt;
&lt;span class="flavor"&gt;&lt;b&gt;Target: &lt;/b&gt;The triggering enemy&lt;/span&gt;
&lt;span class="flavor"&gt;&lt;b&gt;Attack: &lt;/b&gt;Intelligence vs. AC&lt;/span&gt;
&lt;span class="flavor"&gt;&lt;b&gt;Hit: &lt;/b&gt;2[W] + Intelligence modifier damage, and the ally hit by the triggering attack roll can spend a healing surge, healing an additional number of hit points equal to 5 + your Wisdom modifier.&lt;/span&gt;
</power_rules_html><power_published_in>Dragon Magazine 381, page(s) 60. </power_published_in><power_dndinsider_id>10220</power_dndinsider_id><formatOutput>1</formatOutput></Power>
