<?xml version="1.0"?>
<Power><power_name>Brittle Frost</power_name><power_class_and_level>Artificer Attack 25</power_class_and_level><power_flavor>You freeze your enemy with a chilling cold, making it hard for it to attack effectively while transferring its lost potential to your allies.</power_flavor><power_frequency>Daily</power_frequency><power_keywords>Arcane, Cold, Implement</power_keywords><power_action_type>Standard Action</power_action_type><power_range_and_aoe>Ranged 10</power_range_and_aoe><power_rules>Target: One creature
Attack: Intelligence vs. Will
Hit: 4d8 + Intelligence modifier cold damage.
Miss: Half damage.
Effect: The target is weakened (save ends). As long as the target is weakened by this effect, all your allies within 5 squares of the target gain a +5 power bonus to damage rolls.</power_rules><power_rules_html>&lt;span class="flavor"&gt;&lt;b&gt;Target: &lt;/b&gt;One creature&lt;/span&gt;
&lt;span class="flavor"&gt;&lt;b&gt;Attack: &lt;/b&gt;Intelligence vs. Will&lt;/span&gt;
&lt;span class="flavor"&gt;&lt;b&gt;Hit: &lt;/b&gt;4d8 + Intelligence modifier cold damage.&lt;/span&gt;
&lt;span class="flavor"&gt;&lt;b&gt;Miss: &lt;/b&gt;Half damage.&lt;/span&gt;
&lt;span class="flavor"&gt;&lt;b&gt;Effect: &lt;/b&gt;The target is weakened (save ends). As long as the target is weakened by this effect, all your allies within 5 squares of the target gain a +5 power bonus to damage rolls.&lt;/span&gt;
</power_rules_html><power_published_in>Dragon Magazine 381, page(s) 60. </power_published_in><power_dndinsider_id>10223</power_dndinsider_id><formatOutput>1</formatOutput></Power>
