<?xml version="1.0"?>
<Power><power_name>Vitality Siphon</power_name><power_class_and_level>Artificer Attack 27</power_class_and_level><power_flavor>You drain the life energy from your enemy, infusing your allies with their lost health.</power_flavor><power_frequency>Encounter</power_frequency><power_keywords>Arcane, Implement, Necrotic</power_keywords><power_action_type>Standard Action</power_action_type><power_range_and_aoe>Ranged 10</power_range_and_aoe><power_rules>Target: One creature
Attack: Intelligence vs. Fortitude
Hit: 3d8 + Intelligence necrotic modifier damage. Until the end of your next turn, each time the target takes damage, chose an ally within 5 squares of the target. That ally gains temporary hit points equal to 10 + your Wisdom modifier.</power_rules><power_rules_html>&lt;span class="flavor"&gt;&lt;b&gt;Target: &lt;/b&gt;One creature&lt;/span&gt;
&lt;span class="flavor"&gt;&lt;b&gt;Attack: &lt;/b&gt;Intelligence vs. Fortitude&lt;/span&gt;
&lt;span class="flavor"&gt;&lt;b&gt;Hit: &lt;/b&gt;3d8 + Intelligence necrotic modifier damage. Until the end of your next turn, each time the target takes damage, chose an ally within 5 squares of the target. That ally gains temporary hit points equal to 10 + your Wisdom modifier.&lt;/span&gt;
</power_rules_html><power_published_in>Dragon Magazine 381, page(s) 61. </power_published_in><power_dndinsider_id>10225</power_dndinsider_id><formatOutput>1</formatOutput></Power>
