<?xml version="1.0"?>
<Power><power_name>Auramorphic Armor Attack</power_name><power_class_and_level>Artificer Attack 29</power_class_and_level><power_flavor>You transform your ally&#x2019;s armor into a shifting field of arcane energy that protects your ally from a variety of attacks.</power_flavor><power_frequency>Daily</power_frequency><power_keywords>Arcane, Implement</power_keywords><power_action_type>Minor Action</power_action_type><power_range_and_aoe>Melee touch</power_range_and_aoe><power_rules>Target: You or one ally
Effect: You infuse the target&#x2019;s armor with dynamic, variable energy. Until the end of the encounter, the target gains resist 20 to any one damage type of your choice. In addition, you can use the Auramoprhic Armor Attack power once per round until the end of the encounter if the primary target is within 5 squares of you.
At-Will
Arcane
,
Implement
Standard Action
Close
burst 2 centered on the primary target
Secondary Target: Each enemy in the burst
Secondary Attack: Intelligence vs. Reflex
Effect: The target takes 1d10 + Intelligence modifier damage of the type you selected when you cast auramorphic armor, and until the end of your next turn the target cannot attack the primary target.</power_rules><power_rules_html>&lt;span class="flavor"&gt;&lt;b&gt;Target: &lt;/b&gt;You or one ally&lt;/span&gt;
&lt;span class="flavor"&gt;&lt;b&gt;Effect: &lt;/b&gt;You infuse the target&#x2019;s armor with dynamic, variable energy. Until the end of the encounter, the target gains resist 20 to any one damage type of your choice. In addition, you can use the Auramoprhic Armor Attack power once per round until the end of the encounter if the primary target is within 5 squares of you.&lt;/span&gt;
&lt;span class="flavor"&gt;At-Will&lt;/span&gt;
&lt;span class="flavor"&gt;Arcane&lt;/span&gt;
&lt;span class="flavor"&gt;,&lt;/span&gt;
&lt;span class="flavor"&gt;Implement&lt;/span&gt;
&lt;span class="flavor"&gt;Standard Action&lt;/span&gt;
&lt;span class="flavor"&gt;Close&lt;/span&gt;
&lt;span class="flavor"&gt;burst 2 centered on the primary target&lt;/span&gt;
&lt;span class="flavor"&gt;&lt;b&gt;Secondary Target: &lt;/b&gt;Each enemy in the burst&lt;/span&gt;
&lt;span class="flavor"&gt;&lt;b&gt;Secondary Attack: &lt;/b&gt;Intelligence vs. Reflex&lt;/span&gt;
&lt;span class="flavor"&gt;&lt;b&gt;Effect: &lt;/b&gt;The target takes 1d10 + Intelligence modifier damage of the type you selected when you cast auramorphic armor, and until the end of your next turn the target cannot attack the primary target.&lt;/span&gt;
</power_rules_html><power_published_in>Dragon Magazine 381, page(s) 61. </power_published_in><power_dndinsider_id>10226</power_dndinsider_id><formatOutput>1</formatOutput></Power>
