<?xml version="1.0"?>
<Power><power_name>Armor of Storms Attack</power_name><power_class_and_level>Artificer Attack 25</power_class_and_level><power_flavor>You wreathe your ally in elemental lightning, transforming his or her armor into a battery of arcane energy.</power_flavor><power_frequency>Daily</power_frequency><power_keywords>Arcane, Implement, Lightning</power_keywords><power_action_type>Minor Action</power_action_type><power_range_and_aoe>Melee touch</power_range_and_aoe><power_rules>Primary Target: You or one ally
Effect: You infuse the target&#x2019;s armor with an elemental lightning spirit. Until the end of the encounter, the target gains resist 15 lightning. In addition, you can use the Armor of Storms Attack power once per round until the end of the encounter if the primary target is within 5 squares of you.
At-Will
Arcane
,
Implement
Lightning
Standard Action
Close
burst 4 centered on the primary target
Requirement: The power Armor of Storms must be active in order to use this power.
Secondary Target: One creature in the burst
Secondary Attack: Intelligence vs. AC
Hit: 1d10 + Intelligence modifier lightning damage, and the target is dazed until the end of your next turn. Each enemy adjacent to the secondary target takes lightning damage equal to 5 + your implement&#x2019;s enhancement bonus.</power_rules><power_rules_html>&lt;span class="flavor"&gt;&lt;b&gt;Primary Target: &lt;/b&gt;You or one ally&lt;/span&gt;
&lt;span class="flavor"&gt;&lt;b&gt;Effect: &lt;/b&gt;You infuse the target&#x2019;s armor with an elemental lightning spirit. Until the end of the encounter, the target gains resist 15 lightning. In addition, you can use the Armor of Storms Attack power once per round until the end of the encounter if the primary target is within 5 squares of you.&lt;/span&gt;
&lt;span class="flavor"&gt;At-Will&lt;/span&gt;
&lt;span class="flavor"&gt;Arcane&lt;/span&gt;
&lt;span class="flavor"&gt;,&lt;/span&gt;
&lt;span class="flavor"&gt;Implement&lt;/span&gt;
&lt;span class="flavor"&gt;Lightning&lt;/span&gt;
&lt;span class="flavor"&gt;Standard Action&lt;/span&gt;
&lt;span class="flavor"&gt;Close&lt;/span&gt;
&lt;span class="flavor"&gt;burst 4 centered on the primary target&lt;/span&gt;
&lt;span class="flavor"&gt;&lt;b&gt;Requirement: &lt;/b&gt;The power Armor of Storms must be active in order to use this power.&lt;/span&gt;
&lt;span class="flavor"&gt;&lt;b&gt;Secondary Target: &lt;/b&gt;One creature in the burst&lt;/span&gt;
&lt;span class="flavor"&gt;&lt;b&gt;Secondary Attack: &lt;/b&gt;Intelligence vs. AC&lt;/span&gt;
&lt;span class="flavor"&gt;&lt;b&gt;Hit: &lt;/b&gt;1d10 + Intelligence modifier lightning damage, and the target is dazed until the end of your next turn. Each enemy adjacent to the secondary target takes lightning damage equal to 5 + your implement&#x2019;s enhancement bonus.&lt;/span&gt;
</power_rules_html><power_published_in>Dragon Magazine 381, page(s) 60. </power_published_in><power_dndinsider_id>10221</power_dndinsider_id><formatOutput>1</formatOutput></Power>
