<?xml version="1.0"?>
<Power><power_name>Tactical Detonation</power_name><power_class_and_level>Artificer Attack 29</power_class_and_level><power_flavor>You fire a precision shot carrying an explosive enchantment, which hurls enemies directly into the path of your attacking allies.</power_flavor><power_frequency>Daily</power_frequency><power_keywords>Arcane, Fire, Force, Weapon</power_keywords><power_action_type>Standard Action</power_action_type><power_range_and_aoe>Ranged weapon</power_range_and_aoe><power_rules>Primary Target: One creature
Primary Attack: Intelligence vs. AC
Hit: 4[W] + Intelligence modifier fire and force damage.
Miss: Half damage.
Effect: Make a secondary attack.
Secondary Target: Each enemy adjacent to the primary target.
Secondary Attack: Intelligence vs. Fortitude
Hit: 2d10 + Intelligence modifier fire and force damage, and slide the target 4 squares. If the target ends its movement adjacent to one of your allies, that ally can make a melee basic attack against the target as a free action. Each target can be attacked by only one of your allies as a result of this power.</power_rules><power_rules_html>&lt;span class="flavor"&gt;&lt;b&gt;Primary Target: &lt;/b&gt;One creature&lt;/span&gt;
&lt;span class="flavor"&gt;&lt;b&gt;Primary Attack: &lt;/b&gt;Intelligence vs. AC&lt;/span&gt;
&lt;span class="flavor"&gt;&lt;b&gt;Hit: &lt;/b&gt;4[W] + Intelligence modifier fire and force damage.&lt;/span&gt;
&lt;span class="flavor"&gt;&lt;b&gt;Miss: &lt;/b&gt;Half damage.&lt;/span&gt;
&lt;span class="flavor"&gt;&lt;b&gt;Effect: &lt;/b&gt;Make a secondary attack.&lt;/span&gt;
&lt;span class="flavor"&gt;&lt;b&gt;Secondary Target: &lt;/b&gt;Each enemy adjacent to the primary target.&lt;/span&gt;
&lt;span class="flavor"&gt;&lt;b&gt;Secondary Attack: &lt;/b&gt;Intelligence vs. Fortitude&lt;/span&gt;
&lt;span class="flavor"&gt;&lt;b&gt;Hit: &lt;/b&gt;2d10 + Intelligence modifier fire and force damage, and slide the target 4 squares. If the target ends its movement adjacent to one of your allies, that ally can make a melee basic attack against the target as a free action. Each target can be attacked by only one of your allies as a result of this power.&lt;/span&gt;
</power_rules_html><power_published_in>Dragon Magazine 381, page(s) 61. </power_published_in><power_dndinsider_id>10228</power_dndinsider_id><formatOutput>1</formatOutput></Power>
