<?xml version="1.0"?>
<Power><power_name>Alter Spell Power</power_name><power_class_and_level>Spell Commander Utility 12</power_class_and_level><power_flavor>You quickly weave an enchantment over an ally&#x2019;s weapon or implement, transforming an ally&#x2019;s next attack.</power_flavor><power_frequency>Encounter</power_frequency><power_keywords>Arcane</power_keywords><power_action_type>Free Action</power_action_type><power_range_and_aoe>Melee touch</power_range_and_aoe><power_rules>Trigger: An ally adjacent to you makes an attack
Target: The triggering ally&#x2019;s implement or weapon
Effect: Choose one of the following damage types: cold, fire, force, lightning, or thunder. The triggering attack&#x2019;s damage is changed to that type of damage, and the attack deals extra damage equal to your Intelligence modifier.</power_rules><power_rules_html>&lt;span class="flavor"&gt;&lt;b&gt;Trigger: &lt;/b&gt;An ally adjacent to you makes an attack&lt;/span&gt;
&lt;span class="flavor"&gt;&lt;b&gt;Target: &lt;/b&gt;The triggering ally&#x2019;s implement or weapon&lt;/span&gt;
&lt;span class="flavor"&gt;&lt;b&gt;Effect: &lt;/b&gt;Choose one of the following damage types: cold, fire, force, lightning, or thunder. The triggering attack&#x2019;s damage is changed to that type of damage, and the attack deals extra damage equal to your Intelligence modifier.&lt;/span&gt;
</power_rules_html><power_published_in>Dragon Magazine 381, page(s) 64. </power_published_in><power_dndinsider_id>10237</power_dndinsider_id><formatOutput>1</formatOutput></Power>
