<?xml version="1.0"?>
<Power><power_name>Spell Tracer</power_name><power_class_and_level>Spell Commander Attack 11</power_class_and_level><power_flavor>Your shot becomes a magnet for arcane energy, drawing your allies&#x2019; spells toward your enemy with great accuracy.</power_flavor><power_frequency>Encounter</power_frequency><power_keywords>Arcane, Force, Weapon</power_keywords><power_action_type>Standard Action</power_action_type><power_range_and_aoe>Ranged weapon</power_range_and_aoe><power_rules>Target: One creature
Attack: Intelligence vs. AC
Hit: 2[W] + Intelligence modifier force damage, and one ally within 5 squares of the target can make a basic attack against the target. If that ally uses an arcane power as their basic attack, that ally gains a +2 power bonus to the attack roll.</power_rules><power_rules_html>&lt;span class="flavor"&gt;&lt;b&gt;Target: &lt;/b&gt;One creature&lt;/span&gt;
&lt;span class="flavor"&gt;&lt;b&gt;Attack: &lt;/b&gt;Intelligence vs. AC&lt;/span&gt;
&lt;span class="flavor"&gt;&lt;b&gt;Hit: &lt;/b&gt;2[W] + Intelligence modifier force damage, and one ally within 5 squares of the target can make a basic attack against the target. If that ally uses an arcane power as their basic attack, that ally gains a +2 power bonus to the attack roll.&lt;/span&gt;
</power_rules_html><power_published_in>Dragon Magazine 381, page(s) 64. </power_published_in><power_dndinsider_id>10234</power_dndinsider_id><formatOutput>1</formatOutput></Power>
