<?xml version="1.0"?>
<Power><power_name>Punitive Radiance</power_name><power_class_and_level>Feat Utility</power_class_and_level><power_flavor>The punishment you levy on the unrighteous is visible from miles away.</power_flavor><power_frequency>Encounter</power_frequency><power_keywords>Divine</power_keywords><power_action_type>Radiant</power_action_type><power_range_and_aoe>Free Action </power_range_and_aoe><power_rules>Requirement: You must have the feat Light of Order in order to use this power.
Trigger: You hit an enemy with an attack
Target: The triggering enemy
Effect: The target takes 1d6 extra radiant damage. Additionally, the target grants combat advantage and cannot benefit from invisibility until the end of your next turn.
Level 11: 2d6 radiant damage.
Level 21: 3d6 radiant damage.</power_rules><power_rules_html>&lt;span class="flavor"&gt;&lt;b&gt;Requirement: &lt;/b&gt;You must have the feat Light of Order in order to use this power.&lt;/span&gt;
&lt;span class="flavor"&gt;&lt;b&gt;Trigger: &lt;/b&gt;You hit an enemy with an attack&lt;/span&gt;
&lt;span class="flavor"&gt;&lt;b&gt;Target: &lt;/b&gt;The triggering enemy&lt;/span&gt;
&lt;span class="flavor"&gt;&lt;b&gt;Effect: &lt;/b&gt;The target takes 1d6 extra radiant damage. Additionally, the target grants combat advantage and cannot benefit from invisibility until the end of your next turn.&lt;/span&gt;
&lt;span class="flavor"&gt;Level 11: 2d6 radiant damage.&lt;/span&gt;
&lt;span class="flavor"&gt;Level 21: 3d6 radiant damage.&lt;/span&gt;
</power_rules_html><power_published_in>Dragon Magazine 381, page(s) 92. </power_published_in><power_dndinsider_id>10239</power_dndinsider_id><formatOutput>1</formatOutput></Power>
