<?xml version="1.0"?>
<Power><power_name>Defense Siphon</power_name><power_class_and_level>Arcane Armorer Attack 11</power_class_and_level><power_flavor>You weave a spell that saps the strength and defenses of your enemy, transferring the power of those defenses to a nearby ally.</power_flavor><power_frequency>Encounter</power_frequency><power_keywords>Arcane, Implement, Necrotic</power_keywords><power_action_type>Standard Action</power_action_type><power_range_and_aoe>Ranged 10</power_range_and_aoe><power_rules>Target: One creature
Attack: Intelligence vs. Will
Hit: 3d8 + Intelligence modifier necrotic damage, and choose one ally within 5 squares of the target. Until the end of your next turn, the target takes a &#x2013;4 penalty to your choice of Fortitude, Reflex, or Will defense, and the ally you chose gains a +4 power bonus to the same defense.</power_rules><power_rules_html>&lt;span class="flavor"&gt;&lt;b&gt;Target: &lt;/b&gt;One creature&lt;/span&gt;
&lt;span class="flavor"&gt;&lt;b&gt;Attack: &lt;/b&gt;Intelligence vs. Will&lt;/span&gt;
&lt;span class="flavor"&gt;&lt;b&gt;Hit: &lt;/b&gt;3d8 + Intelligence modifier necrotic damage, and choose one ally within 5 squares of the target. Until the end of your next turn, the target takes a &#x2013;4 penalty to your choice of Fortitude, Reflex, or Will defense, and the ally you chose gains a +4 power bonus to the same defense.&lt;/span&gt;
</power_rules_html><power_published_in>Dragon Magazine 381, page(s) 62. </power_published_in><power_dndinsider_id>10230</power_dndinsider_id><formatOutput>1</formatOutput></Power>
