<?xml version="1.0"?>
<Power><power_name>Armor of Force Attack</power_name><power_class_and_level>Arcane Armorer Attack 20</power_class_and_level><power_flavor>You lay an enchantment over the armor worn by an ally, which causes the air to ripple with waves of raw force.</power_flavor><power_frequency>Daily</power_frequency><power_keywords>Arcane, Force, Implement</power_keywords><power_action_type>Minor Action</power_action_type><power_range_and_aoe>Melee touch</power_range_and_aoe><power_rules>Primary Target: One ally
Effect: You infuse the primary target&#x2019;s armor with the power of arcane force. Until the end of the encounter, the ally gains resist 5 all. In addition, you can use the Armor of Force Attack power once per round until the end of the encounter if the primary target is within 5 squares of you.
At-Will
Arcane
,
Force
Implement
Standard Action
Close
burst 1 centered on the primary target
Requirement: The power Armor of Force must be active in order to use this power.
Secondary Target: Each enemy in the burst
Secondary Attack: Intelligence vs. Fortitude
Hit: 2d10 + Intelligence modifier force damage, and you push the secondary target away from the primary target a number of squares equal to 1 + your Wisdom modifier.</power_rules><power_rules_html>&lt;span class="flavor"&gt;&lt;b&gt;Primary Target: &lt;/b&gt;One ally&lt;/span&gt;
&lt;span class="flavor"&gt;&lt;b&gt;Effect: &lt;/b&gt;You infuse the primary target&#x2019;s armor with the power of arcane force. Until the end of the encounter, the ally gains resist 5 all. In addition, you can use the Armor of Force Attack power once per round until the end of the encounter if the primary target is within 5 squares of you.&lt;/span&gt;
&lt;span class="flavor"&gt;At-Will&lt;/span&gt;
&lt;span class="flavor"&gt;Arcane&lt;/span&gt;
&lt;span class="flavor"&gt;,&lt;/span&gt;
&lt;span class="flavor"&gt;Force&lt;/span&gt;
&lt;span class="flavor"&gt;Implement&lt;/span&gt;
&lt;span class="flavor"&gt;Standard Action&lt;/span&gt;
&lt;span class="flavor"&gt;Close&lt;/span&gt;
&lt;span class="flavor"&gt;burst 1 centered on the primary target&lt;/span&gt;
&lt;span class="flavor"&gt;&lt;b&gt;Requirement: &lt;/b&gt;The power Armor of Force must be active in order to use this power.&lt;/span&gt;
&lt;span class="flavor"&gt;&lt;b&gt;Secondary Target: &lt;/b&gt;Each enemy in the burst&lt;/span&gt;
&lt;span class="flavor"&gt;&lt;b&gt;Secondary Attack: &lt;/b&gt;Intelligence vs. Fortitude&lt;/span&gt;
&lt;span class="flavor"&gt;&lt;b&gt;Hit: &lt;/b&gt;2d10 + Intelligence modifier force damage, and you push the secondary target away from the primary target a number of squares equal to 1 + your Wisdom modifier.&lt;/span&gt;
</power_rules_html><power_published_in>Dragon Magazine 381, page(s) 63. </power_published_in><power_dndinsider_id>10231</power_dndinsider_id><formatOutput>1</formatOutput></Power>
