<?xml version="1.0"?>
<Power><power_name>Protective Recall</power_name><power_class_and_level>Arcane Armorer Utility 12</power_class_and_level><power_flavor>With a flash, your ally appears by your side, shielded by arcane wards.</power_flavor><power_frequency>Encounter</power_frequency><power_keywords>Arcane</power_keywords><power_action_type>Immediate Reaction</power_action_type><power_range_and_aoe>Ranged 10</power_range_and_aoe><power_rules>Trigger: An ally is hit and damaged by an attack
Target: The triggering ally
Effect: You teleport the target into any unoccupied space adjacent to you. The target gains resist 20 to all damage until the end of his or her next turn.</power_rules><power_rules_html>&lt;span class="flavor"&gt;&lt;b&gt;Trigger: &lt;/b&gt;An ally is hit and damaged by an attack&lt;/span&gt;
&lt;span class="flavor"&gt;&lt;b&gt;Target: &lt;/b&gt;The triggering ally&lt;/span&gt;
&lt;span class="flavor"&gt;&lt;b&gt;Effect: &lt;/b&gt;You teleport the target into any unoccupied space adjacent to you. The target gains resist 20 to all damage until the end of his or her next turn.&lt;/span&gt;
</power_rules_html><power_published_in>Dragon Magazine 381, page(s) 63. </power_published_in><power_dndinsider_id>10233</power_dndinsider_id><formatOutput>1</formatOutput></Power>
