<?xml version="1.0"?>
<Power><power_name>Living Gate Teleport</power_name><power_class_and_level>Spell Commander Attack 20</power_class_and_level><power_flavor>You alter the enchantments you have placed on your ally, transforming him or her into a living nexus through which others can travel.</power_flavor><power_frequency>Daily</power_frequency><power_keywords>Arcane, Weapon</power_keywords><power_action_type>Standard Action</power_action_type><power_range_and_aoe>Ranged weapon</power_range_and_aoe><power_rules>Primary Target: One ally within 5 squares of you
Effect: You make the following attack, using the primary target&#x2019;s space as the origin square of the attack.
Secondary Target: One creature
Secondary Attack: Intelligence vs. AC
Hit: 4[W] + Intelligence modifier damage.
Miss: Half damage
Effect: Until the end of the encounter, you can use the power Living Gate Teleport.
At-Will
Arcane
,
Weapon
Move Action
Close
burst 10
Requirement: The power Living Gate must be active in order to use this power.
Tertiary Target: You or one ally in the burst
Effect: If the tertiary target is adjacent to the primary target, the tertiary target teleports 6 squares. Otherwise, the tertiary target teleports 10 squares into an unoccupied space adjacent to the primary target.</power_rules><power_rules_html>&lt;span class="flavor"&gt;&lt;b&gt;Primary Target: &lt;/b&gt;One ally within 5 squares of you&lt;/span&gt;
&lt;span class="flavor"&gt;&lt;b&gt;Effect: &lt;/b&gt;You make the following attack, using the primary target&#x2019;s space as the origin square of the attack.&lt;/span&gt;
&lt;span class="flavor"&gt;&lt;b&gt;Secondary Target: &lt;/b&gt;One creature&lt;/span&gt;
&lt;span class="flavor"&gt;&lt;b&gt;Secondary Attack: &lt;/b&gt;Intelligence vs. AC&lt;/span&gt;
&lt;span class="flavor"&gt;&lt;b&gt;Hit: &lt;/b&gt;4[W] + Intelligence modifier damage.&lt;/span&gt;
&lt;span class="flavor"&gt;&lt;b&gt;Miss: &lt;/b&gt;Half damage&lt;/span&gt;
&lt;span class="flavor"&gt;&lt;b&gt;Effect: &lt;/b&gt;Until the end of the encounter, you can use the power Living Gate Teleport.&lt;/span&gt;
&lt;span class="flavor"&gt;At-Will&lt;/span&gt;
&lt;span class="flavor"&gt;Arcane&lt;/span&gt;
&lt;span class="flavor"&gt;,&lt;/span&gt;
&lt;span class="flavor"&gt;Weapon&lt;/span&gt;
&lt;span class="flavor"&gt;Move Action&lt;/span&gt;
&lt;span class="flavor"&gt;Close&lt;/span&gt;
&lt;span class="flavor"&gt;burst 10&lt;/span&gt;
&lt;span class="flavor"&gt;&lt;b&gt;Requirement: &lt;/b&gt;The power Living Gate must be active in order to use this power.&lt;/span&gt;
&lt;span class="flavor"&gt;&lt;b&gt;Tertiary Target: &lt;/b&gt;You or one ally in the burst&lt;/span&gt;
&lt;span class="flavor"&gt;&lt;b&gt;Effect: &lt;/b&gt;If the tertiary target is adjacent to the primary target, the tertiary target teleports 6 squares. Otherwise, the tertiary target teleports 10 squares into an unoccupied space adjacent to the primary target.&lt;/span&gt;
</power_rules_html><power_published_in>Dragon Magazine 381, page(s) 64. </power_published_in><power_dndinsider_id>10235</power_dndinsider_id><formatOutput>1</formatOutput></Power>
