<?xml version="1.0"?>
<Power><power_name>Frost of Letherna</power_name><power_class_and_level>Paladin Attack 1</power_class_and_level><power_flavor>Ice and frost swirl around you, expanding quickly. While within this whirling blizzard, your enemies cannot escape you.</power_flavor><power_frequency>Daily</power_frequency><power_keywords>Cold, Divine, Implement, Zone</power_keywords><power_action_type>Standard Action</power_action_type><power_range_and_aoe>Close burst 2</power_range_and_aoe><power_rules>Target: Each enemy in the burst
Attack: Charisma vs. Fortitude
Hit: 1d10 + Charisma modifier cold damage.
Miss: Half damage.
Effect: The burst creates a zone of hindering frost that lasts until the end of your next turn. When any enemy enters the zone or starts its turn there, it is slowed until the end of its next turn.
Sustain Minor: The zone persists.</power_rules><power_rules_html>&lt;span class="flavor"&gt;&lt;b&gt;Target: &lt;/b&gt;Each enemy in the burst&lt;/span&gt;
&lt;span class="flavor"&gt;&lt;b&gt;Attack: &lt;/b&gt;Charisma vs. Fortitude&lt;/span&gt;
&lt;span class="flavor"&gt;&lt;b&gt;Hit: &lt;/b&gt;1d10 + Charisma modifier cold damage.&lt;/span&gt;
&lt;span class="flavor"&gt;&lt;b&gt;Miss: &lt;/b&gt;Half damage.&lt;/span&gt;
&lt;span class="flavor"&gt;&lt;b&gt;Effect: &lt;/b&gt;The burst creates a zone of hindering frost that lasts until the end of your next turn. When any enemy enters the zone or starts its turn there, it is slowed until the end of its next turn.&lt;/span&gt;
&lt;span class="flavor"&gt;&lt;b&gt;Sustain Minor: &lt;/b&gt;The zone persists.&lt;/span&gt;
</power_rules_html><power_published_in>Dragon Magazine 381, page(s) 71. </power_published_in><power_dndinsider_id>10247</power_dndinsider_id><formatOutput>1</formatOutput></Power>
