<?xml version="1.0"?>
<Power><power_name>Stolen Life</power_name><power_class_and_level>Paladin Attack 1</power_class_and_level><power_flavor>You slam your weapon home, channeling your enemy&#x2019;s loss into healing.</power_flavor><power_frequency>Encounter</power_frequency><power_keywords>Divine, Healing, Necrotic, Weapon</power_keywords><power_action_type>Standard Action</power_action_type><power_range_and_aoe>Melee weapon</power_range_and_aoe><power_rules>Target: One creature
Attack: Strength vs. AC
Hit: 2[W] + Strength modifier necrotic damage, and you or an ally within 5 squares of you regains a number of hit points equal to your Charisma modifier.</power_rules><power_rules_html>&lt;span class="flavor"&gt;&lt;b&gt;Target: &lt;/b&gt;One creature&lt;/span&gt;
&lt;span class="flavor"&gt;&lt;b&gt;Attack: &lt;/b&gt;Strength vs. AC&lt;/span&gt;
&lt;span class="flavor"&gt;&lt;b&gt;Hit: &lt;/b&gt;2[W] + Strength modifier necrotic damage, and you or an ally within 5 squares of you regains a number of hit points equal to your Charisma modifier.&lt;/span&gt;
</power_rules_html><power_published_in>Dragon Magazine 381, page(s) 71. </power_published_in><power_dndinsider_id>10246</power_dndinsider_id><formatOutput>1</formatOutput></Power>
