<?xml version="1.0"?>
<Power><power_name>Giant's Wake</power_name><power_class_and_level>Fighter Attack 13</power_class_and_level><power_flavor>You make heavy, sweeping blows with your weapon, hewing your enemies left and right.</power_flavor><power_frequency>Encounter</power_frequency><power_keywords>Martial, Weapon</power_keywords><power_action_type>Standard Action</power_action_type><power_range_and_aoe>Melee weapon</power_range_and_aoe><power_rules>Primary Target: One creature
Attack: Strength vs. AC
Hit: 2[W] + Strength modifier damage. Make the secondary attack.
Weapon: If you&#x2019;re wielding an axe, you gain a bonus to the damage roll equal to your Constitution modifier.
Secondary Target: Each enemy adjacent to the primary target and within range
Secondary Attack: Strength vs. AC
Hit: 1[W] + Strength modifier damage.</power_rules><power_rules_html>&lt;span class="flavor"&gt;&lt;b&gt;Primary Target: &lt;/b&gt;One creature&lt;/span&gt;
&lt;span class="flavor"&gt;&lt;b&gt;Attack: &lt;/b&gt;Strength vs. AC&lt;/span&gt;
&lt;span class="flavor"&gt;&lt;b&gt;Hit: &lt;/b&gt;2[W] + Strength modifier damage. Make the secondary attack.&lt;/span&gt;
&lt;span class="flavor"&gt;&lt;b&gt;Weapon: &lt;/b&gt;If you&#x2019;re wielding an axe, you gain a bonus to the damage roll equal to your Constitution modifier.&lt;/span&gt;
&lt;span class="flavor"&gt;&lt;b&gt;Secondary Target: &lt;/b&gt;Each enemy adjacent to the primary target and within range&lt;/span&gt;
&lt;span class="flavor"&gt;&lt;b&gt;Secondary Attack: &lt;/b&gt;Strength vs. AC&lt;/span&gt;
&lt;span class="flavor"&gt;&lt;b&gt;Hit: &lt;/b&gt;1[W] + Strength modifier damage.&lt;/span&gt;
</power_rules_html><power_published_in>Player's Handbook, page(s) 81, Class Compendium.</power_published_in><power_dndinsider_id>1024</power_dndinsider_id><formatOutput>1</formatOutput></Power>
