<?xml version="1.0"?>
<Power><power_name>Furious Demand</power_name><power_class_and_level>Feat Utility</power_class_and_level><power_flavor>Your soul burns with anger, causing your foe to quail in fear at the expression on your face.</power_flavor><power_frequency>Daily</power_frequency><power_keywords></power_keywords><power_action_type>Free Action</power_action_type><power_range_and_aoe>Personal </power_range_and_aoe><power_rules>Trigger: You succeed on an Intimidate check or hit with an attack
Target: The creature you intimidated or hit
Effect: You gain a +2 bonus to all Intimidate checks until the end of the encounter. In addition, the target takes a penalty to attack rolls against you equal to your Charisma modifier (save ends).
Aftereffect: The target takes a penalty to attack rolls against you equal to your Charisma modifier until the end of its next turn.</power_rules><power_rules_html>&lt;span class="flavor"&gt;&lt;b&gt;Trigger: &lt;/b&gt;You succeed on an Intimidate check or hit with an attack&lt;/span&gt;
&lt;span class="flavor"&gt;&lt;b&gt;Target: &lt;/b&gt;The creature you intimidated or hit&lt;/span&gt;
&lt;span class="flavor"&gt;&lt;b&gt;Effect: &lt;/b&gt;You gain a +2 bonus to all Intimidate checks until the end of the encounter. In addition, the target takes a penalty to attack rolls against you equal to your Charisma modifier (save ends).&lt;/span&gt;
&lt;span class="flavor"&gt;&lt;b&gt;Aftereffect: &lt;/b&gt;The target takes a penalty to attack rolls against you equal to your Charisma modifier until the end of its next turn.&lt;/span&gt;
</power_rules_html><power_published_in>Dragon Magazine 381, page(s) 87. </power_published_in><power_dndinsider_id>10244</power_dndinsider_id><formatOutput>1</formatOutput></Power>
