<?xml version="1.0"?>
<Power><power_name>Wizard's Wrath</power_name><power_class_and_level>Feat Utility</power_class_and_level><power_flavor>You funnel your anger into your magic, spawning a roaring vortex of raw power that batters your enemies, ruining their mundane and magical defenses.</power_flavor><power_frequency>Encounter</power_frequency><power_keywords>Arcane, Zone</power_keywords><power_action_type>Minor Action</power_action_type><power_range_and_aoe>Area burst 1 within 10</power_range_and_aoe><power_rules>Effect: The burst becomes a zone of arcane energy that lasts until the end of your next turn. You gain combat advantage against targets in the zone, and they lose all immunities and resistances against your attacks.</power_rules><power_rules_html>&lt;span class="flavor"&gt;&lt;b&gt;Effect: &lt;/b&gt;The burst becomes a zone of arcane energy that lasts until the end of your next turn. You gain combat advantage against targets in the zone, and they lose all immunities and resistances against your attacks.&lt;/span&gt;
</power_rules_html><power_published_in>Dragon Magazine 381, page(s) 88. </power_published_in><power_dndinsider_id>10245</power_dndinsider_id><formatOutput>1</formatOutput></Power>
