<?xml version="1.0"?>
<Power><power_name>Winter's Edge</power_name><power_class_and_level>Paladin Attack 3</power_class_and_level><power_flavor>Your weapon is like the biting winds of winter, freezing your opponents in their tracks.</power_flavor><power_frequency>Encounter</power_frequency><power_keywords>Cold, Divine, Weapon</power_keywords><power_action_type>Standard Action</power_action_type><power_range_and_aoe>Close burst 1</power_range_and_aoe><power_rules>Target: Each creature in the burst
Attack: Strength vs. AC
Hit: 1[W] + Strength modifier cold damage, and the target is slowed until the end of your next turn. If it is marked by you, the target is immobilized until the end of your next turn instead.</power_rules><power_rules_html>&lt;span class="flavor"&gt;&lt;b&gt;Target: &lt;/b&gt;Each creature in the burst&lt;/span&gt;
&lt;span class="flavor"&gt;&lt;b&gt;Attack: &lt;/b&gt;Strength vs. AC&lt;/span&gt;
&lt;span class="flavor"&gt;&lt;b&gt;Hit: &lt;/b&gt;1[W] + Strength modifier cold damage, and the target is slowed until the end of your next turn. If it is marked by you, the target is immobilized until the end of your next turn instead.&lt;/span&gt;
</power_rules_html><power_published_in>Dragon Magazine 381, page(s) 72. </power_published_in><power_dndinsider_id>10248</power_dndinsider_id><formatOutput>1</formatOutput></Power>
