<?xml version="1.0"?>
<Power><power_name>Shadow's Apathy</power_name><power_class_and_level>Paladin Attack 5</power_class_and_level><power_flavor>With a solid strike, you sap your adversary&#x2019;s will to act.</power_flavor><power_frequency>Daily</power_frequency><power_keywords>Divine, Necrotic, Reliable, Weapon</power_keywords><power_action_type>Standard Action</power_action_type><power_range_and_aoe>Melee weapon</power_range_and_aoe><power_rules>Target: One creature
Attack: Strength vs. AC
Hit: 1[W] + Strength modifier necrotic damage, and the target is weakened and slowed (save ends both).</power_rules><power_rules_html>&lt;span class="flavor"&gt;&lt;b&gt;Target: &lt;/b&gt;One creature&lt;/span&gt;
&lt;span class="flavor"&gt;&lt;b&gt;Attack: &lt;/b&gt;Strength vs. AC&lt;/span&gt;
&lt;span class="flavor"&gt;&lt;b&gt;Hit: &lt;/b&gt;1[W] + Strength modifier necrotic damage, and the target is weakened and slowed (save ends both).&lt;/span&gt;
</power_rules_html><power_published_in>Dragon Magazine 381, page(s) 72. </power_published_in><power_dndinsider_id>10249</power_dndinsider_id><formatOutput>1</formatOutput></Power>
