<?xml version="1.0"?>
<Power><power_name>Black Wrath of Hell</power_name><power_class_and_level>Feat Utility</power_class_and_level><power_flavor>You roar with fury as the hellish blood that flows through your veins reveals its true power. In the blink of an eye, you transform into a brutish fiend.</power_flavor><power_frequency>Daily</power_frequency><power_keywords>Polymorph</power_keywords><power_action_type>Minor Action</power_action_type><power_range_and_aoe>Personal </power_range_and_aoe><power_rules>Effect: You transform into a diabolic brute until the end of the encounter. While you are in this form, you gain regeneration 2, you increase fire resistance by 5, you gain a +2 bonus to damage rolls, and the bonus to attack rolls granted by your Bloodhunt racial trait increases to +2.
11th level: Regeneration 4.
21st level: Regeneration 6.
Special: Once during this encounter while you are in this form, you can use the black wrath of hell power.
You burn through the very essence of your own soul to lend terrifying power to your attack.
Daily
Free Action
Personal
Trigger: You hit an enemy with an attack.
Effect: The attack deals 1d10 extra damage and the target takes a penalty to attack rolls against you equal to the higher of your Intelligence or Charisma modifier (save ends). The bonus damage increases to 2d10 at 11th level and 3d10 at 21st level.</power_rules><power_rules_html>&lt;span class="flavor"&gt;&lt;b&gt;Effect: &lt;/b&gt;You transform into a diabolic brute until the end of the encounter. While you are in this form, you gain regeneration 2, you increase fire resistance by 5, you gain a +2 bonus to damage rolls, and the bonus to attack rolls granted by your Bloodhunt racial trait increases to +2.&lt;/span&gt;
&lt;span class="flavor"&gt;11th level: Regeneration 4.&lt;/span&gt;
&lt;span class="flavor"&gt;21st level: Regeneration 6.&lt;/span&gt;
&lt;span class="flavor"&gt;&lt;b&gt;Special: &lt;/b&gt;Once during this encounter while you are in this form, you can use the black wrath of hell power.&lt;/span&gt;
&lt;span class="flavor"&gt;You burn through the very essence of your own soul to lend terrifying power to your attack.&lt;/span&gt;
&lt;span class="flavor"&gt;Daily&lt;/span&gt;
&lt;span class="flavor"&gt;Free Action&lt;/span&gt;
&lt;span class="flavor"&gt;Personal&lt;/span&gt;
&lt;span class="flavor"&gt;&lt;b&gt;Trigger: &lt;/b&gt;You hit an enemy with an attack.&lt;/span&gt;
&lt;span class="flavor"&gt;&lt;b&gt;Effect: &lt;/b&gt;The attack deals 1d10 extra damage and the target takes a penalty to attack rolls against you equal to the higher of your Intelligence or Charisma modifier (save ends). The bonus damage increases to 2d10 at 11th level and 3d10 at 21st level.&lt;/span&gt;
</power_rules_html><power_published_in>Dragon Magazine 381, page(s) 87. </power_published_in><power_dndinsider_id>10242</power_dndinsider_id><formatOutput>1</formatOutput></Power>
