<?xml version="1.0"?>
<Power><power_name>Warlock's Wrath</power_name><power_class_and_level>Feat Utility</power_class_and_level><power_flavor>Arcane magic roars from you in a fiery storm, creating a vortex of energy around you.</power_flavor><power_frequency>Encounter</power_frequency><power_keywords>Arcane, Fire</power_keywords><power_action_type>Minor Action</power_action_type><power_range_and_aoe>Personal </power_range_and_aoe><power_rules>Effect: You fill your space and the squares around it with whirling fire. Until the end of your next turn, you gain a bonus to all defenses equal to your Charisma modifier, and each enemy that attacks you takes fire damage equal to half your level + your Intelligence modifier.</power_rules><power_rules_html>&lt;span class="flavor"&gt;&lt;b&gt;Effect: &lt;/b&gt;You fill your space and the squares around it with whirling fire. Until the end of your next turn, you gain a bonus to all defenses equal to your Charisma modifier, and each enemy that attacks you takes fire damage equal to half your level + your Intelligence modifier.&lt;/span&gt;
</power_rules_html><power_published_in>Dragon Magazine 381, page(s) 86. </power_published_in><power_dndinsider_id>10240</power_dndinsider_id><formatOutput>1</formatOutput></Power>
