<?xml version="1.0"?>
<Power><power_name>Paladin's Wrath</power_name><power_class_and_level>Feat Utility</power_class_and_level><power_flavor>You stand against your foes, unleashing a howling battle cry that seems to howl from the depths of Hell.</power_flavor><power_frequency>Encounter</power_frequency><power_keywords>Divine</power_keywords><power_action_type>Minor Action</power_action_type><power_range_and_aoe>Close burst 5</power_range_and_aoe><power_rules>Target: Each enemy in the burst
Effect: The target is subject to your divine sanction until the end of your next turn.</power_rules><power_rules_html>&lt;span class="flavor"&gt;&lt;b&gt;Target: &lt;/b&gt;Each enemy in the burst&lt;/span&gt;
&lt;span class="flavor"&gt;&lt;b&gt;Effect: &lt;/b&gt;The target is subject to your divine sanction until the end of your next turn.&lt;/span&gt;
</power_rules_html><power_published_in>Dragon Magazine 381, page(s) 86. </power_published_in><power_dndinsider_id>10241</power_dndinsider_id><formatOutput>1</formatOutput></Power>
