<?xml version="1.0"?>
<Power><power_name>Silverstep</power_name><power_class_and_level>Fighter Attack 13</power_class_and_level><power_flavor>You unbalance your enemies, knocking them back. As they recover, you shift to a more advantageous position.</power_flavor><power_frequency>Encounter</power_frequency><power_keywords>Martial, Weapon</power_keywords><power_action_type>Standard Action</power_action_type><power_range_and_aoe>Melee weapon</power_range_and_aoe><power_rules>Targets: One or two creatures
Attack: Strength vs. AC
Hit: 2[W] + Strength modifier damage, and you can push the target 1 square.
Weapon: If you&#x2019;re wielding a spear or a polearm, you push the target a number of squares up to your Dexterity modifier.
Effect: You can shift 1 square.
Weapon: If you&#x2019;re wielding a spear or a polearm, you can shift a number of squares up to your Dexterity modifier.</power_rules><power_rules_html>&lt;span class="flavor"&gt;&lt;b&gt;Targets: &lt;/b&gt;One or two creatures&lt;/span&gt;
&lt;span class="flavor"&gt;&lt;b&gt;Attack: &lt;/b&gt;Strength vs. AC&lt;/span&gt;
&lt;span class="flavor"&gt;&lt;b&gt;Hit: &lt;/b&gt;2[W] + Strength modifier damage, and you can push the target 1 square.&lt;/span&gt;
&lt;span class="flavor"&gt;&lt;b&gt;Weapon: &lt;/b&gt;If you&#x2019;re wielding a spear or a polearm, you push the target a number of squares up to your Dexterity modifier.&lt;/span&gt;
&lt;span class="flavor"&gt;&lt;b&gt;Effect: &lt;/b&gt;You can shift 1 square.&lt;/span&gt;
&lt;span class="flavor"&gt;&lt;b&gt;Weapon: &lt;/b&gt;If you&#x2019;re wielding a spear or a polearm, you can shift a number of squares up to your Dexterity modifier.&lt;/span&gt;
</power_rules_html><power_published_in>Player's Handbook, page(s) 81, Class Compendium.</power_published_in><power_dndinsider_id>1025</power_dndinsider_id><formatOutput>1</formatOutput></Power>
