<?xml version="1.0"?>
<Power><power_name>Ravenfrost Strike</power_name><power_class_and_level>Paladin Attack 7</power_class_and_level><power_flavor>Black frost covers your weapon, fixing your foe&#x2019;s place and its attention on you.</power_flavor><power_frequency>Encounter</power_frequency><power_keywords>Cold, Divine, Weapon</power_keywords><power_action_type>Standard Action</power_action_type><power_range_and_aoe>Melee weapon</power_range_and_aoe><power_rules>Target: One creature
Attack: Strength vs. AC
Hit: 1[W] + Strength modifier cold damage, and the target is immobilized and subject to your divine sanction until the end of your next turn.</power_rules><power_rules_html>&lt;span class="flavor"&gt;&lt;b&gt;Target: &lt;/b&gt;One creature&lt;/span&gt;
&lt;span class="flavor"&gt;&lt;b&gt;Attack: &lt;/b&gt;Strength vs. AC&lt;/span&gt;
&lt;span class="flavor"&gt;&lt;b&gt;Hit: &lt;/b&gt;1[W] + Strength modifier cold damage, and the target is immobilized and subject to your divine sanction until the end of your next turn.&lt;/span&gt;
</power_rules_html><power_published_in>Dragon Magazine 381, page(s) 72. </power_published_in><power_dndinsider_id>10251</power_dndinsider_id><formatOutput>1</formatOutput></Power>
