<?xml version="1.0"?>
<Power><power_name>Fateful Cleansing</power_name><power_class_and_level>Paladin Utility 22</power_class_and_level><power_flavor>Your intimacy with mortality allows you to remove the doom of impending death from others.</power_flavor><power_frequency>Daily</power_frequency><power_keywords>Divine, Healing</power_keywords><power_action_type>Minor Action</power_action_type><power_range_and_aoe>Melee touch</power_range_and_aoe><power_rules>Target: One creature
Effect: You spend a healing surge without regaining hit points, and the target regains hit points as if it had spent two healing surges. It can make a saving throw against all effects that a save can end.</power_rules><power_rules_html>&lt;span class="flavor"&gt;&lt;b&gt;Target: &lt;/b&gt;One creature&lt;/span&gt;
&lt;span class="flavor"&gt;&lt;b&gt;Effect: &lt;/b&gt;You spend a healing surge without regaining hit points, and the target regains hit points as if it had spent two healing surges. It can make a saving throw against all effects that a save can end.&lt;/span&gt;
</power_rules_html><power_published_in>Dragon Magazine 381, page(s) 73. </power_published_in><power_dndinsider_id>10259</power_dndinsider_id><formatOutput>1</formatOutput></Power>
