<?xml version="1.0"?>
<Power><power_name>Darkness Unleashed</power_name><power_class_and_level>Paladin Attack 15</power_class_and_level><power_flavor>With a howl of defiance, you catch your breath and loose a sapping wave of darkness against your assailants.</power_flavor><power_frequency>Daily</power_frequency><power_keywords>Divine, Implement, Necrotic</power_keywords><power_action_type>Free Action</power_action_type><power_range_and_aoe>Close burst 1</power_range_and_aoe><power_rules>Trigger: You use your second wind
Target: Each enemy in the burst
Attack: Charisma vs. Will
Hit: 2d10 + Charisma modifier necrotic damage.
Miss: Half damage.
Effect: If you score a critical hit on any of this power&#x2019;s attack rolls, you regain the ability to use your second wind this encounter.</power_rules><power_rules_html>&lt;span class="flavor"&gt;&lt;b&gt;Trigger: &lt;/b&gt;You use your second wind&lt;/span&gt;
&lt;span class="flavor"&gt;&lt;b&gt;Target: &lt;/b&gt;Each enemy in the burst&lt;/span&gt;
&lt;span class="flavor"&gt;&lt;b&gt;Attack: &lt;/b&gt;Charisma vs. Will&lt;/span&gt;
&lt;span class="flavor"&gt;&lt;b&gt;Hit: &lt;/b&gt;2d10 + Charisma modifier necrotic damage.&lt;/span&gt;
&lt;span class="flavor"&gt;&lt;b&gt;Miss: &lt;/b&gt;Half damage.&lt;/span&gt;
&lt;span class="flavor"&gt;&lt;b&gt;Effect: &lt;/b&gt;If you score a critical hit on any of this power&#x2019;s attack rolls, you regain the ability to use your second wind this encounter.&lt;/span&gt;
</power_rules_html><power_published_in>Dragon Magazine 381, page(s) 73. </power_published_in><power_dndinsider_id>10256</power_dndinsider_id><formatOutput>1</formatOutput></Power>
