<?xml version="1.0"?>
<Power><power_name>Deathguide's Sanction</power_name><power_class_and_level>Paladin Attack 19</power_class_and_level><power_flavor>You strike and sanction your foe, and your allies can siphon its life force with each successful attack.</power_flavor><power_frequency>Daily</power_frequency><power_keywords>Divine, Healing, Radiant, Reliable, Weapon</power_keywords><power_action_type>Standard Action</power_action_type><power_range_and_aoe>Melee weapon</power_range_and_aoe><power_rules>Target: One creature
Attack: Strength vs. AC
Hit: 4[W] + Charisma modifier radiant damage, and the target is under the effect of your divine sanction (save ends). Until this divine sanction ends, on each of your allies&#x2019; turns, the first time that ally hits the target, he or she regains a number of hit points equal to 5 + your Charisma modifier.</power_rules><power_rules_html>&lt;span class="flavor"&gt;&lt;b&gt;Target: &lt;/b&gt;One creature&lt;/span&gt;
&lt;span class="flavor"&gt;&lt;b&gt;Attack: &lt;/b&gt;Strength vs. AC&lt;/span&gt;
&lt;span class="flavor"&gt;&lt;b&gt;Hit: &lt;/b&gt;4[W] + Charisma modifier radiant damage, and the target is under the effect of your divine sanction (save ends). Until this divine sanction ends, on each of your allies&#x2019; turns, the first time that ally hits the target, he or she regains a number of hit points equal to 5 + your Charisma modifier.&lt;/span&gt;
</power_rules_html><power_published_in>Dragon Magazine 381, page(s) 73. </power_published_in><power_dndinsider_id>10258</power_dndinsider_id><formatOutput>1</formatOutput></Power>
