<?xml version="1.0"?>
<Power><power_name>Winter's Arrival</power_name><power_class_and_level>Paladin Utility 10</power_class_and_level><power_flavor>You step through deep shadow to chase your foe, bringing icy ground back with you.</power_flavor><power_frequency>Encounter</power_frequency><power_keywords>Divine, Teleportation</power_keywords><power_action_type>Move Action</power_action_type><power_range_and_aoe>Personal </power_range_and_aoe><power_rules>Effect: You teleport a number of squares equal to 1 + your Charisma modifier, to a space adjacent to an enemy marked by you. All squares adjacent to you are difficult terrain until the end of your next turn.</power_rules><power_rules_html>&lt;span class="flavor"&gt;&lt;b&gt;Effect: &lt;/b&gt;You teleport a number of squares equal to 1 + your Charisma modifier, to a space adjacent to an enemy marked by you. All squares adjacent to you are difficult terrain until the end of your next turn.&lt;/span&gt;
</power_rules_html><power_published_in>Dragon Magazine 381, page(s) 72. </power_published_in><power_dndinsider_id>10253</power_dndinsider_id><formatOutput>1</formatOutput></Power>
