<?xml version="1.0"?>
<Power><power_name>Letherna's Hounds</power_name><power_class_and_level>Paladin Attack 13</power_class_and_level><power_flavor>Shadowy hounds materialize and spring at your enemies, dragging them to your feet.</power_flavor><power_frequency>Encounter</power_frequency><power_keywords>Divine, Implement, Necrotic</power_keywords><power_action_type>Standard Action</power_action_type><power_range_and_aoe>Close burst 2</power_range_and_aoe><power_rules>Target: Each enemy in the burst
Attack: Charisma vs. Fortitude
Hit: 1d10 + Charisma modifier necrotic damage. The target falls prone, and you pull it 1 square to a space adjacent to you.</power_rules><power_rules_html>&lt;span class="flavor"&gt;&lt;b&gt;Target: &lt;/b&gt;Each enemy in the burst&lt;/span&gt;
&lt;span class="flavor"&gt;&lt;b&gt;Attack: &lt;/b&gt;Charisma vs. Fortitude&lt;/span&gt;
&lt;span class="flavor"&gt;&lt;b&gt;Hit: &lt;/b&gt;1d10 + Charisma modifier necrotic damage. The target falls prone, and you pull it 1 square to a space adjacent to you.&lt;/span&gt;
</power_rules_html><power_published_in>Dragon Magazine 381, page(s) 72. </power_published_in><power_dndinsider_id>10255</power_dndinsider_id><formatOutput>1</formatOutput></Power>
