<?xml version="1.0"?>
<Power><power_name>Deathguide's Stance</power_name><power_class_and_level>Paladin Utility 10</power_class_and_level><power_flavor>Muttering devotions, you can channel the death that&#x2019;s all around you into life.</power_flavor><power_frequency>Daily</power_frequency><power_keywords>Divine, Healing, Stance</power_keywords><power_action_type>Minor Action</power_action_type><power_range_and_aoe>Personal </power_range_and_aoe><power_rules>Effect: Until the stance ends, whenever a nonminion enemy within 5 squares of you is bloodied or reduced to 0 hit points, you or an ally within 5 squares of you regains a number of hit points equal to 5 + your Charisma modifier.</power_rules><power_rules_html>&lt;span class="flavor"&gt;&lt;b&gt;Effect: &lt;/b&gt;Until the stance ends, whenever a nonminion enemy within 5 squares of you is bloodied or reduced to 0 hit points, you or an ally within 5 squares of you regains a number of hit points equal to 5 + your Charisma modifier.&lt;/span&gt;
</power_rules_html><power_published_in>Dragon Magazine 381, page(s) 72. </power_published_in><power_dndinsider_id>10254</power_dndinsider_id><formatOutput>1</formatOutput></Power>
