<?xml version="1.0"?>
<Power><power_name>Shadow Blades of Shared Doom</power_name><power_class_and_level>Paladin Attack 9</power_class_and_level><power_flavor>As your attack lands, shadowy blades spring from your foe to slice those nearby and draw ire upon you.</power_flavor><power_frequency>Daily</power_frequency><power_keywords>Divine, Necrotic, Weapon</power_keywords><power_action_type>Standard Action</power_action_type><power_range_and_aoe>Melee weapon</power_range_and_aoe><power_rules>Primary Target: One creature
Primary Attack: Strength vs. AC
Hit: 2[W] + Strength modifier damage. Make a secondary attack.
Secondary Target: Each enemy adjacent to the primary target
Secondary Attack: Strength vs. Will
Hit: 1[W] + Charisma modifier necrotic damage, and the target is subject to your divine sanction until the end of your next turn.
Miss: Half damage.
Effect: The target is subject to your divine sanction until the end of your next turn.</power_rules><power_rules_html>&lt;span class="flavor"&gt;&lt;b&gt;Primary Target: &lt;/b&gt;One creature&lt;/span&gt;
&lt;span class="flavor"&gt;&lt;b&gt;Primary Attack: &lt;/b&gt;Strength vs. AC&lt;/span&gt;
&lt;span class="flavor"&gt;&lt;b&gt;Hit: &lt;/b&gt;2[W] + Strength modifier damage. Make a secondary attack.&lt;/span&gt;
&lt;span class="flavor"&gt;&lt;b&gt;Secondary Target: &lt;/b&gt;Each enemy adjacent to the primary target&lt;/span&gt;
&lt;span class="flavor"&gt;&lt;b&gt;Secondary Attack: &lt;/b&gt;Strength vs. Will&lt;/span&gt;
&lt;span class="flavor"&gt;&lt;b&gt;Hit: &lt;/b&gt;1[W] + Charisma modifier necrotic damage, and the target is subject to your divine sanction until the end of your next turn.&lt;/span&gt;
&lt;span class="flavor"&gt;&lt;b&gt;Miss: &lt;/b&gt;Half damage.&lt;/span&gt;
&lt;span class="flavor"&gt;&lt;b&gt;Effect: &lt;/b&gt;The target is subject to your divine sanction until the end of your next turn.&lt;/span&gt;
</power_rules_html><power_published_in>Dragon Magazine 381, page(s) 72. </power_published_in><power_dndinsider_id>10252</power_dndinsider_id><formatOutput>1</formatOutput></Power>
