<?xml version="1.0"?>
<Power><power_name>Winter's Fated Stance</power_name><power_class_and_level>Paladin Utility 6</power_class_and_level><power_flavor>A murder of ghostly ravens hover about you, warding you against cold and death.</power_flavor><power_frequency>Daily</power_frequency><power_keywords>Divine, Stance</power_keywords><power_action_type>Minor Action</power_action_type><power_range_and_aoe>Personal </power_range_and_aoe><power_rules>Effect: Until the stance ends, you gain resist cold and necrotic equal to 5 + your Wisdom or Charisma modifier. You can voluntarily end the stance as a free action to gain +2 to a defense of your choice until the end of your next turn.</power_rules><power_rules_html>&lt;span class="flavor"&gt;&lt;b&gt;Effect: &lt;/b&gt;Until the stance ends, you gain resist cold and necrotic equal to 5 + your Wisdom or Charisma modifier. You can voluntarily end the stance as a free action to gain +2 to a defense of your choice until the end of your next turn.&lt;/span&gt;
</power_rules_html><power_published_in>Dragon Magazine 381, page(s) 72. </power_published_in><power_dndinsider_id>10250</power_dndinsider_id><formatOutput>1</formatOutput></Power>
