<?xml version="1.0"?>
<Power><power_name>Icy Clutches</power_name><power_class_and_level>Paladin Attack 17</power_class_and_level><power_flavor>You drive your foe to the ground, commanding it to stay down or suffer the consequences.</power_flavor><power_frequency>Encounter</power_frequency><power_keywords>Cold, Divine, Weapon</power_keywords><power_action_type>Standard Action</power_action_type><power_range_and_aoe>Melee weapon</power_range_and_aoe><power_rules>Target: One creature
Attack: Strength vs. AC
Hit: 2[W] + Strength modifier cold damage, and the target is subject to your divine sanction until the end of your next turn, and it falls prone. Until the target is no longer subject to this divine sanction, if it stands up, it takes damage as if it made an attack that didn&#x2019;t include you.</power_rules><power_rules_html>&lt;span class="flavor"&gt;&lt;b&gt;Target: &lt;/b&gt;One creature&lt;/span&gt;
&lt;span class="flavor"&gt;&lt;b&gt;Attack: &lt;/b&gt;Strength vs. AC&lt;/span&gt;
&lt;span class="flavor"&gt;&lt;b&gt;Hit: &lt;/b&gt;2[W] + Strength modifier cold damage, and the target is subject to your divine sanction until the end of your next turn, and it falls prone. Until the target is no longer subject to this divine sanction, if it stands up, it takes damage as if it made an attack that didn&#x2019;t include you.&lt;/span&gt;
</power_rules_html><power_published_in>Dragon Magazine 381, page(s) 73. </power_published_in><power_dndinsider_id>10257</power_dndinsider_id><formatOutput>1</formatOutput></Power>
