<?xml version="1.0"?>
<Power><power_name>Smiting Blades</power_name><power_class_and_level>Arbiter of Forgotten Justice Attack 11</power_class_and_level><power_flavor>A burst of radiance not only chars your foe, but causes its steps to become unsteady.</power_flavor><power_frequency>Encounter</power_frequency><power_keywords>Divine, Implement, Radiant</power_keywords><power_action_type>Standard Action</power_action_type><power_range_and_aoe>Area burst 2 within 12</power_range_and_aoe><power_rules>Target: Each enemy in the burst
Attack: Wisdom vs. Fortitude
Hit: 1d10 + Wisdom modifier radiant damage. If the target hits or misses you or an ally before the end of your next turn, it falls prone and is slowed until the end of your next turn.</power_rules><power_rules_html>&lt;span class="flavor"&gt;&lt;b&gt;Target: &lt;/b&gt;Each enemy in the burst&lt;/span&gt;
&lt;span class="flavor"&gt;&lt;b&gt;Attack: &lt;/b&gt;Wisdom vs. Fortitude&lt;/span&gt;
&lt;span class="flavor"&gt;&lt;b&gt;Hit: &lt;/b&gt;1d10 + Wisdom modifier radiant damage. If the target hits or misses you or an ally before the end of your next turn, it falls prone and is slowed until the end of your next turn.&lt;/span&gt;
</power_rules_html><power_published_in>Dragon Magazine 381, page(s) 77. </power_published_in><power_dndinsider_id>10269</power_dndinsider_id><formatOutput>1</formatOutput></Power>
