<?xml version="1.0"?>
<Power><power_name>Freezing Censure</power_name><power_class_and_level>Paladin Attack 23</power_class_and_level><power_flavor>With a single prayer, winter comes early, encasing your foe in a crust of rime.</power_flavor><power_frequency>Encounter</power_frequency><power_keywords>Cold, Divine, Implement</power_keywords><power_action_type>Standard Action</power_action_type><power_range_and_aoe>Ranged 5</power_range_and_aoe><power_rules>Target: One creature
Attack: Charisma vs. Will
Hit: 2d8 + Charisma modifier cold damage, and the target is restrained until the end of your next turn.</power_rules><power_rules_html>&lt;span class="flavor"&gt;&lt;b&gt;Target: &lt;/b&gt;One creature&lt;/span&gt;
&lt;span class="flavor"&gt;&lt;b&gt;Attack: &lt;/b&gt;Charisma vs. Will&lt;/span&gt;
&lt;span class="flavor"&gt;&lt;b&gt;Hit: &lt;/b&gt;2d8 + Charisma modifier cold damage, and the target is restrained until the end of your next turn.&lt;/span&gt;
</power_rules_html><power_published_in>Dragon Magazine 381, page(s) 73. </power_published_in><power_dndinsider_id>10260</power_dndinsider_id><formatOutput>1</formatOutput></Power>
