<?xml version="1.0"?>
<Power><power_name>Amoth's Grace</power_name><power_class_and_level>Feat Utility</power_class_and_level><power_flavor>Through Amoth&#x2019;s power, you channel strength to your allies, allowing them to stand fast against evil.</power_flavor><power_frequency>Encounter</power_frequency><power_keywords>Divine, Healing</power_keywords><power_action_type>Immediate Reaction</power_action_type><power_range_and_aoe>Ranged 5</power_range_and_aoe><power_rules>Channel Divinity: You may only use one Channel Divinity power per encounter.
Trigger: You or an ally within range of you are either subject to a critical hit or bloodied by an attack
Effect: The triggering creature can spend a healing surge.
Special: You must take the Amoth&#x2019;s Grace feat to use this power.</power_rules><power_rules_html>&lt;span class="flavor"&gt;&lt;b&gt;Channel Divinity: &lt;/b&gt;You may only use one Channel Divinity power per encounter.&lt;/span&gt;
&lt;span class="flavor"&gt;&lt;b&gt;Trigger: &lt;/b&gt;You or an ally within range of you are either subject to a critical hit or bloodied by an attack&lt;/span&gt;
&lt;span class="flavor"&gt;&lt;b&gt;Effect: &lt;/b&gt;The triggering creature can spend a healing surge.&lt;/span&gt;
&lt;span class="flavor"&gt;&lt;b&gt;Special: &lt;/b&gt;You must take the Amoth&#x2019;s Grace feat to use this power.&lt;/span&gt;
</power_rules_html><power_published_in>Dragon Magazine 381, page(s) 75. </power_published_in><power_dndinsider_id>10264</power_dndinsider_id><formatOutput>1</formatOutput></Power>
