<?xml version="1.0"?>
<Power><power_name>Guidance of Heavenly Hands</power_name><power_class_and_level>Invoker Utility 16</power_class_and_level><power_flavor>Even as you are yanked from your feet, divine power flows through you, guiding you gently to a safe destination.</power_flavor><power_frequency>Encounter</power_frequency><power_keywords>Divine, Teleportation</power_keywords><power_action_type>Immediate Interrupt</power_action_type><power_range_and_aoe>Close burst 10</power_range_and_aoe><power_rules>Trigger: An enemy pushes, pulls, slides, or teleports you or an ally within range
Target: The creature subjected to forced movement
Effect: When the enemy moves the target, you teleport the target 5 squares instead of that movement.</power_rules><power_rules_html>&lt;span class="flavor"&gt;&lt;b&gt;Trigger: &lt;/b&gt;An enemy pushes, pulls, slides, or teleports you or an ally within range&lt;/span&gt;
&lt;span class="flavor"&gt;&lt;b&gt;Target: &lt;/b&gt;The creature subjected to forced movement&lt;/span&gt;
&lt;span class="flavor"&gt;&lt;b&gt;Effect: &lt;/b&gt;When the enemy moves the target, you teleport the target 5 squares instead of that movement.&lt;/span&gt;
</power_rules_html><power_published_in>Dragon Magazine 381, page(s) 76. </power_published_in><power_dndinsider_id>10267</power_dndinsider_id><formatOutput>1</formatOutput></Power>
