<?xml version="1.0"?>
<Power><power_name>Talon of the Roc</power_name><power_class_and_level>Fighter Attack 13</power_class_and_level><power_flavor>Like the talons of a great raptor, your attacks disable your foe and pin it in place.</power_flavor><power_frequency>Encounter</power_frequency><power_keywords>Martial, Weapon</power_keywords><power_action_type>Standard Action</power_action_type><power_range_and_aoe>Melee weapon</power_range_and_aoe><power_rules>Target: One creature
Attack: Strength vs. AC
Hit: 3[W] + Strength modifier damage, and the target is slowed until the end of your next turn.
Weapon: If you&#x2019;re wielding a pick or a spear, the target also cannot shift until the end of your next turn.</power_rules><power_rules_html>&lt;span class="flavor"&gt;&lt;b&gt;Target: &lt;/b&gt;One creature&lt;/span&gt;
&lt;span class="flavor"&gt;&lt;b&gt;Attack: &lt;/b&gt;Strength vs. AC&lt;/span&gt;
&lt;span class="flavor"&gt;&lt;b&gt;Hit: &lt;/b&gt;3[W] + Strength modifier damage, and the target is slowed until the end of your next turn.&lt;/span&gt;
&lt;span class="flavor"&gt;&lt;b&gt;Weapon: &lt;/b&gt;If you&#x2019;re wielding a pick or a spear, the target also cannot shift until the end of your next turn.&lt;/span&gt;
</power_rules_html><power_published_in>Player's Handbook, page(s) 82, Class Compendium.</power_published_in><power_dndinsider_id>1026</power_dndinsider_id><formatOutput>1</formatOutput></Power>
