<?xml version="1.0"?>
<Power><power_name>Symbol of Vengeance</power_name><power_class_and_level>Invoker Utility 6</power_class_and_level><power_flavor>A glyph of ancient meaning shimmers above your companion, allowing you to channel your divine might to strike those that intend your companion harm.</power_flavor><power_frequency>Daily</power_frequency><power_keywords>Divine</power_keywords><power_action_type>Minor Action</power_action_type><power_range_and_aoe>Ranged 10</power_range_and_aoe><power_rules>Target: One ally
Effect: Until the end of the encounter, you can determine lines of sight and effect for your divine ranged or area at-will or encounter attacks from the target, rather than from yourself, as long as you have line of sight to the target.</power_rules><power_rules_html>&lt;span class="flavor"&gt;&lt;b&gt;Target: &lt;/b&gt;One ally&lt;/span&gt;
&lt;span class="flavor"&gt;&lt;b&gt;Effect: &lt;/b&gt;Until the end of the encounter, you can determine lines of sight and effect for your divine ranged or area at-will or encounter attacks from the target, rather than from yourself, as long as you have line of sight to the target.&lt;/span&gt;
</power_rules_html><power_published_in>Dragon Magazine 381, page(s) 76. </power_published_in><power_dndinsider_id>10265</power_dndinsider_id><formatOutput>1</formatOutput></Power>
