<?xml version="1.0"?>
<Power><power_name>Charge of the Dead</power_name><power_class_and_level>Paladin Attack 27</power_class_and_level><power_flavor>Shades of the honored dead join you in your onslaught.</power_flavor><power_frequency>Encounter</power_frequency><power_keywords>Divine, Necrotic, Weapon</power_keywords><power_action_type>Standard Action</power_action_type><power_range_and_aoe>Melee weapon</power_range_and_aoe><power_rules>Primary Target: One creature
Primary Attack: Strength vs. AC
Hit: 3[W] + Strength damage. Make a secondary attack that is a close burst 2 using your implement.
Secondary Target: The primary target and each enemy in close burst
Secondary Attack: Charisma vs. Reflex
Hit: 1d8 + Charisma modifier necrotic damage.
Special: When charging, you can use this power in place of a melee basic attack.</power_rules><power_rules_html>&lt;span class="flavor"&gt;&lt;b&gt;Primary Target: &lt;/b&gt;One creature&lt;/span&gt;
&lt;span class="flavor"&gt;&lt;b&gt;Primary Attack: &lt;/b&gt;Strength vs. AC&lt;/span&gt;
&lt;span class="flavor"&gt;&lt;b&gt;Hit: &lt;/b&gt;3[W] + Strength damage. Make a secondary attack that is a close burst 2 using your implement.&lt;/span&gt;
&lt;span class="flavor"&gt;&lt;b&gt;Secondary Target: &lt;/b&gt;The primary target and each enemy in close burst&lt;/span&gt;
&lt;span class="flavor"&gt;&lt;b&gt;Secondary Attack: &lt;/b&gt;Charisma vs. Reflex&lt;/span&gt;
&lt;span class="flavor"&gt;&lt;b&gt;Hit: &lt;/b&gt;1d8 + Charisma modifier necrotic damage.&lt;/span&gt;
&lt;span class="flavor"&gt;&lt;b&gt;Special: &lt;/b&gt;When charging, you can use this power in place of a melee basic attack.&lt;/span&gt;
</power_rules_html><power_published_in>Dragon Magazine 381, page(s) 73. </power_published_in><power_dndinsider_id>10261</power_dndinsider_id><formatOutput>1</formatOutput></Power>
