<?xml version="1.0"?>
<Power><power_name>Sorrowsworn Strike</power_name><power_class_and_level>Paladin Attack 29</power_class_and_level><power_flavor>With a weapon&#x2019;s thrust, you bring sorrow, blindness, and death.</power_flavor><power_frequency>Daily</power_frequency><power_keywords>Divine, Necrotic, Weapon</power_keywords><power_action_type>Standard Action</power_action_type><power_range_and_aoe>Melee weapon</power_range_and_aoe><power_rules>Target: One creature
Attack: Strength vs. AC
Hit: 4[W] + Strength modifier necrotic damage, and the target is blinded and cannot regain hit points (save ends).
Miss: Half damage, and the target cannot regain hit points until the end of your next turn.</power_rules><power_rules_html>&lt;span class="flavor"&gt;&lt;b&gt;Target: &lt;/b&gt;One creature&lt;/span&gt;
&lt;span class="flavor"&gt;&lt;b&gt;Attack: &lt;/b&gt;Strength vs. AC&lt;/span&gt;
&lt;span class="flavor"&gt;&lt;b&gt;Hit: &lt;/b&gt;4[W] + Strength modifier necrotic damage, and the target is blinded and cannot regain hit points (save ends).&lt;/span&gt;
&lt;span class="flavor"&gt;&lt;b&gt;Miss: &lt;/b&gt;Half damage, and the target cannot regain hit points until the end of your next turn.&lt;/span&gt;
</power_rules_html><power_published_in>Dragon Magazine 381, page(s) 73. </power_published_in><power_dndinsider_id>10262</power_dndinsider_id><formatOutput>1</formatOutput></Power>
