<?xml version="1.0"?>
<Power><power_name>Penance of Amoth</power_name><power_class_and_level>Invoker Attack 25</power_class_and_level><power_flavor>You blast your enemy with coruscating power. The power sinks deep into its soul and waits to punish your foe for further evildoing.</power_flavor><power_frequency>Daily</power_frequency><power_keywords>Divine, Implement, Radiant</power_keywords><power_action_type>Standard Action</power_action_type><power_range_and_aoe>Ranged 10</power_range_and_aoe><power_rules>Target: One creature
Attack: Wisdom vs. Fortitude
Hit: 3d8 + Wisdom modifier radiant damage, and the target bears Amoth&#x2019;s penance (save ends). The first time on each of its turns that a creature bearing Amoth&#x2019;s penance makes a damage roll against an ally, that creature takes radiant damage equal to the damage rolled.
Miss: Half damage, and the target bears Amoth&#x2019;s penance until the end of your next turn.</power_rules><power_rules_html>&lt;span class="flavor"&gt;&lt;b&gt;Target: &lt;/b&gt;One creature&lt;/span&gt;
&lt;span class="flavor"&gt;&lt;b&gt;Attack: &lt;/b&gt;Wisdom vs. Fortitude&lt;/span&gt;
&lt;span class="flavor"&gt;&lt;b&gt;Hit: &lt;/b&gt;3d8 + Wisdom modifier radiant damage, and the target bears Amoth&#x2019;s penance (save ends). The first time on each of its turns that a creature bearing Amoth&#x2019;s penance makes a damage roll against an ally, that creature takes radiant damage equal to the damage rolled.&lt;/span&gt;
&lt;span class="flavor"&gt;&lt;b&gt;Miss: &lt;/b&gt;Half damage, and the target bears Amoth&#x2019;s penance until the end of your next turn.&lt;/span&gt;
</power_rules_html><power_published_in>Dragon Magazine 381, page(s) 76. </power_published_in><power_dndinsider_id>10268</power_dndinsider_id><formatOutput>1</formatOutput></Power>
