<?xml version="1.0"?>
<Power><power_name>Eye of Dawn</power_name><power_class_and_level>Invoker Attack 15</power_class_and_level><power_flavor>A light like the morning sun burns amid your foes, causing them to flinch away&#x2014;and find themselves elsewhere.</power_flavor><power_frequency>Daily</power_frequency><power_keywords>Divine, Implement, Radiant, Teleportation</power_keywords><power_action_type>Standard Action</power_action_type><power_range_and_aoe>Area burst 2 within 10</power_range_and_aoe><power_rules>Target: Each enemy in the burst
Attack: Wisdom vs. Fortitude
Hit: 4d6 + Wisdom modifier radiant damage, and you teleport the target to any other space in or adjacent to the burst.
Miss: Half damage, and you teleport the target 1 square.
Effect: You teleport each ally in the burst to any other space in or adjacent to the burst.</power_rules><power_rules_html>&lt;span class="flavor"&gt;&lt;b&gt;Target: &lt;/b&gt;Each enemy in the burst&lt;/span&gt;
&lt;span class="flavor"&gt;&lt;b&gt;Attack: &lt;/b&gt;Wisdom vs. Fortitude&lt;/span&gt;
&lt;span class="flavor"&gt;&lt;b&gt;Hit: &lt;/b&gt;4d6 + Wisdom modifier radiant damage, and you teleport the target to any other space in or adjacent to the burst.&lt;/span&gt;
&lt;span class="flavor"&gt;&lt;b&gt;Miss: &lt;/b&gt;Half damage, and you teleport the target 1 square.&lt;/span&gt;
&lt;span class="flavor"&gt;&lt;b&gt;Effect: &lt;/b&gt;You teleport each ally in the burst to any other space in or adjacent to the burst.&lt;/span&gt;
</power_rules_html><power_published_in>Dragon Magazine 381, page(s) 76. </power_published_in><power_dndinsider_id>10266</power_dndinsider_id><formatOutput>1</formatOutput></Power>
