<?xml version="1.0"?>
<Power><power_name>In Death, Life</power_name><power_class_and_level>Feat Utility</power_class_and_level><power_flavor>Your powers of death revitalize your body.</power_flavor><power_frequency>Encounter</power_frequency><power_keywords>Divine, Healing</power_keywords><power_action_type>Free Action</power_action_type><power_range_and_aoe>Close burst 3</power_range_and_aoe><power_rules>Trigger: You bloody an enemy or reduce an enemy to 0 hit points
Target: You or one ally in the burst
Effect: You spend a healing surge and the target gains hit points as if it spent the healing surge.</power_rules><power_rules_html>&lt;span class="flavor"&gt;&lt;b&gt;Trigger: &lt;/b&gt;You bloody an enemy or reduce an enemy to 0 hit points&lt;/span&gt;
&lt;span class="flavor"&gt;&lt;b&gt;Target: &lt;/b&gt;You or one ally in the burst&lt;/span&gt;
&lt;span class="flavor"&gt;&lt;b&gt;Effect: &lt;/b&gt;You spend a healing surge and the target gains hit points as if it spent the healing surge.&lt;/span&gt;
</power_rules_html><power_published_in>Dragon Magazine 381, page(s) 74. </power_published_in><power_dndinsider_id>10263</power_dndinsider_id><formatOutput>1</formatOutput></Power>
