<?xml version="1.0"?>
<Power><power_name>Wormhole Plunge</power_name><power_class_and_level>Ardent Attack 1</power_class_and_level><power_flavor>Your foe falls through a hole in space and appears some distance away from you.</power_flavor><power_frequency>Daily</power_frequency><power_keywords>Psionic, Teleportation, Weapon, Zone</power_keywords><power_action_type>Standard Action</power_action_type><power_range_and_aoe>Melee weapon</power_range_and_aoe><power_rules>Target: One creature
Attack: Charisma vs. AC
Hit: 1[W] + Charisma modifier damage.
Miss: Half damage.
Effect: You teleport the target a number of squares equal to your Wisdom modifier, and then one ally adjacent to the target can make a melee basic attack against it as a free action.
The attack creates a zone in the space that the target vacated. The zone lasts until the end of your next turn. Any creature that starts its turn within 3 squares of the zone is pulled 1 square toward it or into it. Once per round as a free action, you can teleport a creature within the zone 3 squares.</power_rules><power_rules_html>&lt;span class="flavor"&gt;&lt;b&gt;Target: &lt;/b&gt;One creature&lt;/span&gt;
&lt;span class="flavor"&gt;&lt;b&gt;Attack: &lt;/b&gt;Charisma vs. AC&lt;/span&gt;
&lt;span class="flavor"&gt;&lt;b&gt;Hit: &lt;/b&gt;1[W] + Charisma modifier damage.&lt;/span&gt;
&lt;span class="flavor"&gt;&lt;b&gt;Miss: &lt;/b&gt;Half damage.&lt;/span&gt;
&lt;span class="flavor"&gt;&lt;b&gt;Effect: &lt;/b&gt;You teleport the target a number of squares equal to your Wisdom modifier, and then one ally adjacent to the target can make a melee basic attack against it as a free action.&lt;/span&gt;
&lt;span class="flavor"&gt;The attack creates a zone in the space that the target vacated. The zone lasts until the end of your next turn. Any creature that starts its turn within 3 squares of the zone is pulled 1 square toward it or into it. Once per round as a free action, you can teleport a creature within the zone 3 squares.&lt;/span&gt;
</power_rules_html><power_published_in>Player's Handbook 3, page(s) 26. </power_published_in><power_dndinsider_id>10278</power_dndinsider_id><formatOutput>1</formatOutput></Power>
