<?xml version="1.0"?>
<Power><power_name>Dimension Swap</power_name><power_class_and_level>Ardent Utility 2</power_class_and_level><power_flavor>You fold the space between yourself and an ally so that you can switch positions.</power_flavor><power_frequency>Encounter</power_frequency><power_keywords>Psionic, Teleportation</power_keywords><power_action_type>Move Action</power_action_type><power_range_and_aoe>Close burst 5</power_range_and_aoe><power_rules>Target: One ally in the burst
Effect: You teleport yourself and the target, swapping positions.</power_rules><power_rules_html>&lt;span class="flavor"&gt;&lt;b&gt;Target: &lt;/b&gt;One ally in the burst&lt;/span&gt;
&lt;span class="flavor"&gt;&lt;b&gt;Effect: &lt;/b&gt;You teleport yourself and the target, swapping positions.&lt;/span&gt;
</power_rules_html><power_published_in>Player's Handbook 3, page(s) 26. </power_published_in><power_dndinsider_id>10279</power_dndinsider_id><formatOutput>1</formatOutput></Power>
