<?xml version="1.0"?>
<Power><power_name>Soulfire Mantle</power_name><power_class_and_level>Arbiter of Forgotten Justice Attack 20</power_class_and_level><power_flavor>Divine wrath pours from your soul and wraps itself around your foe in a searing shroud of justice.</power_flavor><power_frequency>Daily</power_frequency><power_keywords>Divine, Implement, Radiant</power_keywords><power_action_type>Standard Action</power_action_type><power_range_and_aoe>Ranged 20</power_range_and_aoe><power_rules>Target: One creature
Attack: Wisdom vs. Fortitude
Hit: 3d6 + Wisdom modifier radiant damage.
Effect: When the target fails a saving throw, it takes 10 radiant damage and you can teleport it 3 squares (save ends).
Aftereffect: Ongoing 10 radiant damage (save ends).</power_rules><power_rules_html>&lt;span class="flavor"&gt;&lt;b&gt;Target: &lt;/b&gt;One creature&lt;/span&gt;
&lt;span class="flavor"&gt;&lt;b&gt;Attack: &lt;/b&gt;Wisdom vs. Fortitude&lt;/span&gt;
&lt;span class="flavor"&gt;&lt;b&gt;Hit: &lt;/b&gt;3d6 + Wisdom modifier radiant damage.&lt;/span&gt;
&lt;span class="flavor"&gt;&lt;b&gt;Effect: &lt;/b&gt;When the target fails a saving throw, it takes 10 radiant damage and you can teleport it 3 squares (save ends).&lt;/span&gt;
&lt;span class="flavor"&gt;&lt;b&gt;Aftereffect: &lt;/b&gt;Ongoing 10 radiant damage (save ends).&lt;/span&gt;
</power_rules_html><power_published_in>Dragon Magazine 381, page(s) 77. </power_published_in><power_dndinsider_id>10270</power_dndinsider_id><formatOutput>1</formatOutput></Power>
