<?xml version="1.0"?>
<Power><power_name>Focusing Strike</power_name><power_class_and_level>Ardent Attack 1</power_class_and_level><power_flavor>You attack your foe with calm and clarity of mind, extending that clarity to give a nearby ally a chance to clear a lingering effect.</power_flavor><power_frequency>At-Will</power_frequency><power_keywords>Augmentable, Psionic, Weapon</power_keywords><power_action_type>Standard Action</power_action_type><power_range_and_aoe>Melee weapon</power_range_and_aoe><power_rules>Target: One creature
Attack: Charisma vs. AC
Hit: 1[W] + Charisma modifier damage, and you or one ally within 5 squares of you can make a saving throw.
Hit: As above, and if the saving throw is against a charm or a fear effect, it gains a power bonus equal to your Wisdom modifier.
Hit: 2[W] + Charisma modifier damage, and you and each ally within 5 squares of you can make a saving throw.</power_rules><power_rules_html>&lt;span class="flavor"&gt;&lt;b&gt;Target: &lt;/b&gt;One creature&lt;/span&gt;
&lt;span class="flavor"&gt;&lt;b&gt;Attack: &lt;/b&gt;Charisma vs. AC&lt;/span&gt;
&lt;span class="flavor"&gt;&lt;b&gt;Hit: &lt;/b&gt;1[W] + Charisma modifier damage, and you or one ally within 5 squares of you can make a saving throw.&lt;/span&gt;
&lt;span class="flavor"&gt;&lt;b&gt;Hit: &lt;/b&gt;As above, and if the saving throw is against a charm or a fear effect, it gains a power bonus equal to your Wisdom modifier.&lt;/span&gt;
&lt;span class="flavor"&gt;&lt;b&gt;Hit: &lt;/b&gt;2[W] + Charisma modifier damage, and you and each ally within 5 squares of you can make a saving throw.&lt;/span&gt;
</power_rules_html><power_published_in>Player's Handbook 3, page(s) 25. </power_published_in><power_dndinsider_id>10275</power_dndinsider_id><formatOutput>1</formatOutput></Power>
