<?xml version="1.0"?>
<Power><power_name>Favor the Faithful</power_name><power_class_and_level>Arbiter of Forgotten Justice Utility 12</power_class_and_level><power_flavor>Through an act of supreme faith, you channel divine power and your own life force to shield your companions from harm.</power_flavor><power_frequency>Daily</power_frequency><power_keywords>Divine</power_keywords><power_action_type>Immediate Interrupt</power_action_type><power_range_and_aoe>Close burst 5</power_range_and_aoe><power_rules>Trigger: An attack hits you or an ally within range
Target: The triggering creature
Effect: You spend a healing surge but regain no hit points. The target is completely unaffected by the attack, as though the original attack had not included the target.</power_rules><power_rules_html>&lt;span class="flavor"&gt;&lt;b&gt;Trigger: &lt;/b&gt;An attack hits you or an ally within range&lt;/span&gt;
&lt;span class="flavor"&gt;&lt;b&gt;Target: &lt;/b&gt;The triggering creature&lt;/span&gt;
&lt;span class="flavor"&gt;&lt;b&gt;Effect: &lt;/b&gt;You spend a healing surge but regain no hit points. The target is completely unaffected by the attack, as though the original attack had not included the target.&lt;/span&gt;
</power_rules_html><power_published_in>Dragon Magazine 381, page(s) 77. </power_published_in><power_dndinsider_id>10271</power_dndinsider_id><formatOutput>1</formatOutput></Power>
