<?xml version="1.0"?>
<Power><power_name>Ardent Alacrity</power_name><power_class_and_level>Ardent Feature</power_class_and_level><power_flavor>As you take a hit, your emotional energy inspires your allies.</power_flavor><power_frequency>Encounter</power_frequency><power_keywords>Psionic</power_keywords><power_action_type>No Action</power_action_type><power_range_and_aoe>Close burst 5</power_range_and_aoe><power_rules>Trigger: You are bloodied by an attack
Target: Each ally in the burst
Effect: Each target can use a free action either to shift 1 square or to move half his or her speed.</power_rules><power_rules_html>&lt;span class="flavor"&gt;&lt;b&gt;Trigger: &lt;/b&gt;You are bloodied by an attack&lt;/span&gt;
&lt;span class="flavor"&gt;&lt;b&gt;Target: &lt;/b&gt;Each ally in the burst&lt;/span&gt;
&lt;span class="flavor"&gt;&lt;b&gt;Effect: &lt;/b&gt;Each target can use a free action either to shift 1 square or to move half his or her speed.&lt;/span&gt;
</power_rules_html><power_published_in>Player's Handbook 3, page(s) 24. </power_published_in><power_dndinsider_id>10272</power_dndinsider_id><formatOutput>1</formatOutput></Power>
