<?xml version="1.0"?>
<Power><power_name>Energizing Strike</power_name><power_class_and_level>Ardent Attack 1</power_class_and_level><power_flavor>The energy and emotion you put into your attack flows into your ally.</power_flavor><power_frequency>At-Will</power_frequency><power_keywords>Augmentable, Healing, Psionic, Weapon</power_keywords><power_action_type>Standard Action</power_action_type><power_range_and_aoe>Melee weapon</power_range_and_aoe><power_rules>Target: One creature
Attack: Charisma vs. AC
Hit: 1[W] + Charisma modifier damage, and one ally within 5 squares of you gains temporary hit points equal to one-half your level + your Charisma modifier.
Hit: 1[W] + Charisma modifier damage, and one dying ally within 5 squares of you regains hit points equal to your Charisma modifier.
Hit: 2[W] + Charisma modifier damage, and you or one ally within 5 squares of you can spend a healing surge.</power_rules><power_rules_html>&lt;span class="flavor"&gt;&lt;b&gt;Target: &lt;/b&gt;One creature&lt;/span&gt;
&lt;span class="flavor"&gt;&lt;b&gt;Attack: &lt;/b&gt;Charisma vs. AC&lt;/span&gt;
&lt;span class="flavor"&gt;&lt;b&gt;Hit: &lt;/b&gt;1[W] + Charisma modifier damage, and one ally within 5 squares of you gains temporary hit points equal to one-half your level + your Charisma modifier.&lt;/span&gt;
&lt;span class="flavor"&gt;&lt;b&gt;Hit: &lt;/b&gt;1[W] + Charisma modifier damage, and one dying ally within 5 squares of you regains hit points equal to your Charisma modifier.&lt;/span&gt;
&lt;span class="flavor"&gt;&lt;b&gt;Hit: &lt;/b&gt;2[W] + Charisma modifier damage, and you or one ally within 5 squares of you can spend a healing surge.&lt;/span&gt;
</power_rules_html><power_published_in>Player's Handbook 3, page(s) 25. </power_published_in><power_dndinsider_id>10274</power_dndinsider_id><formatOutput>1</formatOutput></Power>
