<?xml version="1.0"?>
<Power><power_name>Psionic Shield</power_name><power_class_and_level>Ardent Attack 1</power_class_and_level><power_flavor>As you strike your foe, you motivate a nearby ally with a calm determination to defend himself or herself.</power_flavor><power_frequency>At-Will</power_frequency><power_keywords>Augmentable, Psionic, Weapon</power_keywords><power_action_type>Standard Action</power_action_type><power_range_and_aoe>Melee weapon</power_range_and_aoe><power_rules>Target: One creature
Attack: Charisma vs. AC
Hit: 1[W] + Charisma modifier damage, and one ally within 5 squares of you gains a +1 power bonus to all defenses until the end of your next turn.
Hit: 1[W] + Charisma modifier damage, and one ally within 5 squares of you gains a power bonus to Will equal to your Wisdom modifier until the end of your next turn.
Hit: 2[W] + Charisma modifier damage, and each ally within 5 squares of you gains a +2 power bonus to all defenses until the end of your next turn.</power_rules><power_rules_html>&lt;span class="flavor"&gt;&lt;b&gt;Target: &lt;/b&gt;One creature&lt;/span&gt;
&lt;span class="flavor"&gt;&lt;b&gt;Attack: &lt;/b&gt;Charisma vs. AC&lt;/span&gt;
&lt;span class="flavor"&gt;&lt;b&gt;Hit: &lt;/b&gt;1[W] + Charisma modifier damage, and one ally within 5 squares of you gains a +1 power bonus to all defenses until the end of your next turn.&lt;/span&gt;
&lt;span class="flavor"&gt;&lt;b&gt;Hit: &lt;/b&gt;1[W] + Charisma modifier damage, and one ally within 5 squares of you gains a power bonus to Will equal to your Wisdom modifier until the end of your next turn.&lt;/span&gt;
&lt;span class="flavor"&gt;&lt;b&gt;Hit: &lt;/b&gt;2[W] + Charisma modifier damage, and each ally within 5 squares of you gains a +2 power bonus to all defenses until the end of your next turn.&lt;/span&gt;
</power_rules_html><power_published_in>Player's Handbook 3, page(s) 25. </power_published_in><power_dndinsider_id>10276</power_dndinsider_id><formatOutput>1</formatOutput></Power>
