<?xml version="1.0"?>
<Power><power_name>Ardent Surge</power_name><power_class_and_level>Ardent Feature</power_class_and_level><power_flavor>You send a surge of powerful emotion that revives a faltering ally.</power_flavor><power_frequency>Encounter (Special)</power_frequency><power_keywords>Healing, Psionic</power_keywords><power_action_type>Minor Action</power_action_type><power_range_and_aoe>Close burst 5 (10 at 16th level)</power_range_and_aoe><power_rules>Target: You or one ally
Effect: The target can spend a healing surge and regain 1d6 additional hit points.
Level 6: 2d6 additional hit points.
Level 11: 3d6 additional hit points.
Level 16: 4d6 additional hit points.
Level 21: 5d6 additional hit points.
Level 26: 6d6 additional hit points.
Mantle of Clarity: The target gains a +1 bonus to all defenses until the end of your next turn.
Mantle of Elation: The target gains a +1 bonus to attack rolls until the end of your next turn.
Special: You can use this power twice per encounter, but only once per round. At 16th level, you can use this power three times per encounter, but only once per round.</power_rules><power_rules_html>&lt;span class="flavor"&gt;&lt;b&gt;Target: &lt;/b&gt;You or one ally&lt;/span&gt;
&lt;span class="flavor"&gt;&lt;b&gt;Effect: &lt;/b&gt;The target can spend a healing surge and regain 1d6 additional hit points.&lt;/span&gt;
&lt;span class="flavor"&gt;Level 6: 2d6 additional hit points.&lt;/span&gt;
&lt;span class="flavor"&gt;Level 11: 3d6 additional hit points.&lt;/span&gt;
&lt;span class="flavor"&gt;Level 16: 4d6 additional hit points.&lt;/span&gt;
&lt;span class="flavor"&gt;Level 21: 5d6 additional hit points.&lt;/span&gt;
&lt;span class="flavor"&gt;Level 26: 6d6 additional hit points.&lt;/span&gt;
&lt;span class="flavor"&gt;&lt;b&gt;Mantle of Clarity: &lt;/b&gt;The target gains a +1 bonus to all defenses until the end of your next turn.&lt;/span&gt;
&lt;span class="flavor"&gt;&lt;b&gt;Mantle of Elation: &lt;/b&gt;The target gains a +1 bonus to attack rolls until the end of your next turn.&lt;/span&gt;
&lt;span class="flavor"&gt;&lt;b&gt;Special: &lt;/b&gt;You can use this power twice per encounter, but only once per round. At 16th level, you can use this power three times per encounter, but only once per round.&lt;/span&gt;
</power_rules_html><power_published_in>Player's Handbook 3, page(s) 24. </power_published_in><power_dndinsider_id>10273</power_dndinsider_id><formatOutput>1</formatOutput></Power>
