<?xml version="1.0"?>
<Power><power_name>Storm of Blows</power_name><power_class_and_level>Fighter Attack 13</power_class_and_level><power_flavor>You duck and weave between your enemies while slashing at them ferociously.</power_flavor><power_frequency>Encounter</power_frequency><power_keywords>Martial, Weapon</power_keywords><power_action_type>Standard Action</power_action_type><power_range_and_aoe>Melee weapon</power_range_and_aoe><power_rules>Targets: One creature
Attack: Strength vs. AC
Hit: 1[W] + Strength modifier damage.
Weapon: If you&#x2019;re wielding a heavy blade or a light blade, you gain a bonus to the damage roll equal to your Dexterity modifier.
Effect: After the attack, you can shift 1 square and repeat the attack against another creature within reach. You can then shift 1 square and repeat the attack against a third creature within reach. After the final attack, you can shift 1 square.</power_rules><power_rules_html>&lt;span class="flavor"&gt;&lt;b&gt;Targets: &lt;/b&gt;One creature&lt;/span&gt;
&lt;span class="flavor"&gt;&lt;b&gt;Attack: &lt;/b&gt;Strength vs. AC&lt;/span&gt;
&lt;span class="flavor"&gt;&lt;b&gt;Hit: &lt;/b&gt;1[W] + Strength modifier damage.&lt;/span&gt;
&lt;span class="flavor"&gt;&lt;b&gt;Weapon: &lt;/b&gt;If you&#x2019;re wielding a heavy blade or a light blade, you gain a bonus to the damage roll equal to your Dexterity modifier.&lt;/span&gt;
&lt;span class="flavor"&gt;&lt;b&gt;Effect: &lt;/b&gt;After the attack, you can shift 1 square and repeat the attack against another creature within reach. You can then shift 1 square and repeat the attack against a third creature within reach. After the final attack, you can shift 1 square.&lt;/span&gt;
</power_rules_html><power_published_in>Player's Handbook, page(s) 82, Class Compendium.</power_published_in><power_dndinsider_id>1027</power_dndinsider_id><formatOutput>1</formatOutput></Power>
