<?xml version="1.0"?>
<Power><power_name>Implanted Suggestion</power_name><power_class_and_level>Ardent Attack 1</power_class_and_level><power_flavor>You compel your enemy to open itself to attack.</power_flavor><power_frequency>Daily</power_frequency><power_keywords>Charm, Psionic, Weapon</power_keywords><power_action_type>Standard Action</power_action_type><power_range_and_aoe>Melee weapon</power_range_and_aoe><power_rules>Target: One creature
Attack: Charisma vs. Will
Hit: 2[W] + Charisma modifier damage, and the target is dazed (save ends).
Miss: Half damage.
Effect: The target is affected by your suggestion (save ends). Until the suggestion ends, whenever the target makes an attack, one ally adjacent to the target can make a melee basic attack against it as a free action after the target&#x2019;s attack is resolved.</power_rules><power_rules_html>&lt;span class="flavor"&gt;&lt;b&gt;Target: &lt;/b&gt;One creature&lt;/span&gt;
&lt;span class="flavor"&gt;&lt;b&gt;Attack: &lt;/b&gt;Charisma vs. Will&lt;/span&gt;
&lt;span class="flavor"&gt;&lt;b&gt;Hit: &lt;/b&gt;2[W] + Charisma modifier damage, and the target is dazed (save ends).&lt;/span&gt;
&lt;span class="flavor"&gt;&lt;b&gt;Miss: &lt;/b&gt;Half damage.&lt;/span&gt;
&lt;span class="flavor"&gt;&lt;b&gt;Effect: &lt;/b&gt;The target is affected by your suggestion (save ends). Until the suggestion ends, whenever the target makes an attack, one ally adjacent to the target can make a melee basic attack against it as a free action after the target&#x2019;s attack is resolved.&lt;/span&gt;
</power_rules_html><power_published_in>Player's Handbook 3, page(s) 25. </power_published_in><power_dndinsider_id>10277</power_dndinsider_id><formatOutput>1</formatOutput></Power>
