<?xml version="1.0"?>
<Power><power_name>Mend Wounds</power_name><power_class_and_level>Ardent Utility 6</power_class_and_level><power_flavor>You accelerate your friend&#x2019;s natural healing ability so that his or her wounds close with amazing speed.</power_flavor><power_frequency>Daily</power_frequency><power_keywords>Healing, Psionic</power_keywords><power_action_type>Minor Action</power_action_type><power_range_and_aoe>Melee touch</power_range_and_aoe><power_rules>Target: You or one ally
Effect: The target regains hit points as if he or she had spent a healing surge.</power_rules><power_rules_html>&lt;span class="flavor"&gt;&lt;b&gt;Target: &lt;/b&gt;You or one ally&lt;/span&gt;
&lt;span class="flavor"&gt;&lt;b&gt;Effect: &lt;/b&gt;The target regains hit points as if he or she had spent a healing surge.&lt;/span&gt;
</power_rules_html><power_published_in>Player's Handbook 3, page(s) 28. </power_published_in><power_dndinsider_id>10286</power_dndinsider_id><formatOutput>1</formatOutput></Power>
