<?xml version="1.0"?>
<Power><power_name>Fate Exchange</power_name><power_class_and_level>Ardent Attack 5</power_class_and_level><power_flavor>You bend space to let yourself and an ally exchange positions.</power_flavor><power_frequency>Daily</power_frequency><power_keywords>Healing, Psionic, Teleportation</power_keywords><power_action_type>Standard Action</power_action_type><power_range_and_aoe>Close burst 5</power_range_and_aoe><power_rules>Target: You and one ally in the burst
Effect: The targets teleport, swapping positions, and can then each make a basic attack as a free action, with a +2 power bonus to the attack rolls. For each of these attacks that hits, you or one ally you can see can both spend a healing surge and make a saving throw. If both basic attacks miss, you regain the use of this power.</power_rules><power_rules_html>&lt;span class="flavor"&gt;&lt;b&gt;Target: &lt;/b&gt;You and one ally in the burst&lt;/span&gt;
&lt;span class="flavor"&gt;&lt;b&gt;Effect: &lt;/b&gt;The targets teleport, swapping positions, and can then each make a basic attack as a free action, with a +2 power bonus to the attack rolls. For each of these attacks that hits, you or one ally you can see can both spend a healing surge and make a saving throw. If both basic attacks miss, you regain the use of this power.&lt;/span&gt;
</power_rules_html><power_published_in>Player's Handbook 3, page(s) 28. </power_published_in><power_dndinsider_id>10284</power_dndinsider_id><formatOutput>1</formatOutput></Power>
