<?xml version="1.0"?>
<Power><power_name>Prescient Strike</power_name><power_class_and_level>Ardent Attack 3</power_class_and_level><power_flavor>You see the danger and let your weapon serve as warning to your comrade.</power_flavor><power_frequency>At-Will</power_frequency><power_keywords>Augmentable, Psionic, Weapon</power_keywords><power_action_type>Standard Action</power_action_type><power_range_and_aoe>Melee weapon</power_range_and_aoe><power_rules>Target: One creature
Primary Attack: Charisma vs. AC
Hit: 1[W] + Charisma modifier damage. When the target attacks you or an ally adjacent to you during its next turn, you can make the following secondary attack against it as an immediate interrupt.
Secondary Attack: Charisma vs. Will
Hit: The target takes a penalty to its attack roll equal to your Wisdom modifier.
Hit: As above, but you can make the secondary attack only if the target attacks your or the ally&#x2019;s Will. You gain a bonus to the secondary attack roll equal to your Wisdom modifier.
Hit: 2[W] + Charisma modifier damage. When the target attacks you or an ally you can see during its next turn, you can make the following secondary attack against it as an immediate interrupt, with a bonus to the secondary attack roll equal to your Wisdom modifier.</power_rules><power_rules_html>&lt;span class="flavor"&gt;&lt;b&gt;Target: &lt;/b&gt;One creature&lt;/span&gt;
&lt;span class="flavor"&gt;&lt;b&gt;Primary Attack: &lt;/b&gt;Charisma vs. AC&lt;/span&gt;
&lt;span class="flavor"&gt;&lt;b&gt;Hit: &lt;/b&gt;1[W] + Charisma modifier damage. When the target attacks you or an ally adjacent to you during its next turn, you can make the following secondary attack against it as an immediate interrupt.&lt;/span&gt;
&lt;span class="flavor"&gt;&lt;b&gt;Secondary Attack: &lt;/b&gt;Charisma vs. Will&lt;/span&gt;
&lt;span class="flavor"&gt;&lt;b&gt;Hit: &lt;/b&gt;The target takes a penalty to its attack roll equal to your Wisdom modifier.&lt;/span&gt;
&lt;span class="flavor"&gt;&lt;b&gt;Hit: &lt;/b&gt;As above, but you can make the secondary attack only if the target attacks your or the ally&#x2019;s Will. You gain a bonus to the secondary attack roll equal to your Wisdom modifier.&lt;/span&gt;
&lt;span class="flavor"&gt;&lt;b&gt;Hit: &lt;/b&gt;2[W] + Charisma modifier damage. When the target attacks you or an ally you can see during its next turn, you can make the following secondary attack against it as an immediate interrupt, with a bonus to the secondary attack roll equal to your Wisdom modifier.&lt;/span&gt;
</power_rules_html><power_published_in>Player's Handbook 3, page(s) 27. </power_published_in><power_dndinsider_id>10282</power_dndinsider_id><formatOutput>1</formatOutput></Power>
