<?xml version="1.0"?>
<Power><power_name>Dulled Reflexes</power_name><power_class_and_level>Ardent Attack 9</power_class_and_level><power_flavor>Your foe moves slower and slower until it can&#x2019;t move, and its slowness infects its allies.</power_flavor><power_frequency>Daily</power_frequency><power_keywords>Psionic, Weapon</power_keywords><power_action_type>Standard Action</power_action_type><power_range_and_aoe>Melee weapon</power_range_and_aoe><power_rules>Target: One creature
Attack: Charisma vs. AC
Hit: 2[W] + Charisma modifier damage, and the target takes a &#x2013;2 penalty to speed (save ends). Until the penalty ends, it worsens by 2 whenever the target attacks. When the target&#x2019;s speed reaches 0 in this way, the penalty ends, but the target is restrained and stunned (save ends both).
Effect: Until the end of the encounter, any enemy that starts its turn adjacent to the target is slowed (save ends).</power_rules><power_rules_html>&lt;span class="flavor"&gt;&lt;b&gt;Target: &lt;/b&gt;One creature&lt;/span&gt;
&lt;span class="flavor"&gt;&lt;b&gt;Attack: &lt;/b&gt;Charisma vs. AC&lt;/span&gt;
&lt;span class="flavor"&gt;&lt;b&gt;Hit: &lt;/b&gt;2[W] + Charisma modifier damage, and the target takes a &#x2013;2 penalty to speed (save ends). Until the penalty ends, it worsens by 2 whenever the target attacks. When the target&#x2019;s speed reaches 0 in this way, the penalty ends, but the target is restrained and stunned (save ends both).&lt;/span&gt;
&lt;span class="flavor"&gt;&lt;b&gt;Effect: &lt;/b&gt;Until the end of the encounter, any enemy that starts its turn adjacent to the target is slowed (save ends).&lt;/span&gt;
</power_rules_html><power_published_in>Player's Handbook 3, page(s) 29. </power_published_in><power_dndinsider_id>10289</power_dndinsider_id><formatOutput>1</formatOutput></Power>
