<?xml version="1.0"?>
<Power><power_name>Enlightening Pulse</power_name><power_class_and_level>Ardent Attack 5</power_class_and_level><power_flavor>Clarity pulses out from your mind, creating an area that helps your allies free themselves from unfavorable circumstances.</power_flavor><power_frequency>Daily</power_frequency><power_keywords>Psionic, Weapon, Zone</power_keywords><power_action_type>Standard Action</power_action_type><power_range_and_aoe>Melee weapon</power_range_and_aoe><power_rules>Target: One creature
Attack: Charisma vs. AC
Hit: 3[W] + Charisma modifier damage.
Effect: The attack creates a zone in a close burst 2. The zone lasts until the end of your next turn. When an ally damages an enemy that is within the zone, one ally within the zone can make a saving throw with a power bonus equal to your Wisdom modifier.
Sustain Minor: The zone persists.</power_rules><power_rules_html>&lt;span class="flavor"&gt;&lt;b&gt;Target: &lt;/b&gt;One creature&lt;/span&gt;
&lt;span class="flavor"&gt;&lt;b&gt;Attack: &lt;/b&gt;Charisma vs. AC&lt;/span&gt;
&lt;span class="flavor"&gt;&lt;b&gt;Hit: &lt;/b&gt;3[W] + Charisma modifier damage.&lt;/span&gt;
&lt;span class="flavor"&gt;&lt;b&gt;Effect: &lt;/b&gt;The attack creates a zone in a close burst 2. The zone lasts until the end of your next turn. When an ally damages an enemy that is within the zone, one ally within the zone can make a saving throw with a power bonus equal to your Wisdom modifier.&lt;/span&gt;
&lt;span class="flavor"&gt;&lt;b&gt;Sustain Minor: &lt;/b&gt;The zone persists.&lt;/span&gt;
</power_rules_html><power_published_in>Player's Handbook 3, page(s) 27. </power_published_in><power_dndinsider_id>10283</power_dndinsider_id><formatOutput>1</formatOutput></Power>
