<?xml version="1.0"?>
<Power><power_name>Evade Attack</power_name><power_class_and_level>Ardent Utility 6</power_class_and_level><power_flavor>When your friend steps into harm&#x2019;s way, you whisk him or her to safety.</power_flavor><power_frequency>Encounter</power_frequency><power_keywords>Psionic, Teleportation</power_keywords><power_action_type>Immediate Interrupt</power_action_type><power_range_and_aoe>Ranged 20</power_range_and_aoe><power_rules>Trigger: An ally is hit by an opportunity attack
Target: The triggering ally
Effect: You teleport the target a number of squares equal to your Charisma modifier.</power_rules><power_rules_html>&lt;span class="flavor"&gt;&lt;b&gt;Trigger: &lt;/b&gt;An ally is hit by an opportunity attack&lt;/span&gt;
&lt;span class="flavor"&gt;&lt;b&gt;Target: &lt;/b&gt;The triggering ally&lt;/span&gt;
&lt;span class="flavor"&gt;&lt;b&gt;Effect: &lt;/b&gt;You teleport the target a number of squares equal to your Charisma modifier.&lt;/span&gt;
</power_rules_html><power_published_in>Player's Handbook 3, page(s) 28. </power_published_in><power_dndinsider_id>10285</power_dndinsider_id><formatOutput>1</formatOutput></Power>
