<?xml version="1.0"?>
<Power><power_name>Courageous Strike</power_name><power_class_and_level>Ardent Attack 7</power_class_and_level><power_flavor>You strike at your foe and fill your friend with courage, bolstering both of you against the foe&#x2019;s attacks.</power_flavor><power_frequency>At-Will</power_frequency><power_keywords>Augmentable, Psionic, Weapon</power_keywords><power_action_type>Standard Action</power_action_type><power_range_and_aoe>Melee weapon</power_range_and_aoe><power_rules>Target: One creature
Attack: Charisma vs. AC
Hit: 1[W] + Charisma modifier damage, and you and one ally adjacent to you gain a +2 power bonus to AC against the target&#x2019;s attacks until the end of your next turn.
Hit: As above, but the power bonus applies to all defenses, not just AC.
Keyword: This power gains the Zone keyword.
Range: Close burst 1
Target: Each enemy in the burst
Hit: 1[W] + Charisma modifier damage, and one ally adjacent to the target can make a melee basic attack against it as an opportunity action.
Effect: The burst creates a zone that lasts until the end of your next turn. You and your allies gain a power bonus to AC equal to your Wisdom modifier while within the zone.</power_rules><power_rules_html>&lt;span class="flavor"&gt;&lt;b&gt;Target: &lt;/b&gt;One creature&lt;/span&gt;
&lt;span class="flavor"&gt;&lt;b&gt;Attack: &lt;/b&gt;Charisma vs. AC&lt;/span&gt;
&lt;span class="flavor"&gt;&lt;b&gt;Hit: &lt;/b&gt;1[W] + Charisma modifier damage, and you and one ally adjacent to you gain a +2 power bonus to AC against the target&#x2019;s attacks until the end of your next turn.&lt;/span&gt;
&lt;span class="flavor"&gt;&lt;b&gt;Hit: &lt;/b&gt;As above, but the power bonus applies to all defenses, not just AC.&lt;/span&gt;
&lt;span class="flavor"&gt;&lt;b&gt;Keyword: &lt;/b&gt;This power gains the Zone keyword.&lt;/span&gt;
&lt;span class="flavor"&gt;&lt;b&gt;Range: &lt;/b&gt;Close burst 1&lt;/span&gt;
&lt;span class="flavor"&gt;&lt;b&gt;Target: &lt;/b&gt;Each enemy in the burst&lt;/span&gt;
&lt;span class="flavor"&gt;&lt;b&gt;Hit: &lt;/b&gt;1[W] + Charisma modifier damage, and one ally adjacent to the target can make a melee basic attack against it as an opportunity action.&lt;/span&gt;
&lt;span class="flavor"&gt;&lt;b&gt;Effect: &lt;/b&gt;The burst creates a zone that lasts until the end of your next turn. You and your allies gain a power bonus to AC equal to your Wisdom modifier while within the zone.&lt;/span&gt;
</power_rules_html><power_published_in>Player's Handbook 3, page(s) 28. </power_published_in><power_dndinsider_id>10287</power_dndinsider_id><formatOutput>1</formatOutput></Power>
