<?xml version="1.0"?>
<Power><power_name>Distracting Strike</power_name><power_class_and_level>Ardent Attack 3</power_class_and_level><power_flavor>With a savage strike, you wrench your enemy&#x2019;s attention from an ally.</power_flavor><power_frequency>At-Will</power_frequency><power_keywords>Augmentable, Psionic, Weapon</power_keywords><power_action_type>Standard Action</power_action_type><power_range_and_aoe>Melee weapon</power_range_and_aoe><power_rules>Target: One creature
Attack: Charisma vs. AC
Hit: 1[W] + Charisma modifier damage, and either you or an ally adjacent to the target marks it until the end of your next turn.
Effect: The marked condition ends on allies adjacent to you, who can each shift 1 square as a free action.
Range: Close burst 1
Target: Each enemy in the burst</power_rules><power_rules_html>&lt;span class="flavor"&gt;&lt;b&gt;Target: &lt;/b&gt;One creature&lt;/span&gt;
&lt;span class="flavor"&gt;&lt;b&gt;Attack: &lt;/b&gt;Charisma vs. AC&lt;/span&gt;
&lt;span class="flavor"&gt;&lt;b&gt;Hit: &lt;/b&gt;1[W] + Charisma modifier damage, and either you or an ally adjacent to the target marks it until the end of your next turn.&lt;/span&gt;
&lt;span class="flavor"&gt;&lt;b&gt;Effect: &lt;/b&gt;The marked condition ends on allies adjacent to you, who can each shift 1 square as a free action.&lt;/span&gt;
&lt;span class="flavor"&gt;&lt;b&gt;Range: &lt;/b&gt;Close burst 1&lt;/span&gt;
&lt;span class="flavor"&gt;&lt;b&gt;Target: &lt;/b&gt;Each enemy in the burst&lt;/span&gt;
</power_rules_html><power_published_in>Player's Handbook 3, page(s) 26. </power_published_in><power_dndinsider_id>10281</power_dndinsider_id><formatOutput>1</formatOutput></Power>
