<?xml version="1.0"?>
<Power><power_name>Mind over Matter</power_name><power_class_and_level>Ardent Utility 2</power_class_and_level><power_flavor>You convince an ally that the wounds he or she suffers are not as bad as they seem.</power_flavor><power_frequency>Daily</power_frequency><power_keywords>Psionic</power_keywords><power_action_type>Minor Action</power_action_type><power_range_and_aoe>Ranged 5</power_range_and_aoe><power_rules>Target: You or one ally
Effect: The target gains temporary hit points equal to his or her healing surge value.</power_rules><power_rules_html>&lt;span class="flavor"&gt;&lt;b&gt;Target: &lt;/b&gt;You or one ally&lt;/span&gt;
&lt;span class="flavor"&gt;&lt;b&gt;Effect: &lt;/b&gt;The target gains temporary hit points equal to his or her healing surge value.&lt;/span&gt;
</power_rules_html><power_published_in>Player's Handbook 3, page(s) 26. </power_published_in><power_dndinsider_id>10280</power_dndinsider_id><formatOutput>1</formatOutput></Power>
