<?xml version="1.0"?>
<Power><power_name>Mindlink Strike</power_name><power_class_and_level>Ardent Attack 7</power_class_and_level><power_flavor>Linking minds with an ally, you coordinate your efforts to confound your foe.</power_flavor><power_frequency>At-Will</power_frequency><power_keywords>Augmentable, Psionic, Weapon</power_keywords><power_action_type>Standard Action</power_action_type><power_range_and_aoe>Melee 1</power_range_and_aoe><power_rules>Target: One creature
Effect: One ally adjacent to you can make a melee basic attack against the target as an opportunity action. On a hit, you and the ally can each shift as a free action.
Effect: As above, and the ally gains a +3 power bonus to the damage roll if he or she is marking the target.
Range: Close burst 1
Target: Each enemy you can see in the burst
Attack: Charisma vs. AC
Hit: 1[W] + Charisma modifier damage, and one ally adjacent to the target can make a melee basic attack against it as an opportunity action.</power_rules><power_rules_html>&lt;span class="flavor"&gt;&lt;b&gt;Target: &lt;/b&gt;One creature&lt;/span&gt;
&lt;span class="flavor"&gt;&lt;b&gt;Effect: &lt;/b&gt;One ally adjacent to you can make a melee basic attack against the target as an opportunity action. On a hit, you and the ally can each shift as a free action.&lt;/span&gt;
&lt;span class="flavor"&gt;&lt;b&gt;Effect: &lt;/b&gt;As above, and the ally gains a +3 power bonus to the damage roll if he or she is marking the target.&lt;/span&gt;
&lt;span class="flavor"&gt;&lt;b&gt;Range: &lt;/b&gt;Close burst 1&lt;/span&gt;
&lt;span class="flavor"&gt;&lt;b&gt;Target: &lt;/b&gt;Each enemy you can see in the burst&lt;/span&gt;
&lt;span class="flavor"&gt;&lt;b&gt;Attack: &lt;/b&gt;Charisma vs. AC&lt;/span&gt;
&lt;span class="flavor"&gt;&lt;b&gt;Hit: &lt;/b&gt;1[W] + Charisma modifier damage, and one ally adjacent to the target can make a melee basic attack against it as an opportunity action.&lt;/span&gt;
</power_rules_html><power_published_in>Player's Handbook 3, page(s) 29. </power_published_in><power_dndinsider_id>10288</power_dndinsider_id><formatOutput>1</formatOutput></Power>
