<?xml version="1.0"?>
<Power><power_name>From the Brink</power_name><power_class_and_level>Ardent Utility 10</power_class_and_level><power_flavor>Your friend hovers near death. You touch his or her mind, and your friend awakens with a start.</power_flavor><power_frequency>Daily</power_frequency><power_keywords>Healing, Psionic</power_keywords><power_action_type>Minor Action</power_action_type><power_range_and_aoe>Close burst 10</power_range_and_aoe><power_rules>Target: One ally
Effect: The target regains hit points as if he or she had spent a healing surge. If the target is dying, he or she regains additional hit points equal to 2d10 + your Charisma modifier. In addition, the target can stand up as a free action.</power_rules><power_rules_html>&lt;span class="flavor"&gt;&lt;b&gt;Target: &lt;/b&gt;One ally&lt;/span&gt;
&lt;span class="flavor"&gt;&lt;b&gt;Effect: &lt;/b&gt;The target regains hit points as if he or she had spent a healing surge. If the target is dying, he or she regains additional hit points equal to 2d10 + your Charisma modifier. In addition, the target can stand up as a free action.&lt;/span&gt;
</power_rules_html><power_published_in>Player's Handbook 3, page(s) 30. </power_published_in><power_dndinsider_id>10291</power_dndinsider_id><formatOutput>1</formatOutput></Power>
