<?xml version="1.0"?>
<Power><power_name>Diamond Defense Assault</power_name><power_class_and_level>Ardent Attack 17</power_class_and_level><power_flavor>The crystalline motes released by your attack shelter your allies and interfere with your enemies&#x2019; strikes.</power_flavor><power_frequency>At-Will</power_frequency><power_keywords>Augmentable, Psionic, Psychic, Weapon</power_keywords><power_action_type>Standard Action</power_action_type><power_range_and_aoe>Melee weapon</power_range_and_aoe><power_rules>Target: One creature
Attack: Charisma vs. AC
Hit: 1[W] + Charisma modifier psychic damage. One ally adjacent to the target marks it until the end of your next turn.
Hit: 1[W] + Charisma modifier psychic damage. If the target shifts during its next turn, one ally can make a melee basic attack against it as a free action.
Keyword: This power gains the Zone keyword.
Range: Close burst 2
Target: Each enemy in the burst
Hit: 1[W] + Charisma modifier damage, and you slide the target 1 square.
Effect: The burst creates a zone that lasts until the end of your next turn. While within the zone, allies gain a +4 bonus to all defenses against attacks from outside the zone, and enemies take a &#x2013;2 penalty to attack rolls.</power_rules><power_rules_html>&lt;span class="flavor"&gt;&lt;b&gt;Target: &lt;/b&gt;One creature&lt;/span&gt;
&lt;span class="flavor"&gt;&lt;b&gt;Attack: &lt;/b&gt;Charisma vs. AC&lt;/span&gt;
&lt;span class="flavor"&gt;&lt;b&gt;Hit: &lt;/b&gt;1[W] + Charisma modifier psychic damage. One ally adjacent to the target marks it until the end of your next turn.&lt;/span&gt;
&lt;span class="flavor"&gt;&lt;b&gt;Hit: &lt;/b&gt;1[W] + Charisma modifier psychic damage. If the target shifts during its next turn, one ally can make a melee basic attack against it as a free action.&lt;/span&gt;
&lt;span class="flavor"&gt;&lt;b&gt;Keyword: &lt;/b&gt;This power gains the Zone keyword.&lt;/span&gt;
&lt;span class="flavor"&gt;&lt;b&gt;Range: &lt;/b&gt;Close burst 2&lt;/span&gt;
&lt;span class="flavor"&gt;&lt;b&gt;Target: &lt;/b&gt;Each enemy in the burst&lt;/span&gt;
&lt;span class="flavor"&gt;&lt;b&gt;Hit: &lt;/b&gt;1[W] + Charisma modifier damage, and you slide the target 1 square.&lt;/span&gt;
&lt;span class="flavor"&gt;&lt;b&gt;Effect: &lt;/b&gt;The burst creates a zone that lasts until the end of your next turn. While within the zone, allies gain a +4 bonus to all defenses against attacks from outside the zone, and enemies take a &#x2013;2 penalty to attack rolls.&lt;/span&gt;
</power_rules_html><power_published_in>Player's Handbook 3, page(s) 33. </power_published_in><power_dndinsider_id>10299</power_dndinsider_id><formatOutput>1</formatOutput></Power>
