<?xml version="1.0"?>
<Power><power_name>Incite Bravery</power_name><power_class_and_level>Ardent Utility 10</power_class_and_level><power_flavor>Your allies find new courage with your support.</power_flavor><power_frequency>Encounter</power_frequency><power_keywords>Psionic</power_keywords><power_action_type>Minor Action</power_action_type><power_range_and_aoe>Close burst 1</power_range_and_aoe><power_rules>Target: You and each ally in the burst
Effect: Until the end of your next turn, each target gains a +2 power bonus to attack rolls and a +2 power bonus to saving throws against fear effects.</power_rules><power_rules_html>&lt;span class="flavor"&gt;&lt;b&gt;Target: &lt;/b&gt;You and each ally in the burst&lt;/span&gt;
&lt;span class="flavor"&gt;&lt;b&gt;Effect: &lt;/b&gt;Until the end of your next turn, each target gains a +2 power bonus to attack rolls and a +2 power bonus to saving throws against fear effects.&lt;/span&gt;
</power_rules_html><power_published_in>Player's Handbook 3, page(s) 30. </power_published_in><power_dndinsider_id>10292</power_dndinsider_id><formatOutput>1</formatOutput></Power>
