<?xml version="1.0"?>
<Power><power_name>Re-Form Mind</power_name><power_class_and_level>Ardent Utility 16</power_class_and_level><power_flavor>You connect the target&#x2019;s thoughts to awaken new talents.</power_flavor><power_frequency>Daily</power_frequency><power_keywords>Psionic</power_keywords><power_action_type>Standard Action</power_action_type><power_range_and_aoe>Melee touch</power_range_and_aoe><power_rules>Requirement: You must be taking a short rest.
Target: One creature
Effect: The target gains training in a skill of your choice until you take an extended rest.</power_rules><power_rules_html>&lt;span class="flavor"&gt;&lt;b&gt;Requirement: &lt;/b&gt;You must be taking a short rest.&lt;/span&gt;
&lt;span class="flavor"&gt;&lt;b&gt;Target: &lt;/b&gt;One creature&lt;/span&gt;
&lt;span class="flavor"&gt;&lt;b&gt;Effect: &lt;/b&gt;The target gains training in a skill of your choice until you take an extended rest.&lt;/span&gt;
</power_rules_html><power_published_in>Player's Handbook 3, page(s) 32. </power_published_in><power_dndinsider_id>10298</power_dndinsider_id><formatOutput>1</formatOutput></Power>
