<?xml version="1.0"?>
<Power><power_name>Imminent Demise</power_name><power_class_and_level>Ardent Attack 15</power_class_and_level><power_flavor>Your enemies face certain doom, and you force them to see it and despair.</power_flavor><power_frequency>Daily</power_frequency><power_keywords>Psionic, Psychic, Weapon, Zone</power_keywords><power_action_type>Standard Action</power_action_type><power_range_and_aoe>Melee weapon</power_range_and_aoe><power_rules>Target: One creature
Attack: Charisma vs. AC
Hit: 2[W] + Charisma modifier psychic damage.
Miss: Half damage.
Effect: The attack creates a zone in a close burst 1. The zone lasts until the end of your next turn. Bloodied enemies that start their turn within the zone take 10 psychic damage.
Sustain Minor: The zone persists.</power_rules><power_rules_html>&lt;span class="flavor"&gt;&lt;b&gt;Target: &lt;/b&gt;One creature&lt;/span&gt;
&lt;span class="flavor"&gt;&lt;b&gt;Attack: &lt;/b&gt;Charisma vs. AC&lt;/span&gt;
&lt;span class="flavor"&gt;&lt;b&gt;Hit: &lt;/b&gt;2[W] + Charisma modifier psychic damage.&lt;/span&gt;
&lt;span class="flavor"&gt;&lt;b&gt;Miss: &lt;/b&gt;Half damage.&lt;/span&gt;
&lt;span class="flavor"&gt;&lt;b&gt;Effect: &lt;/b&gt;The attack creates a zone in a close burst 1. The zone lasts until the end of your next turn. Bloodied enemies that start their turn within the zone take 10 psychic damage.&lt;/span&gt;
&lt;span class="flavor"&gt;&lt;b&gt;Sustain Minor: &lt;/b&gt;The zone persists.&lt;/span&gt;
</power_rules_html><power_published_in>Player's Handbook 3, page(s) 31. </power_published_in><power_dndinsider_id>10295</power_dndinsider_id><formatOutput>1</formatOutput></Power>
