<?xml version="1.0"?>
<Power><power_name>Revelatory Strike</power_name><power_class_and_level>Ardent Attack 13</power_class_and_level><power_flavor>As you strike, you open your ally&#x2019;s mind, allowing him or her to see ways to overcome various ills.</power_flavor><power_frequency>At-Will</power_frequency><power_keywords>Augmentable, Psionic, Weapon</power_keywords><power_action_type>Standard Action</power_action_type><power_range_and_aoe>Melee weapon</power_range_and_aoe><power_rules>Target: One creature
Attack: Charisma vs. AC
Hit: 1[W] + Charisma modifier damage. One ally adjacent to you or the target can either make a saving throw or gain a +1 power bonus to all defenses until the end of your next turn.
Hit: 1[W] + Charisma modifier damage. One ally adjacent to you or the target can either make a saving throw with a +5 power bonus against a charm or illusion effect or gain a power bonus to Will equal to your Wisdom modifier until the end of your next turn.
Keyword: This power gains the Zone keyword.
Hit: 2[W] + Charisma modifier damage. The attack creates a zone in a close burst 2. The zone lasts until the end of your next turn. Any ally who starts his or her turn within the zone can either make a saving throw with a +2 power bonus or gain a power bonus to all defenses equal to your Wisdom modifier until the end of his or her next turn.</power_rules><power_rules_html>&lt;span class="flavor"&gt;&lt;b&gt;Target: &lt;/b&gt;One creature&lt;/span&gt;
&lt;span class="flavor"&gt;&lt;b&gt;Attack: &lt;/b&gt;Charisma vs. AC&lt;/span&gt;
&lt;span class="flavor"&gt;&lt;b&gt;Hit: &lt;/b&gt;1[W] + Charisma modifier damage. One ally adjacent to you or the target can either make a saving throw or gain a +1 power bonus to all defenses until the end of your next turn.&lt;/span&gt;
&lt;span class="flavor"&gt;&lt;b&gt;Hit: &lt;/b&gt;1[W] + Charisma modifier damage. One ally adjacent to you or the target can either make a saving throw with a +5 power bonus against a charm or illusion effect or gain a power bonus to Will equal to your Wisdom modifier until the end of your next turn.&lt;/span&gt;
&lt;span class="flavor"&gt;&lt;b&gt;Keyword: &lt;/b&gt;This power gains the Zone keyword.&lt;/span&gt;
&lt;span class="flavor"&gt;&lt;b&gt;Hit: &lt;/b&gt;2[W] + Charisma modifier damage. The attack creates a zone in a close burst 2. The zone lasts until the end of your next turn. Any ally who starts his or her turn within the zone can either make a saving throw with a +2 power bonus or gain a power bonus to all defenses equal to your Wisdom modifier until the end of his or her next turn.&lt;/span&gt;
</power_rules_html><power_published_in>Player's Handbook 3, page(s) 31. </power_published_in><power_dndinsider_id>10294</power_dndinsider_id><formatOutput>1</formatOutput></Power>
