<?xml version="1.0"?>
<Power><power_name>Bountiful Life</power_name><power_class_and_level>Ardent Utility 16</power_class_and_level><power_flavor>As your fortunes improve, so too do those of your allies.</power_flavor><power_frequency>Daily</power_frequency><power_keywords>Psionic, Zone</power_keywords><power_action_type>Standard Action</power_action_type><power_range_and_aoe>Close burst 10</power_range_and_aoe><power_rules>Effect: The burst creates a zone that lasts until the end of your next turn. Whenever you regain hit points, each ally within the zone gains temporary hit points equal to half the hit points you regained.
Sustain Minor: The zone persists.</power_rules><power_rules_html>&lt;span class="flavor"&gt;&lt;b&gt;Effect: &lt;/b&gt;The burst creates a zone that lasts until the end of your next turn. Whenever you regain hit points, each ally within the zone gains temporary hit points equal to half the hit points you regained.&lt;/span&gt;
&lt;span class="flavor"&gt;&lt;b&gt;Sustain Minor: &lt;/b&gt;The zone persists.&lt;/span&gt;
</power_rules_html><power_published_in>Player's Handbook 3, page(s) 32. </power_published_in><power_dndinsider_id>10297</power_dndinsider_id><formatOutput>1</formatOutput></Power>
