<?xml version="1.0"?>
<Power><power_name>Feast of Plenty</power_name><power_class_and_level>Ardent Attack 9</power_class_and_level><power_flavor>You wrap your foe in a psionic net that leaches power from it for your allies.</power_flavor><power_frequency>Daily</power_frequency><power_keywords>Psionic, Weapon</power_keywords><power_action_type>Standard Action</power_action_type><power_range_and_aoe>Melee weapon</power_range_and_aoe><power_rules>Target: One creature
Attack: Charisma vs. AC
Hit: 3[W] + Charisma modifier damage.
Effect: Until the end of the encounter, whenever the target takes damage, you and each ally adjacent to you gain temporary hit points equal to 3 + your Wisdom modifier.</power_rules><power_rules_html>&lt;span class="flavor"&gt;&lt;b&gt;Target: &lt;/b&gt;One creature&lt;/span&gt;
&lt;span class="flavor"&gt;&lt;b&gt;Attack: &lt;/b&gt;Charisma vs. AC&lt;/span&gt;
&lt;span class="flavor"&gt;&lt;b&gt;Hit: &lt;/b&gt;3[W] + Charisma modifier damage.&lt;/span&gt;
&lt;span class="flavor"&gt;&lt;b&gt;Effect: &lt;/b&gt;Until the end of the encounter, whenever the target takes damage, you and each ally adjacent to you gain temporary hit points equal to 3 + your Wisdom modifier.&lt;/span&gt;
</power_rules_html><power_published_in>Player's Handbook 3, page(s) 29. </power_published_in><power_dndinsider_id>10290</power_dndinsider_id><formatOutput>1</formatOutput></Power>
