<?xml version="1.0"?>
<Power><power_name>Hope's Audacity</power_name><power_class_and_level>Ardent Attack 13</power_class_and_level><power_flavor>Your optimism and confidence are an inspiration to those around you.</power_flavor><power_frequency>At-Will</power_frequency><power_keywords>Augmentable, Psionic, Weapon</power_keywords><power_action_type>Standard Action</power_action_type><power_range_and_aoe>Melee weapon</power_range_and_aoe><power_rules>Target: One creature
Attack: Charisma vs. AC
Hit: 1[W] + Charisma modifier damage. Until the start of your next turn, allies within 5 squares of you can score a critical hit against the target on a roll of 19&#x2013;20.
Hit: As above, and whenever an ally scores a critical hit against the target before the start of your next turn, you and each ally within 5 squares of you can shift 1 square as a free action.
Hit: 2[W] + Charisma modifier damage. Until the start of your next turn, allies within 5 squares of you can score a critical hit on a roll of 19&#x2013;20.</power_rules><power_rules_html>&lt;span class="flavor"&gt;&lt;b&gt;Target: &lt;/b&gt;One creature&lt;/span&gt;
&lt;span class="flavor"&gt;&lt;b&gt;Attack: &lt;/b&gt;Charisma vs. AC&lt;/span&gt;
&lt;span class="flavor"&gt;&lt;b&gt;Hit: &lt;/b&gt;1[W] + Charisma modifier damage. Until the start of your next turn, allies within 5 squares of you can score a critical hit against the target on a roll of 19&#x2013;20.&lt;/span&gt;
&lt;span class="flavor"&gt;&lt;b&gt;Hit: &lt;/b&gt;As above, and whenever an ally scores a critical hit against the target before the start of your next turn, you and each ally within 5 squares of you can shift 1 square as a free action.&lt;/span&gt;
&lt;span class="flavor"&gt;&lt;b&gt;Hit: &lt;/b&gt;2[W] + Charisma modifier damage. Until the start of your next turn, allies within 5 squares of you can score a critical hit on a roll of 19&#x2013;20.&lt;/span&gt;
</power_rules_html><power_published_in>Player's Handbook 3, page(s) 30. </power_published_in><power_dndinsider_id>10293</power_dndinsider_id><formatOutput>1</formatOutput></Power>
