<?xml version="1.0"?>
<Power><power_name>Vigorous Offensive</power_name><power_class_and_level>Ardent Attack 15</power_class_and_level><power_flavor>As battle&#x2019;s thrill overtakes you and you swing your weapon all around, your allies share in the same emotions.</power_flavor><power_frequency>Daily</power_frequency><power_keywords>Psionic, Weapon</power_keywords><power_action_type>Standard Action</power_action_type><power_range_and_aoe>Melee weapon</power_range_and_aoe><power_rules>Target: One, two, three, or four creatures
Attack: Charisma vs. AC
Hit: 1[W] + Charisma modifier damage.
Effect: For each attack you make with this power, an ally within 5 squares of you gains temporary hit points equal to 3 + your Charisma modifier.</power_rules><power_rules_html>&lt;span class="flavor"&gt;&lt;b&gt;Target: &lt;/b&gt;One, two, three, or four creatures&lt;/span&gt;
&lt;span class="flavor"&gt;&lt;b&gt;Attack: &lt;/b&gt;Charisma vs. AC&lt;/span&gt;
&lt;span class="flavor"&gt;&lt;b&gt;Hit: &lt;/b&gt;1[W] + Charisma modifier damage.&lt;/span&gt;
&lt;span class="flavor"&gt;&lt;b&gt;Effect: &lt;/b&gt;For each attack you make with this power, an ally within 5 squares of you gains temporary hit points equal to 3 + your Charisma modifier.&lt;/span&gt;
</power_rules_html><power_published_in>Player's Handbook 3, page(s) 31. </power_published_in><power_dndinsider_id>10296</power_dndinsider_id><formatOutput>1</formatOutput></Power>
