<?xml version="1.0"?>
<Power><power_name>Temporal Strike</power_name><power_class_and_level>Ardent Attack 17</power_class_and_level><power_flavor>Time bends around your foe to protect your allies.</power_flavor><power_frequency>At-Will</power_frequency><power_keywords>Augmentable, Psionic, Weapon, Zone</power_keywords><power_action_type>Standard Action</power_action_type><power_range_and_aoe>Melee weapon</power_range_and_aoe><power_rules>Target: One creature
Attack: Charisma vs. AC
Hit: 1[W] + Charisma modifier damage. The attack creates a zone in a close burst 2. The zone lasts until the end of your next turn. While within the zone, you and your allies are insubstantial against opportunity attacks.
Hit: As above, but you and your allies are instead insubstantial against attacks that target Reflex.
Hit: 2[W] + Charisma modifier damage, and the target is slowed until the end of your next turn. The attack creates a zone in a close burst 2. The zone lasts until the end of your next turn. While within the zone, you and your allies are insubstantial.</power_rules><power_rules_html>&lt;span class="flavor"&gt;&lt;b&gt;Target: &lt;/b&gt;One creature&lt;/span&gt;
&lt;span class="flavor"&gt;&lt;b&gt;Attack: &lt;/b&gt;Charisma vs. AC&lt;/span&gt;
&lt;span class="flavor"&gt;&lt;b&gt;Hit: &lt;/b&gt;1[W] + Charisma modifier damage. The attack creates a zone in a close burst 2. The zone lasts until the end of your next turn. While within the zone, you and your allies are insubstantial against opportunity attacks.&lt;/span&gt;
&lt;span class="flavor"&gt;&lt;b&gt;Hit: &lt;/b&gt;As above, but you and your allies are instead insubstantial against attacks that target Reflex.&lt;/span&gt;
&lt;span class="flavor"&gt;&lt;b&gt;Hit: &lt;/b&gt;2[W] + Charisma modifier damage, and the target is slowed until the end of your next turn. The attack creates a zone in a close burst 2. The zone lasts until the end of your next turn. While within the zone, you and your allies are insubstantial.&lt;/span&gt;
</power_rules_html><power_published_in>Player's Handbook 3, page(s) 33. </power_published_in><power_dndinsider_id>10300</power_dndinsider_id><formatOutput>1</formatOutput></Power>
