<?xml version="1.0"?>
<Power><power_name>Corona of Battle</power_name><power_class_and_level>Ardent Attack 25</power_class_and_level><power_flavor>Your emotions emanate from you to instill new courage and prowess in your allies.</power_flavor><power_frequency>Daily</power_frequency><power_keywords>Healing, Psionic, Zone</power_keywords><power_action_type>Standard Action</power_action_type><power_range_and_aoe>Close burst 5</power_range_and_aoe><power_rules>Effect: The burst creates a zone that lasts until the end of your next turn. When you move, the zone moves with you, remaining centered on you. While within the zone, allies gain regeneration 5 and a +2 power bonus to attack rolls, and their attacks deal 1d10 extra damage.
Sustain Minor: The zone persists.</power_rules><power_rules_html>&lt;span class="flavor"&gt;&lt;b&gt;Effect: &lt;/b&gt;The burst creates a zone that lasts until the end of your next turn. When you move, the zone moves with you, remaining centered on you. While within the zone, allies gain regeneration 5 and a +2 power bonus to attack rolls, and their attacks deal 1d10 extra damage.&lt;/span&gt;
&lt;span class="flavor"&gt;&lt;b&gt;Sustain Minor: &lt;/b&gt;The zone persists.&lt;/span&gt;
</power_rules_html><power_published_in>Player's Handbook 3, page(s) 36. </power_published_in><power_dndinsider_id>10307</power_dndinsider_id><formatOutput>1</formatOutput></Power>
