<?xml version="1.0"?>
<Power><power_name>Image of Doom</power_name><power_class_and_level>Ardent Attack 29</power_class_and_level><power_flavor>In the mind of your enemy, you become the image of its doom, and it quails before your attacks.</power_flavor><power_frequency>Daily</power_frequency><power_keywords>Fear, Psionic, Weapon</power_keywords><power_action_type>Standard Action</power_action_type><power_range_and_aoe>Melee weapon</power_range_and_aoe><power_rules>Target: One creature
Attack: Charisma vs. AC
Hit: 5[W] + Charisma modifier damage.
Miss: Half damage.
Effect: Until the end of the encounter, the target takes a &#x2013;2 penalty to attack rolls and all defenses while it can see you, and you can slide it 1 square as a free action when it takes damage from any attack.</power_rules><power_rules_html>&lt;span class="flavor"&gt;&lt;b&gt;Target: &lt;/b&gt;One creature&lt;/span&gt;
&lt;span class="flavor"&gt;&lt;b&gt;Attack: &lt;/b&gt;Charisma vs. AC&lt;/span&gt;
&lt;span class="flavor"&gt;&lt;b&gt;Hit: &lt;/b&gt;5[W] + Charisma modifier damage.&lt;/span&gt;
&lt;span class="flavor"&gt;&lt;b&gt;Miss: &lt;/b&gt;Half damage.&lt;/span&gt;
&lt;span class="flavor"&gt;&lt;b&gt;Effect: &lt;/b&gt;Until the end of the encounter, the target takes a &#x2013;2 penalty to attack rolls and all defenses while it can see you, and you can slide it 1 square as a free action when it takes damage from any attack.&lt;/span&gt;
</power_rules_html><power_published_in>Player's Handbook 3, page(s) 37. </power_published_in><power_dndinsider_id>10309</power_dndinsider_id><formatOutput>1</formatOutput></Power>
