<?xml version="1.0"?>
<Power><power_name>Deflecting Disk</power_name><power_class_and_level>Ardent Attack 19</power_class_and_level><power_flavor>Your attack manifests a shimmering field, which you can move to protect your allies.</power_flavor><power_frequency>Daily</power_frequency><power_keywords>Conjuration, Psionic, Weapon</power_keywords><power_action_type>Standard Action</power_action_type><power_range_and_aoe>Melee weapon</power_range_and_aoe><power_rules>Target: One creature
Attack: Charisma vs. AC
Hit: 4[W] + Charisma modifier damage, and you push the target 2 squares.
Miss: Half damage.
Effect: You conjure a shimmering disk of force in a square within 5 squares of you. Allies in the disk&#x2019;s square or adjacent to it gain a +2 power bonus to all defenses. You can move the disk 3 squares as part of a move action. When an attack hits an ally adjacent to the disk, you can use an immediate interrupt to grant the ally a +2 bonus to all defenses against that attack. The disk lasts until the end of the encounter or until you use the immediate interrupt.</power_rules><power_rules_html>&lt;span class="flavor"&gt;&lt;b&gt;Target: &lt;/b&gt;One creature&lt;/span&gt;
&lt;span class="flavor"&gt;&lt;b&gt;Attack: &lt;/b&gt;Charisma vs. AC&lt;/span&gt;
&lt;span class="flavor"&gt;&lt;b&gt;Hit: &lt;/b&gt;4[W] + Charisma modifier damage, and you push the target 2 squares.&lt;/span&gt;
&lt;span class="flavor"&gt;&lt;b&gt;Miss: &lt;/b&gt;Half damage.&lt;/span&gt;
&lt;span class="flavor"&gt;&lt;b&gt;Effect: &lt;/b&gt;You conjure a shimmering disk of force in a square within 5 squares of you. Allies in the disk&#x2019;s square or adjacent to it gain a +2 power bonus to all defenses. You can move the disk 3 squares as part of a move action. When an attack hits an ally adjacent to the disk, you can use an immediate interrupt to grant the ally a +2 bonus to all defenses against that attack. The disk lasts until the end of the encounter or until you use the immediate interrupt.&lt;/span&gt;
</power_rules_html><power_published_in>Player's Handbook 3, page(s) 34. </power_published_in><power_dndinsider_id>10301</power_dndinsider_id><formatOutput>1</formatOutput></Power>
