<?xml version="1.0"?>
<Power><power_name>Shared Vigor</power_name><power_class_and_level>Ardent Attack 19</power_class_and_level><power_flavor>You create an expanse of glittering energy to reinvigorate your allies.</power_flavor><power_frequency>Daily</power_frequency><power_keywords>Healing, Psionic, Weapon, Zone</power_keywords><power_action_type>Standard Action</power_action_type><power_range_and_aoe>Melee weapon</power_range_and_aoe><power_rules>Target: One creature
Attack: Charisma vs. AC
Hit: 3[W] + Charisma modifier damage.
Effect: The attack creates a zone in a close burst 2. The zone lasts until the end of the encounter. When any ally within the zone spends a healing surge, all other allies within the zone regain 1d10 hit points.</power_rules><power_rules_html>&lt;span class="flavor"&gt;&lt;b&gt;Target: &lt;/b&gt;One creature&lt;/span&gt;
&lt;span class="flavor"&gt;&lt;b&gt;Attack: &lt;/b&gt;Charisma vs. AC&lt;/span&gt;
&lt;span class="flavor"&gt;&lt;b&gt;Hit: &lt;/b&gt;3[W] + Charisma modifier damage.&lt;/span&gt;
&lt;span class="flavor"&gt;&lt;b&gt;Effect: &lt;/b&gt;The attack creates a zone in a close burst 2. The zone lasts until the end of the encounter. When any ally within the zone spends a healing surge, all other allies within the zone regain 1d10 hit points.&lt;/span&gt;
</power_rules_html><power_published_in>Player's Handbook 3, page(s) 34. </power_published_in><power_dndinsider_id>10302</power_dndinsider_id><formatOutput>1</formatOutput></Power>
