<?xml version="1.0"?>
<Power><power_name>Intellect Bomb</power_name><power_class_and_level>Ardent Attack 25</power_class_and_level><power_flavor>Your attack implants a psychic bomb in your foe&#x2019;s mind.</power_flavor><power_frequency>Daily</power_frequency><power_keywords>Psionic, Psychic, Weapon</power_keywords><power_action_type>Standard Action</power_action_type><power_range_and_aoe>Melee weapon</power_range_and_aoe><power_rules>Primary Target: One creature
Primary Attack: Charisma vs. AC
Hit: 3[W] + Charisma modifier damage, and you slide the primary target 1 square.
Effect: Before the end of the encounter, you can make the following secondary attack once, either when the primary target drops to 0 hit points or as a minor action. The secondary attack is a close burst 2 centered on the primary target.
Secondary Target: Each enemy in the burst
Secondary Attack: Charisma vs. Will
Hit: 2d10 + Charisma modifier psychic damage, and the secondary target is dazed until the end of your next turn.</power_rules><power_rules_html>&lt;span class="flavor"&gt;&lt;b&gt;Primary Target: &lt;/b&gt;One creature&lt;/span&gt;
&lt;span class="flavor"&gt;&lt;b&gt;Primary Attack: &lt;/b&gt;Charisma vs. AC&lt;/span&gt;
&lt;span class="flavor"&gt;&lt;b&gt;Hit: &lt;/b&gt;3[W] + Charisma modifier damage, and you slide the primary target 1 square.&lt;/span&gt;
&lt;span class="flavor"&gt;&lt;b&gt;Effect: &lt;/b&gt;Before the end of the encounter, you can make the following secondary attack once, either when the primary target drops to 0 hit points or as a minor action. The secondary attack is a close burst 2 centered on the primary target.&lt;/span&gt;
&lt;span class="flavor"&gt;&lt;b&gt;Secondary Target: &lt;/b&gt;Each enemy in the burst&lt;/span&gt;
&lt;span class="flavor"&gt;&lt;b&gt;Secondary Attack: &lt;/b&gt;Charisma vs. Will&lt;/span&gt;
&lt;span class="flavor"&gt;&lt;b&gt;Hit: &lt;/b&gt;2d10 + Charisma modifier psychic damage, and the secondary target is dazed until the end of your next turn.&lt;/span&gt;
</power_rules_html><power_published_in>Player's Handbook 3, page(s) 36. </power_published_in><power_dndinsider_id>10308</power_dndinsider_id><formatOutput>1</formatOutput></Power>
