<?xml version="1.0"?>
<Power><power_name>Revealing Strike</power_name><power_class_and_level>Ardent Attack 23</power_class_and_level><power_flavor>Your attack highlights the target&#x2019;s weaknesses.</power_flavor><power_frequency>At-Will</power_frequency><power_keywords>Augmentable, Psionic, Weapon</power_keywords><power_action_type>Standard Action</power_action_type><power_range_and_aoe>Melee weapon</power_range_and_aoe><power_rules>Target: One creature
Attack: Charisma vs. AC
Hit: 1[W] + Charisma modifier damage, and the target takes a &#x2013;2 penalty to all defenses until the start of your next turn.
Hit: 2[W] + Charisma modifier damage, and the target takes a &#x2013;2 penalty to all defenses and can&#x2019;t benefit from concealment or invisibility until the end of your next turn.
Hit: 4[W] + Charisma modifier damage, and the target takes a &#x2013;3 penalty to all defenses until the end of your next turn. In addition, you and each ally adjacent to you gain blindsight 10 until the end of your next turn.</power_rules><power_rules_html>&lt;span class="flavor"&gt;&lt;b&gt;Target: &lt;/b&gt;One creature&lt;/span&gt;
&lt;span class="flavor"&gt;&lt;b&gt;Attack: &lt;/b&gt;Charisma vs. AC&lt;/span&gt;
&lt;span class="flavor"&gt;&lt;b&gt;Hit: &lt;/b&gt;1[W] + Charisma modifier damage, and the target takes a &#x2013;2 penalty to all defenses until the start of your next turn.&lt;/span&gt;
&lt;span class="flavor"&gt;&lt;b&gt;Hit: &lt;/b&gt;2[W] + Charisma modifier damage, and the target takes a &#x2013;2 penalty to all defenses and can&#x2019;t benefit from concealment or invisibility until the end of your next turn.&lt;/span&gt;
&lt;span class="flavor"&gt;&lt;b&gt;Hit: &lt;/b&gt;4[W] + Charisma modifier damage, and the target takes a &#x2013;3 penalty to all defenses until the end of your next turn. In addition, you and each ally adjacent to you gain blindsight 10 until the end of your next turn.&lt;/span&gt;
</power_rules_html><power_published_in>Player's Handbook 3, page(s) 35. </power_published_in><power_dndinsider_id>10306</power_dndinsider_id><formatOutput>1</formatOutput></Power>
