<?xml version="1.0"?>
<Power><power_name>Perception Shift</power_name><power_class_and_level>Ardent Attack 23</power_class_and_level><power_flavor>As you strike, you force your victim to attack where your allies are strongest.</power_flavor><power_frequency>At-Will</power_frequency><power_keywords>Augmentable, Psionic, Psychic, Weapon</power_keywords><power_action_type>Standard Action</power_action_type><power_range_and_aoe>Melee weapon</power_range_and_aoe><power_rules>Target: One creature
Attack: Charisma vs. Will
Hit: 1[W] + Charisma modifier psychic damage. The next time the target makes an attack before the start of your next turn, it attacks a defense of your choice.
Range: Close burst 1
Target: Each enemy you can see in the burst
Hit: 1[W] + Charisma modifier psychic damage. Whenever the target attacks before the end of your next turn, it attacks a defense of your choice.
Keyword: This power gains the Zone keyword.
Hit: 2[W] + Charisma modifier psychic damage. Whenever the target attacks before the end of your next turn, it attacks a defense of your choice.
Effect: The burst creates a zone that lasts until the end of your next turn. When any enemy attacks while within the zone, the enemy attacks a defense of your choice.</power_rules><power_rules_html>&lt;span class="flavor"&gt;&lt;b&gt;Target: &lt;/b&gt;One creature&lt;/span&gt;
&lt;span class="flavor"&gt;&lt;b&gt;Attack: &lt;/b&gt;Charisma vs. Will&lt;/span&gt;
&lt;span class="flavor"&gt;&lt;b&gt;Hit: &lt;/b&gt;1[W] + Charisma modifier psychic damage. The next time the target makes an attack before the start of your next turn, it attacks a defense of your choice.&lt;/span&gt;
&lt;span class="flavor"&gt;&lt;b&gt;Range: &lt;/b&gt;Close burst 1&lt;/span&gt;
&lt;span class="flavor"&gt;&lt;b&gt;Target: &lt;/b&gt;Each enemy you can see in the burst&lt;/span&gt;
&lt;span class="flavor"&gt;&lt;b&gt;Hit: &lt;/b&gt;1[W] + Charisma modifier psychic damage. Whenever the target attacks before the end of your next turn, it attacks a defense of your choice.&lt;/span&gt;
&lt;span class="flavor"&gt;&lt;b&gt;Keyword: &lt;/b&gt;This power gains the Zone keyword.&lt;/span&gt;
&lt;span class="flavor"&gt;&lt;b&gt;Hit: &lt;/b&gt;2[W] + Charisma modifier psychic damage. Whenever the target attacks before the end of your next turn, it attacks a defense of your choice.&lt;/span&gt;
&lt;span class="flavor"&gt;&lt;b&gt;Effect: &lt;/b&gt;The burst creates a zone that lasts until the end of your next turn. When any enemy attacks while within the zone, the enemy attacks a defense of your choice.&lt;/span&gt;
</power_rules_html><power_published_in>Player's Handbook 3, page(s) 35. </power_published_in><power_dndinsider_id>10305</power_dndinsider_id><formatOutput>1</formatOutput></Power>
