<?xml version="1.0"?>
<Power><power_name>Rapid Recovery</power_name><power_class_and_level>Ardent Utility 22</power_class_and_level><power_flavor>You channel positive thoughts to speed your allies&#x2019; recovery.</power_flavor><power_frequency>Daily</power_frequency><power_keywords>Healing, Psionic, Zone</power_keywords><power_action_type>Minor Action</power_action_type><power_range_and_aoe>Close burst 1</power_range_and_aoe><power_rules>Effect: The burst creates a zone that lasts until the end of your next turn. When you move, the zone moves with you, remaining centered on you. Any ally who starts his or her turn within the zone regains 10 hit points.
Sustain Minor: The zone persists.</power_rules><power_rules_html>&lt;span class="flavor"&gt;&lt;b&gt;Effect: &lt;/b&gt;The burst creates a zone that lasts until the end of your next turn. When you move, the zone moves with you, remaining centered on you. Any ally who starts his or her turn within the zone regains 10 hit points.&lt;/span&gt;
&lt;span class="flavor"&gt;&lt;b&gt;Sustain Minor: &lt;/b&gt;The zone persists.&lt;/span&gt;
</power_rules_html><power_published_in>Player's Handbook 3, page(s) 34. </power_published_in><power_dndinsider_id>10304</power_dndinsider_id><formatOutput>1</formatOutput></Power>
