<?xml version="1.0"?>
<Power><power_name>Insensate Mind</power_name><power_class_and_level>Ardent Utility 22</power_class_and_level><power_flavor>You influence the mind of your ally so that he or she doesn&#x2019;t feel pain for a time.</power_flavor><power_frequency>Encounter</power_frequency><power_keywords>Psionic</power_keywords><power_action_type>Minor Action</power_action_type><power_range_and_aoe>Melee touch</power_range_and_aoe><power_rules>Target: One creature
Effect: The target gains resistance to all damage equal to one-half your level until the end of your next turn.</power_rules><power_rules_html>&lt;span class="flavor"&gt;&lt;b&gt;Target: &lt;/b&gt;One creature&lt;/span&gt;
&lt;span class="flavor"&gt;&lt;b&gt;Effect: &lt;/b&gt;The target gains resistance to all damage equal to one-half your level until the end of your next turn.&lt;/span&gt;
</power_rules_html><power_published_in>Player's Handbook 3, page(s) 34. </power_published_in><power_dndinsider_id>10303</power_dndinsider_id><formatOutput>1</formatOutput></Power>
