<?xml version="1.0"?>
<Power><power_name>Energy Strobe</power_name><power_class_and_level>Sorcerer Attack 1</power_class_and_level><power_flavor>As a beam of energy lances from your hand or eyes, part of it swirls around you as a temporary flickering shield.</power_flavor><power_frequency>At-Will</power_frequency><power_keywords>Arcane, Implement, Varies</power_keywords><power_action_type>Standard Action</power_action_type><power_range_and_aoe>Ranged 10</power_range_and_aoe><power_rules>Target: One creature
Attack: Charisma vs. Reflex
Hit: 1d10 + Charisma modifier damage. Roll a d6 to determine the attack&#x2019;s damage type. You gain resist 5 against the type of damage your attack deals until the end of your next turn.
1. Cold
2. Fire
3. Force
4. Lightning
5. Radiant
6. Thunder
Level 21: 2d10 + Charisma modifier damage.
Special: You can use this power as a ranged basic attack.</power_rules><power_rules_html>&lt;span class="flavor"&gt;&lt;b&gt;Target: &lt;/b&gt;One creature&lt;/span&gt;
&lt;span class="flavor"&gt;&lt;b&gt;Attack: &lt;/b&gt;Charisma vs. Reflex&lt;/span&gt;
&lt;span class="flavor"&gt;&lt;b&gt;Hit: &lt;/b&gt;1d10 + Charisma modifier damage. Roll a d6 to determine the attack&#x2019;s damage type. You gain resist 5 against the type of damage your attack deals until the end of your next turn.&lt;/span&gt;
&lt;span class="flavor"&gt;1. Cold&lt;/span&gt;
&lt;span class="flavor"&gt;2. Fire&lt;/span&gt;
&lt;span class="flavor"&gt;3. Force&lt;/span&gt;
&lt;span class="flavor"&gt;4. Lightning&lt;/span&gt;
&lt;span class="flavor"&gt;5. Radiant&lt;/span&gt;
&lt;span class="flavor"&gt;6. Thunder&lt;/span&gt;
&lt;span class="flavor"&gt;Level 21: 2d10 + Charisma modifier damage.&lt;/span&gt;
&lt;span class="flavor"&gt;&lt;b&gt;Special: &lt;/b&gt;You can use this power as a ranged basic attack.&lt;/span&gt;
</power_rules_html><power_published_in>Dragon Magazine 381, page(s) 43. </power_published_in><power_dndinsider_id>10319</power_dndinsider_id><formatOutput>1</formatOutput></Power>
