<?xml version="1.0"?>
<Power><power_name>Insightful Command</power_name><power_class_and_level>Talaric Strategist Utility 12</power_class_and_level><power_flavor>You exhort your allies to move to new positions or to defend themselves.</power_flavor><power_frequency>Daily</power_frequency><power_keywords>Psionic</power_keywords><power_action_type>Minor Action</power_action_type><power_range_and_aoe>Close burst 5</power_range_and_aoe><power_rules>Target: You and each ally in the burst
Effect: Each target can either shift half his or her speed as a free action or gain a +3 bonus to all defenses until the end of your next turn.</power_rules><power_rules_html>&lt;span class="flavor"&gt;&lt;b&gt;Target: &lt;/b&gt;You and each ally in the burst&lt;/span&gt;
&lt;span class="flavor"&gt;&lt;b&gt;Effect: &lt;/b&gt;Each target can either shift half his or her speed as a free action or gain a +3 bonus to all defenses until the end of your next turn.&lt;/span&gt;
</power_rules_html><power_published_in>Player's Handbook 3, page(s) 41. </power_published_in><power_dndinsider_id>10318</power_dndinsider_id><formatOutput>1</formatOutput></Power>
