<?xml version="1.0"?>
<Power><power_name>Violent Spark</power_name><power_class_and_level>Ardent Attack 29</power_class_and_level><power_flavor>Crimson light shines from your allies&#x2019; eyes as your comrades make a sudden barrage of attacks.</power_flavor><power_frequency>Daily</power_frequency><power_keywords>Psionic</power_keywords><power_action_type>Standard Action</power_action_type><power_range_and_aoe>Close burst 10</power_range_and_aoe><power_rules>Target: Each ally in the burst
Effect: Each target can make an at-will attack as a free action, with a power bonus to the damage roll equal to your Wisdom modifier. If a target misses, he or she can make a saving throw.</power_rules><power_rules_html>&lt;span class="flavor"&gt;&lt;b&gt;Target: &lt;/b&gt;Each ally in the burst&lt;/span&gt;
&lt;span class="flavor"&gt;&lt;b&gt;Effect: &lt;/b&gt;Each target can make an at-will attack as a free action, with a power bonus to the damage roll equal to your Wisdom modifier. If a target misses, he or she can make a saving throw.&lt;/span&gt;
</power_rules_html><power_published_in>Player's Handbook 3, page(s) 37. </power_published_in><power_dndinsider_id>10310</power_dndinsider_id><formatOutput>1</formatOutput></Power>
