<?xml version="1.0"?>
<Power><power_name>Anticipation Tactics</power_name><power_class_and_level>Talaric Strategist Attack 11</power_class_and_level><power_flavor>Your tactical intuition places your ally just where he or she needs to be.</power_flavor><power_frequency>Encounter</power_frequency><power_keywords>Augmentable, Psionic</power_keywords><power_action_type>Immediate Interrupt</power_action_type><power_range_and_aoe>Close burst 3</power_range_and_aoe><power_rules>Trigger: An enemy within 2 squares of you makes a melee attack
Target: One ally in the burst
Effect: The target can use a free action to shift 1 square and make a melee basic attack against the triggering enemy. That attack deals 1d8 extra damage to the enemy.
Target: One or two allies in the burst or you and one ally in the burst
Effect: Each target can use a free action to shift 2 squares and make a basic attack against the triggering enemy.</power_rules><power_rules_html>&lt;span class="flavor"&gt;&lt;b&gt;Trigger: &lt;/b&gt;An enemy within 2 squares of you makes a melee attack&lt;/span&gt;
&lt;span class="flavor"&gt;&lt;b&gt;Target: &lt;/b&gt;One ally in the burst&lt;/span&gt;
&lt;span class="flavor"&gt;&lt;b&gt;Effect: &lt;/b&gt;The target can use a free action to shift 1 square and make a melee basic attack against the triggering enemy. That attack deals 1d8 extra damage to the enemy.&lt;/span&gt;
&lt;span class="flavor"&gt;&lt;b&gt;Target: &lt;/b&gt;One or two allies in the burst or you and one ally in the burst&lt;/span&gt;
&lt;span class="flavor"&gt;&lt;b&gt;Effect: &lt;/b&gt;Each target can use a free action to shift 2 squares and make a basic attack against the triggering enemy.&lt;/span&gt;
</power_rules_html><power_published_in>Player's Handbook 3, page(s) 41. </power_published_in><power_dndinsider_id>10316</power_dndinsider_id><formatOutput>1</formatOutput></Power>
