<?xml version="1.0"?>
<Power><power_name>Flying Foe</power_name><power_class_and_level>Rogue Attack 19</power_class_and_level><power_flavor>As soon as your foe is off-balance, you deliver a powerful strike, then easily shove it where you want it to go.</power_flavor><power_frequency>Daily</power_frequency><power_keywords>Martial, Weapon</power_keywords><power_action_type>Standard Action</power_action_type><power_range_and_aoe>Melee weapon</power_range_and_aoe><power_rules>Requirement: You must be wielding a light blade.
Target: One creature
Attack: Dexterity vs. Fortitude
Hit: 4[W] + Dexterity modifier damage, and you slide the target a number of squares up to your Strength modifier. If you end the slide with the target adjacent to one or more objects or creatures, you can cause both the target and one of those objects or creatures to take 10 damage.
Miss: Half damage, and you slide the target a number of squares up to your Strength modifier.</power_rules><power_rules_html>&lt;span class="flavor"&gt;&lt;b&gt;Requirement: &lt;/b&gt;You must be wielding a light blade.&lt;/span&gt;
&lt;span class="flavor"&gt;&lt;b&gt;Target: &lt;/b&gt;One creature&lt;/span&gt;
&lt;span class="flavor"&gt;&lt;b&gt;Attack: &lt;/b&gt;Dexterity vs. Fortitude&lt;/span&gt;
&lt;span class="flavor"&gt;&lt;b&gt;Hit: &lt;/b&gt;4[W] + Dexterity modifier damage, and you slide the target a number of squares up to your Strength modifier. If you end the slide with the target adjacent to one or more objects or creatures, you can cause both the target and one of those objects or creatures to take 10 damage.&lt;/span&gt;
&lt;span class="flavor"&gt;&lt;b&gt;Miss: &lt;/b&gt;Half damage, and you slide the target a number of squares up to your Strength modifier.&lt;/span&gt;
</power_rules_html><power_published_in>Player's Handbook, page(s) 124, Class Compendium.</power_published_in><power_dndinsider_id>1031</power_dndinsider_id><formatOutput>1</formatOutput></Power>
