<?xml version="1.0"?>
<Power><power_name>Dismissive Strike</power_name><power_class_and_level>Ardent Attack 27</power_class_and_level><power_flavor>When your attack hits, you dismiss your enemy and leave it to face your friends.</power_flavor><power_frequency>At-Will</power_frequency><power_keywords>Augmentable, Psionic, Teleportation, Weapon</power_keywords><power_action_type>Standard Action</power_action_type><power_range_and_aoe>Melee weapon</power_range_and_aoe><power_rules>Target: One creature
Attack: Charisma vs. AC
Hit: 1[W] + Charisma modifier damage, and you teleport the target 5 squares to a square adjacent to an ally.
Range: Close burst 1
Target: Each enemy you can see in the burst
Hit: 1[W] + Charisma modifier damage, and you teleport the target to a square adjacent to an ally who is adjacent to you.
Keyword: This power gains the Zone keyword.
Hit: 2[W] + Charisma modifier damage.
Effect: The attack creates a zone in a close burst 1. The zone lasts until the end of your next turn. When any enemy enters the zone or starts its turn there, you can teleport that enemy 5 squares as a free action. Any ally who enters the zone or starts his or her turn there can teleport 5 squares as a free action.</power_rules><power_rules_html>&lt;span class="flavor"&gt;&lt;b&gt;Target: &lt;/b&gt;One creature&lt;/span&gt;
&lt;span class="flavor"&gt;&lt;b&gt;Attack: &lt;/b&gt;Charisma vs. AC&lt;/span&gt;
&lt;span class="flavor"&gt;&lt;b&gt;Hit: &lt;/b&gt;1[W] + Charisma modifier damage, and you teleport the target 5 squares to a square adjacent to an ally.&lt;/span&gt;
&lt;span class="flavor"&gt;&lt;b&gt;Range: &lt;/b&gt;Close burst 1&lt;/span&gt;
&lt;span class="flavor"&gt;&lt;b&gt;Target: &lt;/b&gt;Each enemy you can see in the burst&lt;/span&gt;
&lt;span class="flavor"&gt;&lt;b&gt;Hit: &lt;/b&gt;1[W] + Charisma modifier damage, and you teleport the target to a square adjacent to an ally who is adjacent to you.&lt;/span&gt;
&lt;span class="flavor"&gt;&lt;b&gt;Keyword: &lt;/b&gt;This power gains the Zone keyword.&lt;/span&gt;
&lt;span class="flavor"&gt;&lt;b&gt;Hit: &lt;/b&gt;2[W] + Charisma modifier damage.&lt;/span&gt;
&lt;span class="flavor"&gt;&lt;b&gt;Effect: &lt;/b&gt;The attack creates a zone in a close burst 1. The zone lasts until the end of your next turn. When any enemy enters the zone or starts its turn there, you can teleport that enemy 5 squares as a free action. Any ally who enters the zone or starts his or her turn there can teleport 5 squares as a free action.&lt;/span&gt;
</power_rules_html><power_published_in>Player's Handbook 3, page(s) 36. </power_published_in><power_dndinsider_id>10311</power_dndinsider_id><formatOutput>1</formatOutput></Power>
