<?xml version="1.0"?>
<Power><power_name>Combined Effort</power_name><power_class_and_level>Talaric Strategist Attack 20</power_class_and_level><power_flavor>Drawing from your allies&#x2019; perceptions, you discern the best place to strike.</power_flavor><power_frequency>Daily</power_frequency><power_keywords>Psionic, Weapon</power_keywords><power_action_type>Standard Action</power_action_type><power_range_and_aoe>Melee weapon</power_range_and_aoe><power_rules>Target: One creature
Attack: Charisma vs. AC. You gain a +1 bonus to the attack roll for each ally within 2 squares of the target.
Hit: 4[W] + Charisma modifier damage, and the target is dazed (save ends).
Miss: Half damage, and the target is dazed until the end of your next turn.</power_rules><power_rules_html>&lt;span class="flavor"&gt;&lt;b&gt;Target: &lt;/b&gt;One creature&lt;/span&gt;
&lt;span class="flavor"&gt;&lt;b&gt;Attack: &lt;/b&gt;Charisma vs. AC. You gain a +1 bonus to the attack roll for each ally within 2 squares of the target.&lt;/span&gt;
&lt;span class="flavor"&gt;&lt;b&gt;Hit: &lt;/b&gt;4[W] + Charisma modifier damage, and the target is dazed (save ends).&lt;/span&gt;
&lt;span class="flavor"&gt;&lt;b&gt;Miss: &lt;/b&gt;Half damage, and the target is dazed until the end of your next turn.&lt;/span&gt;
</power_rules_html><power_published_in>Player's Handbook 3, page(s) 41. </power_published_in><power_dndinsider_id>10317</power_dndinsider_id><formatOutput>1</formatOutput></Power>
