<?xml version="1.0"?>
<Power><power_name>Perfect Prison</power_name><power_class_and_level>Psionic Binder Attack 20</power_class_and_level><power_flavor>Your foe&#x2019;s thoughts collapse under the terrifying weight of your attack.</power_flavor><power_frequency>Daily</power_frequency><power_keywords>Fear, Psionic, Weapon, Zone</power_keywords><power_action_type>Standard Action</power_action_type><power_range_and_aoe>Close burst 1</power_range_and_aoe><power_rules>Target: Each enemy in the burst
Attack: Charisma vs. AC
Hit: 2[W] + Charisma modifier damage, and the target is dazed and slowed (save ends both).
Miss: Half damage.
Effect: The burst creates a zone that lasts until the end of your next turn. Dazed creatures cannot leave the zone. As a move action, you can move the zone 3 squares.
Sustain Minor: The zone persists.</power_rules><power_rules_html>&lt;span class="flavor"&gt;&lt;b&gt;Target: &lt;/b&gt;Each enemy in the burst&lt;/span&gt;
&lt;span class="flavor"&gt;&lt;b&gt;Attack: &lt;/b&gt;Charisma vs. AC&lt;/span&gt;
&lt;span class="flavor"&gt;&lt;b&gt;Hit: &lt;/b&gt;2[W] + Charisma modifier damage, and the target is dazed and slowed (save ends both).&lt;/span&gt;
&lt;span class="flavor"&gt;&lt;b&gt;Miss: &lt;/b&gt;Half damage.&lt;/span&gt;
&lt;span class="flavor"&gt;&lt;b&gt;Effect: &lt;/b&gt;The burst creates a zone that lasts until the end of your next turn. Dazed creatures cannot leave the zone. As a move action, you can move the zone 3 squares.&lt;/span&gt;
&lt;span class="flavor"&gt;&lt;b&gt;Sustain Minor: &lt;/b&gt;The zone persists.&lt;/span&gt;
</power_rules_html><power_published_in>Player's Handbook 3, page(s) 39. </power_published_in><power_dndinsider_id>10314</power_dndinsider_id><formatOutput>1</formatOutput></Power>
