<?xml version="1.0"?>
<Power><power_name>Executioner's Summons</power_name><power_class_and_level>Psionic Binder Utility 12</power_class_and_level><power_flavor>With your enemy pinned down, you call forth the executioner to give it a quick end.</power_flavor><power_frequency>Encounter</power_frequency><power_keywords>Psionic, Teleportation</power_keywords><power_action_type>Move Action</power_action_type><power_range_and_aoe>Close burst 5</power_range_and_aoe><power_rules>Requirement: You must be adjacent to an immobilized enemy.
Target: One ally in the burst
Effect: You teleport the target to a square adjacent to an immobilized enemy adjacent to you. Until the end of your next turn, the target gains +2 power bonus to attack rolls against that enemy and a power bonus to damage rolls against it equal to your Wisdom modifier.</power_rules><power_rules_html>&lt;span class="flavor"&gt;&lt;b&gt;Requirement: &lt;/b&gt;You must be adjacent to an immobilized enemy.&lt;/span&gt;
&lt;span class="flavor"&gt;&lt;b&gt;Target: &lt;/b&gt;One ally in the burst&lt;/span&gt;
&lt;span class="flavor"&gt;&lt;b&gt;Effect: &lt;/b&gt;You teleport the target to a square adjacent to an immobilized enemy adjacent to you. Until the end of your next turn, the target gains +2 power bonus to attack rolls against that enemy and a power bonus to damage rolls against it equal to your Wisdom modifier.&lt;/span&gt;
</power_rules_html><power_published_in>Player's Handbook 3, page(s) 39. </power_published_in><power_dndinsider_id>10315</power_dndinsider_id><formatOutput>1</formatOutput></Power>
