<?xml version="1.0"?>
<Power><power_name>Exhilarating Strike</power_name><power_class_and_level>Ardent Attack 27</power_class_and_level><power_flavor>You inspire your allies to strike, and success rewards them with recovery.</power_flavor><power_frequency>At-Will</power_frequency><power_keywords>Augmentable, Psionic</power_keywords><power_action_type>Standard Action</power_action_type><power_range_and_aoe>Close burst 5</power_range_and_aoe><power_rules>Target: One ally in the burst
Effect: The target can make a melee basic attack as a free action.
Effect: The target can make a melee basic attack as a free action, with a power bonus to the damage roll equal to your Wisdom modifier. If that attack hits, the target can make a saving throw.
Target: Each ally in the burst
Effect: Each target can use a free action either to make a basic attack or to charge, with a power bonus to the damage roll equal to your Wisdom modifier. If a target hits, he or she can make a saving throw.</power_rules><power_rules_html>&lt;span class="flavor"&gt;&lt;b&gt;Target: &lt;/b&gt;One ally in the burst&lt;/span&gt;
&lt;span class="flavor"&gt;&lt;b&gt;Effect: &lt;/b&gt;The target can make a melee basic attack as a free action.&lt;/span&gt;
&lt;span class="flavor"&gt;&lt;b&gt;Effect: &lt;/b&gt;The target can make a melee basic attack as a free action, with a power bonus to the damage roll equal to your Wisdom modifier. If that attack hits, the target can make a saving throw.&lt;/span&gt;
&lt;span class="flavor"&gt;&lt;b&gt;Target: &lt;/b&gt;Each ally in the burst&lt;/span&gt;
&lt;span class="flavor"&gt;&lt;b&gt;Effect: &lt;/b&gt;Each target can use a free action either to make a basic attack or to charge, with a power bonus to the damage roll equal to your Wisdom modifier. If a target hits, he or she can make a saving throw.&lt;/span&gt;
</power_rules_html><power_published_in>Player's Handbook 3, page(s) 36. </power_published_in><power_dndinsider_id>10312</power_dndinsider_id><formatOutput>1</formatOutput></Power>
