<?xml version="1.0"?>
<Power><power_name>Causticsoul Skin</power_name><power_class_and_level>Soul of Erosion Utility 12</power_class_and_level><power_flavor>Your body dissolves into water and acid and clings to your enemy.</power_flavor><power_frequency>Daily</power_frequency><power_keywords>Acid</power_keywords><power_action_type>Move Action</power_action_type><power_range_and_aoe>Melee 1</power_range_and_aoe><power_rules>Target: One creature
Effect: You shift 1 square into the target&#x2019;s space and occupy the same space as the target. While you occupy the target&#x2019;s space, the target takes ongoing 10 acid damage (save ends), you cannot attack the target, and if the target moves, you move with it. You take half damage from melee and ranged attacks, and the target takes the same amount and type of damage (the target ignores this part of the effect). This effect ends when the target succeeds on its saving throw or if you move or are forced to move out of the target&#x2019;s space. If the effect ends while you are in the target&#x2019;s space, you shift to an unoccupied space adjacent to the target.</power_rules><power_rules_html>&lt;span class="flavor"&gt;&lt;b&gt;Target: &lt;/b&gt;One creature&lt;/span&gt;
&lt;span class="flavor"&gt;&lt;b&gt;Effect: &lt;/b&gt;You shift 1 square into the target&#x2019;s space and occupy the same space as the target. While you occupy the target&#x2019;s space, the target takes ongoing 10 acid damage (save ends), you cannot attack the target, and if the target moves, you move with it. You take half damage from melee and ranged attacks, and the target takes the same amount and type of damage (the target ignores this part of the effect). This effect ends when the target succeeds on its saving throw or if you move or are forced to move out of the target&#x2019;s space. If the effect ends while you are in the target&#x2019;s space, you shift to an unoccupied space adjacent to the target.&lt;/span&gt;
</power_rules_html><power_published_in>Dragon Magazine 380, page(s) 23. </power_published_in><power_dndinsider_id>10328</power_dndinsider_id><formatOutput>1</formatOutput></Power>
