<?xml version="1.0"?>
<Power><power_name>Rippling Strike</power_name><power_class_and_level>Sorcerer Attack 17</power_class_and_level><power_flavor>Your slash opens a psychic connection. The spell seals the connection in pain.</power_flavor><power_frequency>Encounter</power_frequency><power_keywords>Arcane, Implement, Teleportation, Thunder</power_keywords><power_action_type>Standard Action</power_action_type><power_range_and_aoe>Melee 1</power_range_and_aoe><power_rules>Target: One creature
Attack: Charisma vs. Will
Hit: 2d8 + Charisma modifier damage, and one enemy within 5 squares of the target takes 10 psychic damage. If no other enemy creature is within 5 squares, this attack deals 1d8 extra damage to the target instead.
Cosmic Sorcerer: If this attack reduces one or more enemies to 0 hit points, choose an enemy within 5 squares not damaged by the attack. That enemy takes 10 psychic damage.</power_rules><power_rules_html>&lt;span class="flavor"&gt;&lt;b&gt;Target: &lt;/b&gt;One creature&lt;/span&gt;
&lt;span class="flavor"&gt;&lt;b&gt;Attack: &lt;/b&gt;Charisma vs. Will&lt;/span&gt;
&lt;span class="flavor"&gt;&lt;b&gt;Hit: &lt;/b&gt;2d8 + Charisma modifier damage, and one enemy within 5 squares of the target takes 10 psychic damage. If no other enemy creature is within 5 squares, this attack deals 1d8 extra damage to the target instead.&lt;/span&gt;
&lt;span class="flavor"&gt;&lt;b&gt;Cosmic Sorcerer: &lt;/b&gt;If this attack reduces one or more enemies to 0 hit points, choose an enemy within 5 squares not damaged by the attack. That enemy takes 10 psychic damage.&lt;/span&gt;
</power_rules_html><power_published_in>Dragon Magazine 381, page(s) 44. </power_published_in><power_dndinsider_id>10323</power_dndinsider_id><formatOutput>1</formatOutput></Power>
