<?xml version="1.0"?>
<Power><power_name>Shuffling Thunder</power_name><power_class_and_level>Sorcerer Attack 23</power_class_and_level><power_flavor>A blow from your staff unseals the walls between worlds. Thunderous magic announces your arrival and the arrival of the enemy you have teleported.</power_flavor><power_frequency>Encounter</power_frequency><power_keywords>Arcane, Implement, Teleportation, Thunder</power_keywords><power_action_type>Standard Action</power_action_type><power_range_and_aoe>Melee 1</power_range_and_aoe><power_rules>Target: One creature
Attack: Charisma vs. Fortitude
Hit: 3d8 + Charisma modifier damage, and roll a d6. You must teleport the target that distance, and you can teleport yourself that distance. After the teleport, every creature adjacent to you and every creature adjacent to the target takes 10 thunder damage.
Chaos Sorcerer: You can choose to roll a d4, d6, d8, or d10 for the distance of the teleport effect.</power_rules><power_rules_html>&lt;span class="flavor"&gt;&lt;b&gt;Target: &lt;/b&gt;One creature&lt;/span&gt;
&lt;span class="flavor"&gt;&lt;b&gt;Attack: &lt;/b&gt;Charisma vs. Fortitude&lt;/span&gt;
&lt;span class="flavor"&gt;&lt;b&gt;Hit: &lt;/b&gt;3d8 + Charisma modifier damage, and roll a d6. You must teleport the target that distance, and you can teleport yourself that distance. After the teleport, every creature adjacent to you and every creature adjacent to the target takes 10 thunder damage.&lt;/span&gt;
&lt;span class="flavor"&gt;&lt;b&gt;Chaos Sorcerer: &lt;/b&gt;You can choose to roll a d4, d6, d8, or d10 for the distance of the teleport effect.&lt;/span&gt;
</power_rules_html><power_published_in>Dragon Magazine 381, page(s) 44. </power_published_in><power_dndinsider_id>10324</power_dndinsider_id><formatOutput>1</formatOutput></Power>
