<?xml version="1.0"?>
<Power><power_name>Thunder and Strike</power_name><power_class_and_level>Sorcerer Attack 13</power_class_and_level><power_flavor>Your surprise melee blow drives the enemy away in thunder, as a lightning strike blasts a distant foe.</power_flavor><power_frequency>Encounter</power_frequency><power_keywords>Arcane, Implement, Lightning, Thunder</power_keywords><power_action_type>Standard Action</power_action_type><power_range_and_aoe>Melee 1</power_range_and_aoe><power_rules>Primary Target: One creature
Primary Attack: Charisma vs. Reflex
Hit: 2d8 + Charisma modifier thunder damage, and you push the target a number of squares equal to 1 + your Strength modifier.
Effect: You make a secondary ranged attack. This attack does not provoke opportunity attacks.
Secondary Target: One creature within 10 squares of you other than the primary target
Secondary Attack: Charisma vs. Reflex
Hit: 2d8 + Charisma modifier lightning damage. In addition, if the secondary target is adjacent to the primary target, the secondary target is dazed until the end of your next turn.</power_rules><power_rules_html>&lt;span class="flavor"&gt;&lt;b&gt;Primary Target: &lt;/b&gt;One creature&lt;/span&gt;
&lt;span class="flavor"&gt;&lt;b&gt;Primary Attack: &lt;/b&gt;Charisma vs. Reflex&lt;/span&gt;
&lt;span class="flavor"&gt;&lt;b&gt;Hit: &lt;/b&gt;2d8 + Charisma modifier thunder damage, and you push the target a number of squares equal to 1 + your Strength modifier.&lt;/span&gt;
&lt;span class="flavor"&gt;&lt;b&gt;Effect: &lt;/b&gt;You make a secondary ranged attack. This attack does not provoke opportunity attacks.&lt;/span&gt;
&lt;span class="flavor"&gt;&lt;b&gt;Secondary Target: &lt;/b&gt;One creature within 10 squares of you other than the primary target&lt;/span&gt;
&lt;span class="flavor"&gt;&lt;b&gt;Secondary Attack: &lt;/b&gt;Charisma vs. Reflex&lt;/span&gt;
&lt;span class="flavor"&gt;&lt;b&gt;Hit: &lt;/b&gt;2d8 + Charisma modifier lightning damage. In addition, if the secondary target is adjacent to the primary target, the secondary target is dazed until the end of your next turn.&lt;/span&gt;
</power_rules_html><power_published_in>Dragon Magazine 381, page(s) 43. </power_published_in><power_dndinsider_id>10322</power_dndinsider_id><formatOutput>1</formatOutput></Power>
