<?xml version="1.0"?>
<Power><power_name>Deadly Positioning</power_name><power_class_and_level>Rogue Attack 9</power_class_and_level><power_flavor>You adroitly outmaneuver your enemy, baiting it with every stride and strike.</power_flavor><power_frequency>Daily</power_frequency><power_keywords>Martial, Weapon</power_keywords><power_action_type>Standard Action</power_action_type><power_range_and_aoe>Melee 1</power_range_and_aoe><power_rules>Requirement: You must be wielding a light blade.
Target: One creature
Attack: You slide the target up to 3 squares to a different square adjacent to you, and then make a Dexterity vs. AC attack against it.
Hit: 3[W] + Dexterity modifier damage.
Effect: Until the end of the encounter, when you are adjacent to the target, you can slide the target 1 square before making a melee attack against it.</power_rules><power_rules_html>&lt;span class="flavor"&gt;&lt;b&gt;Requirement: &lt;/b&gt;You must be wielding a light blade.&lt;/span&gt;
&lt;span class="flavor"&gt;&lt;b&gt;Target: &lt;/b&gt;One creature&lt;/span&gt;
&lt;span class="flavor"&gt;&lt;b&gt;Attack: &lt;/b&gt;You slide the target up to 3 squares to a different square adjacent to you, and then make a Dexterity vs. AC attack against it.&lt;/span&gt;
&lt;span class="flavor"&gt;&lt;b&gt;Hit: &lt;/b&gt;3[W] + Dexterity modifier damage.&lt;/span&gt;
&lt;span class="flavor"&gt;&lt;b&gt;Effect: &lt;/b&gt;Until the end of the encounter, when you are adjacent to the target, you can slide the target 1 square before making a melee attack against it.&lt;/span&gt;
</power_rules_html><power_published_in>Player's Handbook, page(s) 121, Class Compendium.</power_published_in><power_dndinsider_id>1032</power_dndinsider_id><formatOutput>1</formatOutput></Power>
