<?xml version="1.0"?>
<Power><power_name>Teleport Bash</power_name><power_class_and_level>Sorcerer Attack 3</power_class_and_level><power_flavor>A sharp blow from your staff or dagger sends your foe flickering through the gaps between worlds. When they emerge, they erupt in thunder.</power_flavor><power_frequency>Encounter</power_frequency><power_keywords>Arcane, Implement, Teleportation, Thunder</power_keywords><power_action_type>Standard Action</power_action_type><power_range_and_aoe>Melee 1</power_range_and_aoe><power_rules>Target: One creature
Attack: Charisma vs. Fortitude
Hit: 1d8 + Charisma modifier damage, and roll a d6 to determine the distance you must teleport the creature. It must be teleported that many squares away from its original location. After the teleport, all creatures adjacent to the target take 5 thunder damage.
Chaos Sorcerer: You can choose to roll a d4, a d6, or a d8 for the distance of the teleport effect.</power_rules><power_rules_html>&lt;span class="flavor"&gt;&lt;b&gt;Target: &lt;/b&gt;One creature&lt;/span&gt;
&lt;span class="flavor"&gt;&lt;b&gt;Attack: &lt;/b&gt;Charisma vs. Fortitude&lt;/span&gt;
&lt;span class="flavor"&gt;&lt;b&gt;Hit: &lt;/b&gt;1d8 + Charisma modifier damage, and roll a d6 to determine the distance you must teleport the creature. It must be teleported that many squares away from its original location. After the teleport, all creatures adjacent to the target take 5 thunder damage.&lt;/span&gt;
&lt;span class="flavor"&gt;&lt;b&gt;Chaos Sorcerer: &lt;/b&gt;You can choose to roll a d4, a d6, or a d8 for the distance of the teleport effect.&lt;/span&gt;
</power_rules_html><power_published_in>Dragon Magazine 381, page(s) 43. </power_published_in><power_dndinsider_id>10320</power_dndinsider_id><formatOutput>1</formatOutput></Power>
