<?xml version="1.0"?>
<Power><power_name>One Blow, One Echo</power_name><power_class_and_level>Sorcerer Attack 7</power_class_and_level><power_flavor>A simple stab or smash is never simple when its echo can spiral through your magic and blossom in fire or thunder.</power_flavor><power_frequency>Encounter</power_frequency><power_keywords>Arcane, Implement, Varies</power_keywords><power_action_type>Standard Action</power_action_type><power_range_and_aoe>Melee 1</power_range_and_aoe><power_rules>Target: One creature
Attack: Charisma vs. Reflex
Hit: 1d10 + Charisma modifier damage, and roll a d6 to determine the damage type. At the start of your next turn, deal 10 damage of the same type to one enemy within 3 squares of you.
1. Acid
2. Cold
3. Fire
4. Lightning
5. Poison
6. Thunder</power_rules><power_rules_html>&lt;span class="flavor"&gt;&lt;b&gt;Target: &lt;/b&gt;One creature&lt;/span&gt;
&lt;span class="flavor"&gt;&lt;b&gt;Attack: &lt;/b&gt;Charisma vs. Reflex&lt;/span&gt;
&lt;span class="flavor"&gt;&lt;b&gt;Hit: &lt;/b&gt;1d10 + Charisma modifier damage, and roll a d6 to determine the damage type. At the start of your next turn, deal 10 damage of the same type to one enemy within 3 squares of you.&lt;/span&gt;
&lt;span class="flavor"&gt;1. Acid&lt;/span&gt;
&lt;span class="flavor"&gt;2. Cold&lt;/span&gt;
&lt;span class="flavor"&gt;3. Fire&lt;/span&gt;
&lt;span class="flavor"&gt;4. Lightning&lt;/span&gt;
&lt;span class="flavor"&gt;5. Poison&lt;/span&gt;
&lt;span class="flavor"&gt;6. Thunder&lt;/span&gt;
</power_rules_html><power_published_in>Dragon Magazine 381, page(s) 43. </power_published_in><power_dndinsider_id>10321</power_dndinsider_id><formatOutput>1</formatOutput></Power>
