<?xml version="1.0"?>
<Power><power_name>Bodyguard's Stance</power_name><power_class_and_level>Fighter Utility 6</power_class_and_level><power_flavor>You stand poised, ready to block attacks made against your allies with your shield or, failing that, your body.</power_flavor><power_frequency>Encounter</power_frequency><power_keywords>Martial, Stance</power_keywords><power_action_type>Minor Action</power_action_type><power_range_and_aoe>Personal </power_range_and_aoe><power_rules>Effect: Whenever an ally adjacent to you takes damage, as a free action reduce that damage by 5. You must use this ability anytime you are able. When you do so, you take 5 damage; this damage that can&#x2019;t be reduce of redirected in any way.
Special: You can end this stance as a free action during your turn.</power_rules><power_rules_html>&lt;span class="flavor"&gt;&lt;b&gt;Effect: &lt;/b&gt;Whenever an ally adjacent to you takes damage, as a free action reduce that damage by 5. You must use this ability anytime you are able. When you do so, you take 5 damage; this damage that can&#x2019;t be reduce of redirected in any way.&lt;/span&gt;
&lt;span class="flavor"&gt;&lt;b&gt;Special: &lt;/b&gt;You can end this stance as a free action during your turn.&lt;/span&gt;
</power_rules_html><power_published_in>Dragon Magazine 382, page(s) 46. </power_published_in><power_dndinsider_id>10335</power_dndinsider_id><formatOutput>1</formatOutput></Power>
