<?xml version="1.0"?>
<Power><power_name>Battle Fury Stance</power_name><power_class_and_level>Fighter Utility 2</power_class_and_level><power_flavor>You throw your full weight into each attack, ruining your defenses but scoring a crippling blow with each strike.</power_flavor><power_frequency>Encounter</power_frequency><power_keywords>Martial, Stance</power_keywords><power_action_type>Minor Action</power_action_type><power_range_and_aoe>Personal </power_range_and_aoe><power_rules>Effect: You gain a +2 power bonus to damage rolls with weapon attacks but suffer a -2 penalty to AC. The bonus damage from this stance increases to +4 at 11th level and +6 at 21st level.
Special: This stance ends when you spend a healing surge. You can end this stance as a free action during your turn but not on the same turn that you activated it.</power_rules><power_rules_html>&lt;span class="flavor"&gt;&lt;b&gt;Effect: &lt;/b&gt;You gain a +2 power bonus to damage rolls with weapon attacks but suffer a -2 penalty to AC. The bonus damage from this stance increases to +4 at 11th level and +6 at 21st level.&lt;/span&gt;
&lt;span class="flavor"&gt;&lt;b&gt;Special: &lt;/b&gt;This stance ends when you spend a healing surge. You can end this stance as a free action during your turn but not on the same turn that you activated it.&lt;/span&gt;
</power_rules_html><power_published_in>Dragon Magazine 382, page(s) 46. </power_published_in><power_dndinsider_id>10333</power_dndinsider_id><formatOutput>1</formatOutput></Power>
