<?xml version="1.0"?>
<Power><power_name>Deflecting Shield</power_name><power_class_and_level>Fighter Attack 3</power_class_and_level><power_flavor>As you hammer your foe with an attack, you move your shield to deflect its counterattack.</power_flavor><power_frequency>Encounter</power_frequency><power_keywords>Martial, Weapon</power_keywords><power_action_type>Standard Action</power_action_type><power_range_and_aoe>Melee weapon</power_range_and_aoe><power_rules>Requirement: You must be using a shield.
Target: One creature
Attack: Strength vs. AC
Hit: 2[W] + Strength modifier damage. The next time the target attacks you before the end of your next turn, one other enemy adjacent to you suffers damage equal to your Strength modifier.</power_rules><power_rules_html>&lt;span class="flavor"&gt;&lt;b&gt;Requirement: &lt;/b&gt;You must be using a shield.&lt;/span&gt;
&lt;span class="flavor"&gt;&lt;b&gt;Target: &lt;/b&gt;One creature&lt;/span&gt;
&lt;span class="flavor"&gt;&lt;b&gt;Attack: &lt;/b&gt;Strength vs. AC&lt;/span&gt;
&lt;span class="flavor"&gt;&lt;b&gt;Hit: &lt;/b&gt;2[W] + Strength modifier damage. The next time the target attacks you before the end of your next turn, one other enemy adjacent to you suffers damage equal to your Strength modifier.&lt;/span&gt;
</power_rules_html><power_published_in>Dragon Magazine 382, page(s) 46. </power_published_in><power_dndinsider_id>10334</power_dndinsider_id><formatOutput>1</formatOutput></Power>
