<?xml version="1.0"?>
<Power><power_name>Defiant Shield</power_name><power_class_and_level>Fighter Utility 16</power_class_and_level><power_flavor>You twist and move in your current space, your shield held ready, as you prepare to block your foe&#x2019;s attacks.</power_flavor><power_frequency>Encounter</power_frequency><power_keywords>Martial, Stance</power_keywords><power_action_type>Move Action</power_action_type><power_range_and_aoe>Personal </power_range_and_aoe><power_rules>Requirement: You must be using a shield.
Effect: You gain a +2 power bonus to all defenses and are immune to forced movement.
Special: This stance ends if you move during your turn. You can end this stance as a free action during your turn.</power_rules><power_rules_html>&lt;span class="flavor"&gt;&lt;b&gt;Requirement: &lt;/b&gt;You must be using a shield.&lt;/span&gt;
&lt;span class="flavor"&gt;&lt;b&gt;Effect: &lt;/b&gt;You gain a +2 power bonus to all defenses and are immune to forced movement.&lt;/span&gt;
&lt;span class="flavor"&gt;&lt;b&gt;Special: &lt;/b&gt;This stance ends if you move during your turn. You can end this stance as a free action during your turn.&lt;/span&gt;
</power_rules_html><power_published_in>Dragon Magazine 382, page(s) 47. </power_published_in><power_dndinsider_id>10339</power_dndinsider_id><formatOutput>1</formatOutput></Power>
