<?xml version="1.0"?>
<Power><power_name>Weapon Master's Strike</power_name><power_class_and_level>Fighter Attack 1</power_class_and_level><power_flavor>You shift your tactics to match your weapon&#x2019;s strengths, maximizing its advantages to gain an edge against your foe.</power_flavor><power_frequency>At-Will</power_frequency><power_keywords>Martial, Weapon</power_keywords><power_action_type>Standard Action</power_action_type><power_range_and_aoe>Melee weapon</power_range_and_aoe><power_rules>Target: One creature
Effect: Before making this attack, you may sheathe a weapon and draw a different one as a free action.
Attack: Strength vs. AC
Hit: 1[W] + Strength modifier damage. In addition, the target takes an additional effect based on the weapon you wield.
Axe: The target takes extra damage equal to your Constitution modifier.
Mace: You slide the target 1 square.
Heavy Blade: Until the end of your next turn, you gain a +1 power bonus to AC against the target&#x2019;s attacks.
Spear or Polearm: Until the end of your next turn, the target provokes opportunity attacks from you when it shifts.</power_rules><power_rules_html>&lt;span class="flavor"&gt;&lt;b&gt;Target: &lt;/b&gt;One creature&lt;/span&gt;
&lt;span class="flavor"&gt;&lt;b&gt;Effect: &lt;/b&gt;Before making this attack, you may sheathe a weapon and draw a different one as a free action.&lt;/span&gt;
&lt;span class="flavor"&gt;&lt;b&gt;Attack: &lt;/b&gt;Strength vs. AC&lt;/span&gt;
&lt;span class="flavor"&gt;&lt;b&gt;Hit: &lt;/b&gt;1[W] + Strength modifier damage. In addition, the target takes an additional effect based on the weapon you wield.&lt;/span&gt;
&lt;span class="flavor"&gt;&lt;b&gt;Axe: &lt;/b&gt;The target takes extra damage equal to your Constitution modifier.&lt;/span&gt;
&lt;span class="flavor"&gt;&lt;b&gt;Mace: &lt;/b&gt;You slide the target 1 square.&lt;/span&gt;
&lt;span class="flavor"&gt;&lt;b&gt;Heavy Blade: &lt;/b&gt;Until the end of your next turn, you gain a +1 power bonus to AC against the target&#x2019;s attacks.&lt;/span&gt;
&lt;span class="flavor"&gt;&lt;b&gt;Spear or Polearm: &lt;/b&gt;Until the end of your next turn, the target provokes opportunity attacks from you when it shifts.&lt;/span&gt;
</power_rules_html><power_published_in>Dragon Magazine 382, page(s) 46. </power_published_in><power_dndinsider_id>10332</power_dndinsider_id><formatOutput>1</formatOutput></Power>
