<?xml version="1.0"?>
<Power><power_name>Martial Redoubt</power_name><power_class_and_level>Fighter Utility 10</power_class_and_level><power_flavor>You sink into a broad fighting stance, whirling your weapon in an arc that disrupts your foe&#x2019;s line of sight and allows you to knock aside your enemy&#x2019;s attacks. While you protect your foes, this stance forces you to compromise your own defenses.</power_flavor><power_frequency>Encounter</power_frequency><power_keywords>Martial, Stance</power_keywords><power_action_type>Minor Action</power_action_type><power_range_and_aoe>Personal </power_range_and_aoe><power_rules>Effect: Until the stance ends, your allies have cover when adjacent to you. Your enemies gain combat advantage against you.
Special: You can end this stance as a free action during your turn.</power_rules><power_rules_html>&lt;span class="flavor"&gt;&lt;b&gt;Effect: &lt;/b&gt;Until the stance ends, your allies have cover when adjacent to you. Your enemies gain combat advantage against you.&lt;/span&gt;
&lt;span class="flavor"&gt;&lt;b&gt;Special: &lt;/b&gt;You can end this stance as a free action during your turn.&lt;/span&gt;
</power_rules_html><power_published_in>Dragon Magazine 382, page(s) 47. </power_published_in><power_dndinsider_id>10337</power_dndinsider_id><formatOutput>1</formatOutput></Power>
