<?xml version="1.0"?>
<Power><power_name>Resolute Shield</power_name><power_class_and_level>Fighter Attack 1</power_class_and_level><power_flavor>As you slash into your foe, you pull your shield into a defensive position between the two of you, guaranteeing that it absorbs at least some of your enemy&#x2019;s attack.</power_flavor><power_frequency>At-Will</power_frequency><power_keywords>Martial, Weapon</power_keywords><power_action_type>Standard Action</power_action_type><power_range_and_aoe>Melee weapon</power_range_and_aoe><power_rules>Requirement: You must be using a shield.
Target: One creature
Attack: Strength vs. AC
Hit: 1[W] + Strength modifier damage, and you gain resist equal to your Constitution modifier against the target&#x2019;s attacks until the end of your next turn.
Increase damage to 2[W] + your Strength modifier at 21st level.</power_rules><power_rules_html>&lt;span class="flavor"&gt;&lt;b&gt;Requirement: &lt;/b&gt;You must be using a shield.&lt;/span&gt;
&lt;span class="flavor"&gt;&lt;b&gt;Target: &lt;/b&gt;One creature&lt;/span&gt;
&lt;span class="flavor"&gt;&lt;b&gt;Attack: &lt;/b&gt;Strength vs. AC&lt;/span&gt;
&lt;span class="flavor"&gt;&lt;b&gt;Hit: &lt;/b&gt;1[W] + Strength modifier damage, and you gain resist equal to your Constitution modifier against the target&#x2019;s attacks until the end of your next turn.&lt;/span&gt;
&lt;span class="flavor"&gt;Increase damage to 2[W] + your Strength modifier at 21st level.&lt;/span&gt;
</power_rules_html><power_published_in>Dragon Magazine 382, page(s) 45. </power_published_in><power_dndinsider_id>10331</power_dndinsider_id><formatOutput>1</formatOutput></Power>
