<?xml version="1.0"?>
<Power><power_name>Weapon Master's Gambit</power_name><power_class_and_level>Fighter Attack 7</power_class_and_level><power_flavor>As a master of many weapons, you use this simple attack form as the starting point for expressing your weapon&#x2019;s nature.</power_flavor><power_frequency>Encounter</power_frequency><power_keywords>Martial, Weapon</power_keywords><power_action_type>Standard Action</power_action_type><power_range_and_aoe>Melee weapon</power_range_and_aoe><power_rules>Target: One creature
Effect: Before making this attack, you may sheathe a weapon and draw a different one as a free action.
Attack: Strength vs. AC
Hit: 2[W] + Strength modifier damage. In addition, the target takes an additional effect based on the weapon you wield.
Axe: Up to 2 creatures adjacent to the target take damage equal to your Constitution modifier.
Mace: The target is knocked prone.
Heavy Blade: You gain combat advantage against the target until the end of your next turn.
Spear or Polearm: You slide the target 2 squares and shift 2 squares to a square adjacent to the target.</power_rules><power_rules_html>&lt;span class="flavor"&gt;&lt;b&gt;Target: &lt;/b&gt;One creature&lt;/span&gt;
&lt;span class="flavor"&gt;&lt;b&gt;Effect: &lt;/b&gt;Before making this attack, you may sheathe a weapon and draw a different one as a free action.&lt;/span&gt;
&lt;span class="flavor"&gt;&lt;b&gt;Attack: &lt;/b&gt;Strength vs. AC&lt;/span&gt;
&lt;span class="flavor"&gt;&lt;b&gt;Hit: &lt;/b&gt;2[W] + Strength modifier damage. In addition, the target takes an additional effect based on the weapon you wield.&lt;/span&gt;
&lt;span class="flavor"&gt;&lt;b&gt;Axe: &lt;/b&gt;Up to 2 creatures adjacent to the target take damage equal to your Constitution modifier.&lt;/span&gt;
&lt;span class="flavor"&gt;&lt;b&gt;Mace: &lt;/b&gt;The target is knocked prone.&lt;/span&gt;
&lt;span class="flavor"&gt;&lt;b&gt;Heavy Blade: &lt;/b&gt;You gain combat advantage against the target until the end of your next turn.&lt;/span&gt;
&lt;span class="flavor"&gt;&lt;b&gt;Spear or Polearm: &lt;/b&gt;You slide the target 2 squares and shift 2 squares to a square adjacent to the target.&lt;/span&gt;
</power_rules_html><power_published_in>Dragon Magazine 382, page(s) 46. </power_published_in><power_dndinsider_id>10336</power_dndinsider_id><formatOutput>1</formatOutput></Power>
