<?xml version="1.0"?>
<Power><power_name>Destructive Power</power_name><power_class_and_level>Feat Utility</power_class_and_level><power_flavor>By funneling greater power into your attack, you ensure its effect is not wasted.</power_flavor><power_frequency>Daily</power_frequency><power_keywords></power_keywords><power_action_type>Free Action</power_action_type><power_range_and_aoe>Personal </power_range_and_aoe><power_rules>Trigger: You roll a 1 on any damage die when you hit with an area or close attack power
Effect: You reroll any result of 1 or 2 on a damage die until the die roll is something other than 1 or 2.</power_rules><power_rules_html>&lt;span class="flavor"&gt;&lt;b&gt;Trigger: &lt;/b&gt;You roll a 1 on any damage die when you hit with an area or close attack power&lt;/span&gt;
&lt;span class="flavor"&gt;&lt;b&gt;Effect: &lt;/b&gt;You reroll any result of 1 or 2 on a damage die until the die roll is something other than 1 or 2.&lt;/span&gt;
</power_rules_html><power_published_in>Dragon Magazine 382, page(s) 101. </power_published_in><power_dndinsider_id>10343</power_dndinsider_id><formatOutput>1</formatOutput></Power>
