<?xml version="1.0"?>
<Power><power_name>Explosive Power</power_name><power_class_and_level>Feat Utility</power_class_and_level><power_flavor>Your attack explodes outward in a silent wave of energy, pushing creatures away from your attack&#x2019;s point of origin.</power_flavor><power_frequency>Daily</power_frequency><power_keywords></power_keywords><power_action_type>Free Action</power_action_type><power_range_and_aoe>Personal </power_range_and_aoe><power_rules>Trigger: You hit at least one creature with an area or close attack power
Effect: You push each creature in the burst or blast of the triggering attack power 5 squares away from the attack&#x2019;s origin square. This forced move ends when a creature is no longer within the triggering attack&#x2019;s blast or burst.</power_rules><power_rules_html>&lt;span class="flavor"&gt;&lt;b&gt;Trigger: &lt;/b&gt;You hit at least one creature with an area or close attack power&lt;/span&gt;
&lt;span class="flavor"&gt;&lt;b&gt;Effect: &lt;/b&gt;You push each creature in the burst or blast of the triggering attack power 5 squares away from the attack&#x2019;s origin square. This forced move ends when a creature is no longer within the triggering attack&#x2019;s blast or burst.&lt;/span&gt;
</power_rules_html><power_published_in>Dragon Magazine 382, page(s) 101. </power_published_in><power_dndinsider_id>10344</power_dndinsider_id><formatOutput>1</formatOutput></Power>
