<?xml version="1.0"?>
<Power><power_name>Penetrating Power</power_name><power_class_and_level>Feat Utility</power_class_and_level><power_flavor>You contain the attack&#x2019;s energy in a magical shell so that you can punch through your enemy&#x2019;s resistances.</power_flavor><power_frequency>Encounter</power_frequency><power_keywords></power_keywords><power_action_type>Minor Action</power_action_type><power_range_and_aoe>Personal </power_range_and_aoe><power_rules>Effect: The next ranged, area, or close attack you use before the end of your next turn ignores all resistances, including insubstantial.</power_rules><power_rules_html>&lt;span class="flavor"&gt;&lt;b&gt;Effect: &lt;/b&gt;The next ranged, area, or close attack you use before the end of your next turn ignores all resistances, including insubstantial.&lt;/span&gt;
</power_rules_html><power_published_in>Dragon Magazine 382, page(s) 101. </power_published_in><power_dndinsider_id>10346</power_dndinsider_id><formatOutput>1</formatOutput></Power>
