<?xml version="1.0"?>
<Power><power_name>Seeking Power</power_name><power_class_and_level>Feat Utility</power_class_and_level><power_flavor>Infusing your attack with greater power reduces the risk that intervening obstructions can foil your attack.</power_flavor><power_frequency>Encounter</power_frequency><power_keywords></power_keywords><power_action_type>Minor Action</power_action_type><power_range_and_aoe>Personal </power_range_and_aoe><power_rules>Effect: The next ranged attack roll you make before the end of your next turn ignores all concealment and cover.
Special: If the attack misses, you regain the use of this power.</power_rules><power_rules_html>&lt;span class="flavor"&gt;&lt;b&gt;Effect: &lt;/b&gt;The next ranged attack roll you make before the end of your next turn ignores all concealment and cover.&lt;/span&gt;
&lt;span class="flavor"&gt;&lt;b&gt;Special: &lt;/b&gt;If the attack misses, you regain the use of this power.&lt;/span&gt;
</power_rules_html><power_published_in>Dragon Magazine 382, page(s) 101. </power_published_in><power_dndinsider_id>10347</power_dndinsider_id><formatOutput>1</formatOutput></Power>
