<?xml version="1.0"?>
<Power><power_name>Weapon Master's Tactics</power_name><power_class_and_level>Fighter Attack 17</power_class_and_level><power_flavor>You shift to a new weapon, catching your enemy off guard as your tactics make a dramatic transformation.</power_flavor><power_frequency>Encounter</power_frequency><power_keywords>Martial, Weapon</power_keywords><power_action_type>Standard Action</power_action_type><power_range_and_aoe>Melee weapon</power_range_and_aoe><power_rules>Target: One creature
Effect: Before making this attack, you may sheathe a weapon and draw a different one as a free action.
Attack: Strength vs. AC
Hit: 2[W] + Strength modifier damage.
Axe: All enemies adjacent to you and the target take damage equal to 5 + your Constitution modifier.
Mace: The target is dazed until the end of your next turn.
Heavy Blade: The target&#x2019;s attack penalty due to your mark increases to &#x2013;4 until the end of your next turn.
Spear or Polearm: You slide the target to any other square adjacent to you.</power_rules><power_rules_html>&lt;span class="flavor"&gt;&lt;b&gt;Target: &lt;/b&gt;One creature&lt;/span&gt;
&lt;span class="flavor"&gt;&lt;b&gt;Effect: &lt;/b&gt;Before making this attack, you may sheathe a weapon and draw a different one as a free action.&lt;/span&gt;
&lt;span class="flavor"&gt;&lt;b&gt;Attack: &lt;/b&gt;Strength vs. AC&lt;/span&gt;
&lt;span class="flavor"&gt;&lt;b&gt;Hit: &lt;/b&gt;2[W] + Strength modifier damage.&lt;/span&gt;
&lt;span class="flavor"&gt;&lt;b&gt;Axe: &lt;/b&gt;All enemies adjacent to you and the target take damage equal to 5 + your Constitution modifier.&lt;/span&gt;
&lt;span class="flavor"&gt;&lt;b&gt;Mace: &lt;/b&gt;The target is dazed until the end of your next turn.&lt;/span&gt;
&lt;span class="flavor"&gt;&lt;b&gt;Heavy Blade: &lt;/b&gt;The target&#x2019;s attack penalty due to your mark increases to &#x2013;4 until the end of your next turn.&lt;/span&gt;
&lt;span class="flavor"&gt;&lt;b&gt;Spear or Polearm: &lt;/b&gt;You slide the target to any other square adjacent to you.&lt;/span&gt;
</power_rules_html><power_published_in>Dragon Magazine 382, page(s) 47. </power_published_in><power_dndinsider_id>10340</power_dndinsider_id><formatOutput>1</formatOutput></Power>
