<?xml version="1.0"?>
<Power><power_name>Battering Shield</power_name><power_class_and_level>Fighter Attack 23</power_class_and_level><power_flavor>You hack into your foe, leaving it defenseless for a critical moment. As another foe closes to attack, you ready your shield to deflect the attack into your target.</power_flavor><power_frequency>Encounter</power_frequency><power_keywords>Martial, Weapon</power_keywords><power_action_type>Standard Action</power_action_type><power_range_and_aoe>Melee weapon</power_range_and_aoe><power_rules>Requirement: You must be using a shield.
Target: One creature
Attack: Strength vs. AC
Hit: 2[W] + Strength modifier damage and the target is dazed until the end of your next turn. The next time an attack hits you before the end of your next turn, the target is also hit by that attack if it is adjacent to you. This benefit does not apply to attacks that target both you and your target.</power_rules><power_rules_html>&lt;span class="flavor"&gt;&lt;b&gt;Requirement: &lt;/b&gt;You must be using a shield.&lt;/span&gt;
&lt;span class="flavor"&gt;&lt;b&gt;Target: &lt;/b&gt;One creature&lt;/span&gt;
&lt;span class="flavor"&gt;&lt;b&gt;Attack: &lt;/b&gt;Strength vs. AC&lt;/span&gt;
&lt;span class="flavor"&gt;&lt;b&gt;Hit: &lt;/b&gt;2[W] + Strength modifier damage and the target is dazed until the end of your next turn. The next time an attack hits you before the end of your next turn, the target is also hit by that attack if it is adjacent to you. This benefit does not apply to attacks that target both you and your target.&lt;/span&gt;
</power_rules_html><power_published_in>Dragon Magazine 382, page(s) 47. </power_published_in><power_dndinsider_id>10342</power_dndinsider_id><formatOutput>1</formatOutput></Power>
