<?xml version="1.0"?>
<Power><power_name>Martial Supremacy</power_name><power_class_and_level>Fighter Utility 22</power_class_and_level><power_flavor>Your fighting expertise and experience allow you to use your most familiar attacks with unmatched accuracy.</power_flavor><power_frequency>Encounter</power_frequency><power_keywords>Martial, Stance</power_keywords><power_action_type>Minor Action</power_action_type><power_range_and_aoe>Personal </power_range_and_aoe><power_rules>Effect: Until the stance ends, whenever you use a fighter at-will attack power or basic attack that has the weapon keyword, you may reroll the attack roll. Use the second roll, even if it&#x2019;s lower.
Special: This stance ends if you spend a healing surge. You can end this stance as a free action during your turn.</power_rules><power_rules_html>&lt;span class="flavor"&gt;&lt;b&gt;Effect: &lt;/b&gt;Until the stance ends, whenever you use a fighter at-will attack power or basic attack that has the weapon keyword, you may reroll the attack roll. Use the second roll, even if it&#x2019;s lower.&lt;/span&gt;
&lt;span class="flavor"&gt;&lt;b&gt;Special: &lt;/b&gt;This stance ends if you spend a healing surge. You can end this stance as a free action during your turn.&lt;/span&gt;
</power_rules_html><power_published_in>Dragon Magazine 382, page(s) 47. </power_published_in><power_dndinsider_id>10341</power_dndinsider_id><formatOutput>1</formatOutput></Power>
