<?xml version="1.0"?>
<Power><power_name>Forceful Power</power_name><power_class_and_level>Feat Utility</power_class_and_level><power_flavor>You knock those struck by your attack from their feet.</power_flavor><power_frequency>Daily</power_frequency><power_keywords></power_keywords><power_action_type>Free Action</power_action_type><power_range_and_aoe>Personal </power_range_and_aoe><power_rules>Trigger: You hit at least one creature with an area attack power
Effect: You knock prone each creature you hit with the triggering power.</power_rules><power_rules_html>&lt;span class="flavor"&gt;&lt;b&gt;Trigger: &lt;/b&gt;You hit at least one creature with an area attack power&lt;/span&gt;
&lt;span class="flavor"&gt;&lt;b&gt;Effect: &lt;/b&gt;You knock prone each creature you hit with the triggering power.&lt;/span&gt;
</power_rules_html><power_published_in>Dragon Magazine 382, page(s) 101. </power_published_in><power_dndinsider_id>10345</power_dndinsider_id><formatOutput>1</formatOutput></Power>
