<?xml version="1.0"?>
<Power><power_name>Witch's Reversal</power_name><power_class_and_level>Wizard Utility 10</power_class_and_level><power_flavor>You look at the world with the eyes of the Witch of Fates, then pull the strands that allow you to steal victory from defeat.</power_flavor><power_frequency>Daily</power_frequency><power_keywords>Arcane</power_keywords><power_action_type>Free Action</power_action_type><power_range_and_aoe>Personal </power_range_and_aoe><power_rules>Trigger: You use an arcane attack power and miss with at least two of that power&#x2019;s attack rolls
Effect: You reroll the attack rolls that missed their targets and use the new results.</power_rules><power_rules_html>&lt;span class="flavor"&gt;&lt;b&gt;Trigger: &lt;/b&gt;You use an arcane attack power and miss with at least two of that power&#x2019;s attack rolls&lt;/span&gt;
&lt;span class="flavor"&gt;&lt;b&gt;Effect: &lt;/b&gt;You reroll the attack rolls that missed their targets and use the new results.&lt;/span&gt;
</power_rules_html><power_published_in>Dragon Magazine 382, page(s) 60. </power_published_in><power_dndinsider_id>10354</power_dndinsider_id><formatOutput>1</formatOutput></Power>
