<?xml version="1.0"?>
<Power><power_name>Stride of the Gallant</power_name><power_class_and_level>Swordmage Utility 6</power_class_and_level><power_flavor>With the rush of wind, you blink to your enemy&#x2019;s side, darting around the battlefield in a swirl of sword and spell.</power_flavor><power_frequency>Daily</power_frequency><power_keywords>Arcane, Stance, Teleportation</power_keywords><power_action_type>Minor Action</power_action_type><power_range_and_aoe>Personal </power_range_and_aoe><power_rules>Effect: Until the stance ends, you gain teleport 3 as an additional movement mode, but you must end such teleports adjacent to an enemy.</power_rules><power_rules_html>&lt;span class="flavor"&gt;&lt;b&gt;Effect: &lt;/b&gt;Until the stance ends, you gain teleport 3 as an additional movement mode, but you must end such teleports adjacent to an enemy.&lt;/span&gt;
</power_rules_html><power_published_in>Dragon Magazine 382, page(s) 60. </power_published_in><power_dndinsider_id>10353</power_dndinsider_id><formatOutput>1</formatOutput></Power>
