<?xml version="1.0"?>
<Power><power_name>Blinding Assailant</power_name><power_class_and_level>Darkening Blade Attack 20</power_class_and_level><power_flavor>You strike and dance away, eluding a foe&#x2019;s counterattacks even as you set up your next strike.</power_flavor><power_frequency>Daily</power_frequency><power_keywords>Illusion, Weapon</power_keywords><power_action_type>Standard Action</power_action_type><power_range_and_aoe>Melee weapon</power_range_and_aoe><power_rules>Target: One creature
Attack: Dexterity vs. AC
Hit: 3[W] + Dexterity modifier damage, and you become invisible to the target (save ends).
Miss: Half damage.
Effect: You can shift 1 square. Until the end of the encounter, whenever the target moves or shifts while it is adjacent to you, it takes damage equal to your Dexterity modifier, and you can shift 1 square as a free action.</power_rules><power_rules_html>&lt;span class="flavor"&gt;&lt;b&gt;Target: &lt;/b&gt;One creature&lt;/span&gt;
&lt;span class="flavor"&gt;&lt;b&gt;Attack: &lt;/b&gt;Dexterity vs. AC&lt;/span&gt;
&lt;span class="flavor"&gt;&lt;b&gt;Hit: &lt;/b&gt;3[W] + Dexterity modifier damage, and you become invisible to the target (save ends).&lt;/span&gt;
&lt;span class="flavor"&gt;&lt;b&gt;Miss: &lt;/b&gt;Half damage.&lt;/span&gt;
&lt;span class="flavor"&gt;&lt;b&gt;Effect: &lt;/b&gt;You can shift 1 square. Until the end of the encounter, whenever the target moves or shifts while it is adjacent to you, it takes damage equal to your Dexterity modifier, and you can shift 1 square as a free action.&lt;/span&gt;
</power_rules_html><power_published_in>Dragon Magazine 382, page(s) 70. </power_published_in><power_dndinsider_id>10357</power_dndinsider_id><formatOutput>1</formatOutput></Power>
