<?xml version="1.0"?>
<Power><power_name>Fate's Frayed Thread</power_name><power_class_and_level>Warlock Utility 6</power_class_and_level><power_flavor>With one miss, the fates collude against your enemy, heralding its ultimate doom.</power_flavor><power_frequency>Encounter</power_frequency><power_keywords>Arcane</power_keywords><power_action_type>Immediate Reaction</power_action_type><power_range_and_aoe>Personal </power_range_and_aoe><power_rules>Trigger: An enemy misses you with an attack
Target: The triggering enemy
Effect: You place your Warlock&#x2019;s Curse on the target. Also, until the end of your next turn, the target takes a &#x2013;2 penalty to attack rolls against you and grants combat advantage to you.</power_rules><power_rules_html>&lt;span class="flavor"&gt;&lt;b&gt;Trigger: &lt;/b&gt;An enemy misses you with an attack&lt;/span&gt;
&lt;span class="flavor"&gt;&lt;b&gt;Target: &lt;/b&gt;The triggering enemy&lt;/span&gt;
&lt;span class="flavor"&gt;&lt;b&gt;Effect: &lt;/b&gt;You place your Warlock&#x2019;s Curse on the target. Also, until the end of your next turn, the target takes a &#x2013;2 penalty to attack rolls against you and grants combat advantage to you.&lt;/span&gt;
</power_rules_html><power_published_in>Dragon Magazine 382, page(s) 60. </power_published_in><power_dndinsider_id>10352</power_dndinsider_id><formatOutput>1</formatOutput></Power>
