<?xml version="1.0"?>
<Power><power_name>Vanishing Cut</power_name><power_class_and_level>Darkening Blade Attack 11</power_class_and_level><power_flavor>Your attack slashes the foe, but before it can respond, you disappear into swirling darkness.</power_flavor><power_frequency>Encounter</power_frequency><power_keywords>Illusion, Weapon</power_keywords><power_action_type>Standard Action</power_action_type><power_range_and_aoe>Melee weapon</power_range_and_aoe><power_rules>Target: One creature
Attack: Dexterity vs. AC
Hit: 2[W] + Dexterity modifier damage, and you become invisible to the target until the end of your next turn</power_rules><power_rules_html>&lt;span class="flavor"&gt;&lt;b&gt;Target: &lt;/b&gt;One creature&lt;/span&gt;
&lt;span class="flavor"&gt;&lt;b&gt;Attack: &lt;/b&gt;Dexterity vs. AC&lt;/span&gt;
&lt;span class="flavor"&gt;&lt;b&gt;Hit: &lt;/b&gt;2[W] + Dexterity modifier damage, and you become invisible to the target until the end of your next turn&lt;/span&gt;
</power_rules_html><power_published_in>Dragon Magazine 382, page(s) 70. </power_published_in><power_dndinsider_id>10356</power_dndinsider_id><formatOutput>1</formatOutput></Power>
