<?xml version="1.0"?>
<Power><power_name>Charm of Hearts</power_name><power_class_and_level>Warlock Utility 2</power_class_and_level><power_flavor>Your enemies might not love you, but thanks to this charm crafted by the Prince of Hearts, they do not attack you when you give them the opportunity.</power_flavor><power_frequency>Daily</power_frequency><power_keywords>Arcane, Charm</power_keywords><power_action_type>Minor Action</power_action_type><power_range_and_aoe>Personal </power_range_and_aoe><power_rules>Effect: Until the end of your next turn, you do not provoke opportunity attacks and you gain a +2 power bonus to all defenses.
Sustain Minor: The effect persists.</power_rules><power_rules_html>&lt;span class="flavor"&gt;&lt;b&gt;Effect: &lt;/b&gt;Until the end of your next turn, you do not provoke opportunity attacks and you gain a +2 power bonus to all defenses.&lt;/span&gt;
&lt;span class="flavor"&gt;&lt;b&gt;Sustain Minor: &lt;/b&gt;The effect persists.&lt;/span&gt;
</power_rules_html><power_published_in>Dragon Magazine 382, page(s) 60. </power_published_in><power_dndinsider_id>10351</power_dndinsider_id><formatOutput>1</formatOutput></Power>
