<?xml version="1.0"?>
<Power><power_name>Oath of Urgency</power_name><power_class_and_level>Feat Utility</power_class_and_level><power_flavor>You utter a prayer of need, calling upon your god to bring swift vengeance upon a new foe.</power_flavor><power_frequency>Encounter</power_frequency><power_keywords>Divine</power_keywords><power_action_type>Minor Action</power_action_type><power_range_and_aoe>Personal </power_range_and_aoe><power_rules>Channel Divinity: You can use only one channel divinity power per encounter.
Effect: The current target of your oath of enmity is no longer the target of that power. You regain your oath of enmity power and use it as a free action immediately.</power_rules><power_rules_html>&lt;span class="flavor"&gt;&lt;b&gt;Channel Divinity: &lt;/b&gt;You can use only one channel divinity power per encounter.&lt;/span&gt;
&lt;span class="flavor"&gt;&lt;b&gt;Effect: &lt;/b&gt;The current target of your oath of enmity is no longer the target of that power. You regain your oath of enmity power and use it as a free action immediately.&lt;/span&gt;
</power_rules_html><power_published_in>Dragon Magazine 382, page(s) 40. </power_published_in><power_dndinsider_id>10359</power_dndinsider_id><formatOutput>1</formatOutput></Power>
