<?xml version="1.0"?>
<Power><power_name>Gloaming Shroud</power_name><power_class_and_level>Darkening Blade Utility 12</power_class_and_level><power_flavor>Light flees when shadows envelop you to whisk you to safety.</power_flavor><power_frequency>Encounter</power_frequency><power_keywords>Illusion</power_keywords><power_action_type>Free Action</power_action_type><power_range_and_aoe>Personal </power_range_and_aoe><power_rules>Trigger: You miss with an attack
Effect: You shift 3 squares and gain concealment until the end of your next turn.</power_rules><power_rules_html>&lt;span class="flavor"&gt;&lt;b&gt;Trigger: &lt;/b&gt;You miss with an attack&lt;/span&gt;
&lt;span class="flavor"&gt;&lt;b&gt;Effect: &lt;/b&gt;You shift 3 squares and gain concealment until the end of your next turn.&lt;/span&gt;
</power_rules_html><power_published_in>Dragon Magazine 382, page(s) 70. </power_published_in><power_dndinsider_id>10358</power_dndinsider_id><formatOutput>1</formatOutput></Power>
