<?xml version="1.0"?>
<Power><power_name>Moonstride</power_name><power_class_and_level>Wizard Utility 2</power_class_and_level><power_flavor>This trick of the Maiden of the Moon allows you to take a form of pure moonlight and to evade your enemies with ease.</power_flavor><power_frequency>Encounter</power_frequency><power_keywords>Arcane</power_keywords><power_action_type>Immediate Reaction</power_action_type><power_range_and_aoe>Personal </power_range_and_aoe><power_rules>Trigger: An enemy moves adjacent to you
Effect: You become insubstantial until the end of your next turn. Then you shift 2 squares to a square farther from the triggering enemy.</power_rules><power_rules_html>&lt;span class="flavor"&gt;&lt;b&gt;Trigger: &lt;/b&gt;An enemy moves adjacent to you&lt;/span&gt;
&lt;span class="flavor"&gt;&lt;b&gt;Effect: &lt;/b&gt;You become insubstantial until the end of your next turn. Then you shift 2 squares to a square farther from the triggering enemy.&lt;/span&gt;
</power_rules_html><power_published_in>Dragon Magazine 382, page(s) 60. </power_published_in><power_dndinsider_id>10350</power_dndinsider_id><formatOutput>1</formatOutput></Power>
