<?xml version="1.0"?>
<Power><power_name>Maiden's Waking</power_name><power_class_and_level>Sorcerer Utility 10</power_class_and_level><power_flavor>The Maiden of the Moon rouses you from your languor.</power_flavor><power_frequency>Encounter</power_frequency><power_keywords>Arcane</power_keywords><power_action_type>No Action</power_action_type><power_range_and_aoe>Personal </power_range_and_aoe><power_rules>Trigger: You start your turn stunned, dazed, or unconscious
Effect: You take your turn as though you were not stunned, dazed, or unconscious. At the end of your turn, the effect continues as normal.</power_rules><power_rules_html>&lt;span class="flavor"&gt;&lt;b&gt;Trigger: &lt;/b&gt;You start your turn stunned, dazed, or unconscious&lt;/span&gt;
&lt;span class="flavor"&gt;&lt;b&gt;Effect: &lt;/b&gt;You take your turn as though you were not stunned, dazed, or unconscious. At the end of your turn, the effect continues as normal.&lt;/span&gt;
</power_rules_html><power_published_in>Dragon Magazine 382, page(s) 60. </power_published_in><power_dndinsider_id>10355</power_dndinsider_id><formatOutput>1</formatOutput></Power>
