<?xml version="1.0"?>
<Power><power_name>Spirit Wings</power_name><power_class_and_level>Storm Dragon Utility 12</power_class_and_level><power_flavor>Draconic wind spirits lift you and your allies to carry you through the air.</power_flavor><power_frequency>Encounter</power_frequency><power_keywords>Primal</power_keywords><power_action_type>Move Action</power_action_type><power_range_and_aoe>Personal </power_range_and_aoe><power_rules>Effect: Each ally within 10 squares of you can fly 10 squares as a free action. You fly 10 squares.</power_rules><power_rules_html>&lt;span class="flavor"&gt;&lt;b&gt;Effect: &lt;/b&gt;Each ally within 10 squares of you can fly 10 squares as a free action. You fly 10 squares.&lt;/span&gt;
</power_rules_html><power_published_in>Player's Handbook Races: Dragonborn, page(s) 21. </power_published_in><power_dndinsider_id>10369</power_dndinsider_id><formatOutput>1</formatOutput></Power>
