<?xml version="1.0"?>
<Power><power_name>Draconic Sidestep</power_name><power_class_and_level>Honorable Blade Attack 11</power_class_and_level><power_flavor>As your foes move to flank, you deftly step aside, then engulf them in your dragon breath.</power_flavor><power_frequency>Encounter</power_frequency><power_keywords>Martial</power_keywords><power_action_type>Immediate Reaction</power_action_type><power_range_and_aoe>Personal </power_range_and_aoe><power_rules>Trigger: An enemy moves into a position where it flanks you.
Effect: You shift 1 square and use your dragon breath as a free action, gaining a bonus to the damage roll equal to one-half your level, even if you have already used your dragon breath in this encounter.</power_rules><power_rules_html>&lt;span class="flavor"&gt;&lt;b&gt;Trigger: &lt;/b&gt;An enemy moves into a position where it flanks you.&lt;/span&gt;
&lt;span class="flavor"&gt;&lt;b&gt;Effect: &lt;/b&gt;You shift 1 square and use your dragon breath as a free action, gaining a bonus to the damage roll equal to one-half your level, even if you have already used your dragon breath in this encounter.&lt;/span&gt;
</power_rules_html><power_published_in>Player's Handbook Races: Dragonborn, page(s) 18. </power_published_in><power_dndinsider_id>10364</power_dndinsider_id><formatOutput>1</formatOutput></Power>
