<?xml version="1.0"?>
<Power><power_name>Draconic Leap</power_name><power_class_and_level>Honorable Blade Utility 12</power_class_and_level><power_flavor>No wings appear on your back, but you leap from the ground as if to take flight, and the strength of the dragon within carries you high and far.</power_flavor><power_frequency>Encounter</power_frequency><power_keywords>Martial</power_keywords><power_action_type>Move Action</power_action_type><power_range_and_aoe>Personal </power_range_and_aoe><power_rules>Effect: You fly your speed. This movement does not provoke opportunity attacks.</power_rules><power_rules_html>&lt;span class="flavor"&gt;&lt;b&gt;Effect: &lt;/b&gt;You fly your speed. This movement does not provoke opportunity attacks.&lt;/span&gt;
</power_rules_html><power_published_in>Player's Handbook Races: Dragonborn, page(s) 18. </power_published_in><power_dndinsider_id>10366</power_dndinsider_id><formatOutput>1</formatOutput></Power>
