<?xml version="1.0"?>
<Power><power_name>Platinum Wing Buffet Attack</power_name><power_class_and_level>Platinum Templar Attack 11</power_class_and_level><power_flavor>Platinum-colored, scaly wings spring from your back and carry you aloft.</power_flavor><power_frequency>Encounter</power_frequency><power_keywords>Divine</power_keywords><power_action_type>Minor Action</power_action_type><power_range_and_aoe>Personal </power_range_and_aoe><power_rules>Effect: Until the end of your next turn, you gain a fly speed of 8, and you can hover.
Once before the start of your next turn, you can use the power Platinum Wing Buffet Attack.
Encounter
Divine
Immediate Reaction
Melee
2
Requirement: The power Platinum Wings must be active in order to use this power.
Trigger: An enemy enters or leaves an adjacent square.
Attack: Charisma + 4 vs. Fortitude (+ 6 at 21st level)
Hit: 2d6 + Charisma modifier damage, and you push the target 1 square.</power_rules><power_rules_html>&lt;span class="flavor"&gt;&lt;b&gt;Effect: &lt;/b&gt;Until the end of your next turn, you gain a fly speed of 8, and you can hover.&lt;/span&gt;
&lt;span class="flavor"&gt;Once before the start of your next turn, you can use the power Platinum Wing Buffet Attack.&lt;/span&gt;
&lt;span class="flavor"&gt;Encounter&lt;/span&gt;
&lt;span class="flavor"&gt;Divine&lt;/span&gt;
&lt;span class="flavor"&gt;Immediate Reaction&lt;/span&gt;
&lt;span class="flavor"&gt;Melee&lt;/span&gt;
&lt;span class="flavor"&gt;2&lt;/span&gt;
&lt;span class="flavor"&gt;&lt;b&gt;Requirement: &lt;/b&gt;The power Platinum Wings must be active in order to use this power.&lt;/span&gt;
&lt;span class="flavor"&gt;&lt;b&gt;Trigger: &lt;/b&gt;An enemy enters or leaves an adjacent square.&lt;/span&gt;
&lt;span class="flavor"&gt;&lt;b&gt;Attack: &lt;/b&gt;Charisma + 4 vs. Fortitude (+ 6 at 21st level)&lt;/span&gt;
&lt;span class="flavor"&gt;&lt;b&gt;Hit: &lt;/b&gt;2d6 + Charisma modifier damage, and you push the target 1 square.&lt;/span&gt;
</power_rules_html><power_published_in>Player's Handbook Races: Dragonborn, page(s) 15. </power_published_in><power_dndinsider_id>10360</power_dndinsider_id><formatOutput>1</formatOutput></Power>
