<?xml version="1.0"?>
<Power><power_name>Storm's Rebuke</power_name><power_class_and_level>Storm Dragon Attack 11</power_class_and_level><power_flavor>You spread wings of lightning, knocking your foes away as you take to the air.</power_flavor><power_frequency>Encounter</power_frequency><power_keywords>Lightning, Primal, Thunder</power_keywords><power_action_type>Standard Action</power_action_type><power_range_and_aoe>Close burst 1</power_range_and_aoe><power_rules>Target: Each enemy in the burst
Attack: Wisdom + 4 vs. Reflex
Increase to Wisdom + 6 vs. Reflex at 21st level.
Hit: 2d6 + Wisdom modifier lightning and thunder damage, and you push the target 1 square.
Effect: You can fly your speed.</power_rules><power_rules_html>&lt;span class="flavor"&gt;&lt;b&gt;Target: &lt;/b&gt;Each enemy in the burst&lt;/span&gt;
&lt;span class="flavor"&gt;&lt;b&gt;Attack: &lt;/b&gt;Wisdom + 4 vs. Reflex&lt;/span&gt;
&lt;span class="flavor"&gt;Increase to Wisdom + 6 vs. Reflex at 21st level.&lt;/span&gt;
&lt;span class="flavor"&gt;&lt;b&gt;Hit: &lt;/b&gt;2d6 + Wisdom modifier lightning and thunder damage, and you push the target 1 square.&lt;/span&gt;
&lt;span class="flavor"&gt;&lt;b&gt;Effect: &lt;/b&gt;You can fly your speed.&lt;/span&gt;
</power_rules_html><power_published_in>Player's Handbook Races: Dragonborn, page(s) 21. </power_published_in><power_dndinsider_id>10367</power_dndinsider_id><formatOutput>1</formatOutput></Power>
