<?xml version="1.0"?>
<Power><power_name>Whirling Dragon</power_name><power_class_and_level>Honorable Blade Attack 20</power_class_and_level><power_flavor>You whirl your blade in a circle around you, and elemental power radiates from your weapon to sear your foes.</power_flavor><power_frequency>Daily</power_frequency><power_keywords>Martial, Varies, Weapon</power_keywords><power_action_type>Standard Action</power_action_type><power_range_and_aoe>Close burst 1</power_range_and_aoe><power_rules>Target: Each enemy in the burst
Attack: Strength vs. Reflex
Hit: 3[W] + Strength modifier damage. The damage is the same type you deal with your Draconic Blade.
Miss: Half damage.</power_rules><power_rules_html>&lt;span class="flavor"&gt;&lt;b&gt;Target: &lt;/b&gt;Each enemy in the burst&lt;/span&gt;
&lt;span class="flavor"&gt;&lt;b&gt;Attack: &lt;/b&gt;Strength vs. Reflex&lt;/span&gt;
&lt;span class="flavor"&gt;&lt;b&gt;Hit: &lt;/b&gt;3[W] + Strength modifier damage. The damage is the same type you deal with your Draconic Blade.&lt;/span&gt;
&lt;span class="flavor"&gt;&lt;b&gt;Miss: &lt;/b&gt;Half damage.&lt;/span&gt;
</power_rules_html><power_published_in>Player's Handbook Races: Dragonborn, page(s) 18. </power_published_in><power_dndinsider_id>10365</power_dndinsider_id><formatOutput>1</formatOutput></Power>
