<?xml version="1.0"?>
<Power><power_name>Misty Breath</power_name><power_class_and_level>Platinum Templar Attack 20</power_class_and_level><power_flavor>Emulating Bahamut&#x2019;s breath of silvery vapors, you transform your enemies into harmless mist.</power_flavor><power_frequency>Daily</power_frequency><power_keywords>Cold, Divine, Implement, Polymorph, Zone</power_keywords><power_action_type>Standard Action</power_action_type><power_range_and_aoe>Close blast 5</power_range_and_aoe><power_rules>Target: Each enemy in the blast
Attack: Wisdom or Charisma vs. Reflex
Hit: The target is stunned, weakened, and transformed into fine mist (save ends all). While it is in this mist form, you and your allies can move freely through the target&#x2019;s space.
Effect: The blast creates a zone that lasts until the end of your next turn. A creature that enters the zone or starts its turn there takes 10 cold damage (a creature can take this damage only once per turn). As a move action, you can move the zone 3 squares.
Sustain Minor: The zone persists.</power_rules><power_rules_html>&lt;span class="flavor"&gt;&lt;b&gt;Target: &lt;/b&gt;Each enemy in the blast&lt;/span&gt;
&lt;span class="flavor"&gt;&lt;b&gt;Attack: &lt;/b&gt;Wisdom or Charisma vs. Reflex&lt;/span&gt;
&lt;span class="flavor"&gt;&lt;b&gt;Hit: &lt;/b&gt;The target is stunned, weakened, and transformed into fine mist (save ends all). While it is in this mist form, you and your allies can move freely through the target&#x2019;s space.&lt;/span&gt;
&lt;span class="flavor"&gt;&lt;b&gt;Effect: &lt;/b&gt;The blast creates a zone that lasts until the end of your next turn. A creature that enters the zone or starts its turn there takes 10 cold damage (a creature can take this damage only once per turn). As a move action, you can move the zone 3 squares.&lt;/span&gt;
&lt;span class="flavor"&gt;&lt;b&gt;Sustain Minor: &lt;/b&gt;The zone persists.&lt;/span&gt;
</power_rules_html><power_published_in>Player's Handbook Races: Dragonborn, page(s) 15. </power_published_in><power_dndinsider_id>10361</power_dndinsider_id><formatOutput>1</formatOutput></Power>
