<?xml version="1.0"?>
<Power><power_name>Bahamut's Voice</power_name><power_class_and_level>Platinum Templar Utility 12</power_class_and_level><power_flavor>The words issuing from you belong to no mortal tongue, and they carry the weight of Bahamut&#x2019;s own voice.</power_flavor><power_frequency>Daily</power_frequency><power_keywords>Divine</power_keywords><power_action_type>Minor Action</power_action_type><power_range_and_aoe>Personal </power_range_and_aoe><power_rules>Effect: Until the end of the encounter, you can speak Supernal as if you were a god or angel, such that any creature that has a language can understand your speech. In addition, you gain a +5 bonus to Diplomacy checks and Intimidate checks while speaking Supernal through this power.</power_rules><power_rules_html>&lt;span class="flavor"&gt;&lt;b&gt;Effect: &lt;/b&gt;Until the end of the encounter, you can speak Supernal as if you were a god or angel, such that any creature that has a language can understand your speech. In addition, you gain a +5 bonus to Diplomacy checks and Intimidate checks while speaking Supernal through this power.&lt;/span&gt;
</power_rules_html><power_published_in>Player's Handbook Races: Dragonborn, page(s) 15. </power_published_in><power_dndinsider_id>10363</power_dndinsider_id><formatOutput>1</formatOutput></Power>
