<?xml version="1.0"?>
<Power><power_name>Dragon Storm</power_name><power_class_and_level>Storm Dragon Attack 20</power_class_and_level><power_flavor>Your weapon is the thunder of the storm, and as you call upon it, clouds appear above you. Lightning strikes your foes, and the storm winds buffet enemies and allies alike, allowing you to position them as you please.</power_flavor><power_frequency>Daily</power_frequency><power_keywords>Lightning, Primal, Thunder, Zone</power_keywords><power_action_type>Standard Action</power_action_type><power_range_and_aoe>Close burst 2</power_range_and_aoe><power_rules>Target: Each enemy in the burst
Attack: Strength + 6 vs. Fortitude
Hit: 3d8 + Strength modifier thunder damage.
Effect: The burst creates a zone that lasts until the end of the encounter. An enemy that starts its turn in the zone takes 10 lightning damage. Whenever a creature starts its turn in the zone, you can slide the creature 1 square as an immediate interrupt.
As a move action, you can move the zone 3 squares.</power_rules><power_rules_html>&lt;span class="flavor"&gt;&lt;b&gt;Target: &lt;/b&gt;Each enemy in the burst&lt;/span&gt;
&lt;span class="flavor"&gt;&lt;b&gt;Attack: &lt;/b&gt;Strength + 6 vs. Fortitude&lt;/span&gt;
&lt;span class="flavor"&gt;&lt;b&gt;Hit: &lt;/b&gt;3d8 + Strength modifier thunder damage.&lt;/span&gt;
&lt;span class="flavor"&gt;&lt;b&gt;Effect: &lt;/b&gt;The burst creates a zone that lasts until the end of the encounter. An enemy that starts its turn in the zone takes 10 lightning damage. Whenever a creature starts its turn in the zone, you can slide the creature 1 square as an immediate interrupt.&lt;/span&gt;
&lt;span class="flavor"&gt;As a move action, you can move the zone 3 squares.&lt;/span&gt;
</power_rules_html><power_published_in>Player's Handbook Races: Dragonborn, page(s) 21. </power_published_in><power_dndinsider_id>10368</power_dndinsider_id><formatOutput>1</formatOutput></Power>
