<?xml version="1.0"?>
<Power><power_name>Treetop Lurker</power_name><power_class_and_level>Druid Utility 6</power_class_and_level><power_flavor>You take the form of a treetop creature or another animal or insect that can easily traverse heights, taking to a perch unseen by your enemies.</power_flavor><power_frequency>Daily</power_frequency><power_keywords>Polymorph, Primal</power_keywords><power_action_type>Minor Action</power_action_type><power_range_and_aoe>Personal </power_range_and_aoe><power_rules>Effect: You assume the form of a Tiny or Small beast or insect that can climb to great heights with ease until the end of the encounter, or until you end the effect as a free action. In this form, you gain a climb speed equal to your speed and a +5 power bonus to Stealth checks. Additionally, any time you fall, you treat the distance you fall as being 20 feet shorter for the purposes of determining falling damage. While in this form, you can&#x2019;t attack or use magic items.</power_rules><power_rules_html>&lt;span class="flavor"&gt;&lt;b&gt;Effect: &lt;/b&gt;You assume the form of a Tiny or Small beast or insect that can climb to great heights with ease until the end of the encounter, or until you end the effect as a free action. In this form, you gain a climb speed equal to your speed and a +5 power bonus to Stealth checks. Additionally, any time you fall, you treat the distance you fall as being 20 feet shorter for the purposes of determining falling damage. While in this form, you can&#x2019;t attack or use magic items.&lt;/span&gt;
</power_rules_html><power_published_in>Dragon Magazine 382, page(s) 54. </power_published_in><power_dndinsider_id>10371</power_dndinsider_id><formatOutput>1</formatOutput></Power>
