<?xml version="1.0"?>
<Power><power_name>The Lash's Bite</power_name><power_class_and_level>Warlock Attack 1</power_class_and_level><power_flavor>By focusing your will, you rip vital energy from your enemy and cause it to ache deeply at the resulting loss.</power_flavor><power_frequency>Daily</power_frequency><power_keywords>Arcane, Implement, Psychic</power_keywords><power_action_type>Standard Action</power_action_type><power_range_and_aoe>Ranged 10</power_range_and_aoe><power_rules>Target: One enemy
Attack: Constitution vs. Will
Hit: 3d10 + Constitution modifier psychic damage, and the target loses all immunities and resistances (save ends).
Infernal Pact: The target takes a -2 penalty to the first saving throw against this effect.
Miss: By choosing to take psychic damage equal to 5 + onehalf your level, you do not expend this power and you gain a +4 power bonus to the attack roll with this power against the same target before the end of your next turn. You cannot reduce the damage you take in any way.</power_rules><power_rules_html>&lt;span class="flavor"&gt;&lt;b&gt;Target: &lt;/b&gt;One enemy&lt;/span&gt;
&lt;span class="flavor"&gt;&lt;b&gt;Attack: &lt;/b&gt;Constitution vs. Will&lt;/span&gt;
&lt;span class="flavor"&gt;&lt;b&gt;Hit: &lt;/b&gt;3d10 + Constitution modifier psychic damage, and the target loses all immunities and resistances (save ends).&lt;/span&gt;
&lt;span class="flavor"&gt;&lt;b&gt;Infernal Pact: &lt;/b&gt;The target takes a -2 penalty to the first saving throw against this effect.&lt;/span&gt;
&lt;span class="flavor"&gt;&lt;b&gt;Miss: &lt;/b&gt;By choosing to take psychic damage equal to 5 + onehalf your level, you do not expend this power and you gain a +4 power bonus to the attack roll with this power against the same target before the end of your next turn. You cannot reduce the damage you take in any way.&lt;/span&gt;
</power_rules_html><power_published_in>Dragon Magazine 382, page(s) 49. </power_published_in><power_dndinsider_id>10378</power_dndinsider_id><formatOutput>1</formatOutput></Power>
