<?xml version="1.0"?>
<Power><power_name>Primal Lion</power_name><power_class_and_level>Druid Attack 19</power_class_and_level><power_flavor>Your beast form becomes that of a dire lion, inspiring awe in your allies and fear in your enemies as you roar ferociously.</power_flavor><power_frequency>Daily</power_frequency><power_keywords>Beast Form, Fear, Implement, Primal</power_keywords><power_action_type>Standard Action</power_action_type><power_range_and_aoe>Close burst 5</power_range_and_aoe><power_rules>Target: Each enemy in the burst
Attack: Wisdom vs. Will
Hit: 3d8 + Wisdom modifier damage, and you push the target 1 square. The target is dazed (save ends).
Effect: All allies in the burst gain temporary hit points equal to your 5 + your Constitution modifier. Until the end of the encounter, while in beast form, whenever you hit an enemy adjacent to you with a melee attack, the target grants combat advantage until the end of your next turn.</power_rules><power_rules_html>&lt;span class="flavor"&gt;&lt;b&gt;Target: &lt;/b&gt;Each enemy in the burst&lt;/span&gt;
&lt;span class="flavor"&gt;&lt;b&gt;Attack: &lt;/b&gt;Wisdom vs. Will&lt;/span&gt;
&lt;span class="flavor"&gt;&lt;b&gt;Hit: &lt;/b&gt;3d8 + Wisdom modifier damage, and you push the target 1 square. The target is dazed (save ends).&lt;/span&gt;
&lt;span class="flavor"&gt;&lt;b&gt;Effect: &lt;/b&gt;All allies in the burst gain temporary hit points equal to your 5 + your Constitution modifier. Until the end of the encounter, while in beast form, whenever you hit an enemy adjacent to you with a melee attack, the target grants combat advantage until the end of your next turn.&lt;/span&gt;
</power_rules_html><power_published_in>Dragon Magazine 382, page(s) 55. </power_published_in><power_dndinsider_id>10376</power_dndinsider_id><formatOutput>1</formatOutput></Power>
