<?xml version="1.0"?>
<Power><power_name>Primal Serpent</power_name><power_class_and_level>Druid Attack 9</power_class_and_level><power_flavor>You morph into a dire serpent, and deadly venom infuses your bite. At first, your attack seems trivial, but soon the venom saps your enemy&#x2019;s life away.</power_flavor><power_frequency>Daily</power_frequency><power_keywords>Beast Form, Implement, Poison, Primal</power_keywords><power_action_type>Standard Action</power_action_type><power_range_and_aoe>Melee touch</power_range_and_aoe><power_rules>Target: One creature
Attack: Wisdom vs. Reflex
Hit: 1d10 + Wisdom modifier damage, and ongoing 5 poison damage (save ends).
Miss: Half damage.
Effect: Until the end of the encounter, while you are in beast form, whenever you use an attack with the beast form keyword, you can choose to have that attack gain the poison keyword and deal poison damage instead of its normal damage type. If the attack already deals poison damage, it deals additional poison damage equal to your Constitution modifier.</power_rules><power_rules_html>&lt;span class="flavor"&gt;&lt;b&gt;Target: &lt;/b&gt;One creature&lt;/span&gt;
&lt;span class="flavor"&gt;&lt;b&gt;Attack: &lt;/b&gt;Wisdom vs. Reflex&lt;/span&gt;
&lt;span class="flavor"&gt;&lt;b&gt;Hit: &lt;/b&gt;1d10 + Wisdom modifier damage, and ongoing 5 poison damage (save ends).&lt;/span&gt;
&lt;span class="flavor"&gt;&lt;b&gt;Miss: &lt;/b&gt;Half damage.&lt;/span&gt;
&lt;span class="flavor"&gt;&lt;b&gt;Effect: &lt;/b&gt;Until the end of the encounter, while you are in beast form, whenever you use an attack with the beast form keyword, you can choose to have that attack gain the poison keyword and deal poison damage instead of its normal damage type. If the attack already deals poison damage, it deals additional poison damage equal to your Constitution modifier.&lt;/span&gt;
</power_rules_html><power_published_in>Dragon Magazine 382, page(s) 55. </power_published_in><power_dndinsider_id>10372</power_dndinsider_id><formatOutput>1</formatOutput></Power>
