<?xml version="1.0"?>
<Power><power_name>Primal Panther</power_name><power_class_and_level>Druid Attack 25</power_class_and_level><power_flavor>You transform into a dire panther, striking from the shadows and returning to cover immediately afterward.</power_flavor><power_frequency>Daily</power_frequency><power_keywords>Beast Form, Implement, Primal</power_keywords><power_action_type>Standard Action</power_action_type><power_range_and_aoe>Melee touch</power_range_and_aoe><power_rules>Target: One creature
Effect: Before the attack, you can move up to half your speed.
Attack: Wisdom vs. Reflex
Hit: 5d8 + Wisdom modifier damage, and you can shift 3 squares, after which you are considered to be invisible to the target until the end of your next turn.
Effect: Until the end of the encounter, while you are in beast form, any time you hit a target that grants combat advantage to you by making a melee attack, you shift 1 square and are invisible to the target until the end of your next turn.</power_rules><power_rules_html>&lt;span class="flavor"&gt;&lt;b&gt;Target: &lt;/b&gt;One creature&lt;/span&gt;
&lt;span class="flavor"&gt;&lt;b&gt;Effect: &lt;/b&gt;Before the attack, you can move up to half your speed.&lt;/span&gt;
&lt;span class="flavor"&gt;&lt;b&gt;Attack: &lt;/b&gt;Wisdom vs. Reflex&lt;/span&gt;
&lt;span class="flavor"&gt;&lt;b&gt;Hit: &lt;/b&gt;5d8 + Wisdom modifier damage, and you can shift 3 squares, after which you are considered to be invisible to the target until the end of your next turn.&lt;/span&gt;
&lt;span class="flavor"&gt;&lt;b&gt;Effect: &lt;/b&gt;Until the end of the encounter, while you are in beast form, any time you hit a target that grants combat advantage to you by making a melee attack, you shift 1 square and are invisible to the target until the end of your next turn.&lt;/span&gt;
</power_rules_html><power_published_in>Dragon Magazine 382, page(s) 55. </power_published_in><power_dndinsider_id>10377</power_dndinsider_id><formatOutput>1</formatOutput></Power>
