<?xml version="1.0"?>
<Power><power_name>Primal Boar</power_name><power_class_and_level>Druid Attack 15</power_class_and_level><power_flavor>You become a dire boar, charging headfirst toward your designated foe. You barrel through anyone foolish enough to stand in your path.</power_flavor><power_frequency>Daily</power_frequency><power_keywords>Beast Form, Implement, Primal</power_keywords><power_action_type>Standard Action</power_action_type><power_range_and_aoe>Personal </power_range_and_aoe><power_rules>Effect: Until the end of the encounter, while you are in beast form, you gain +2 speed while charging and gain a bonus to damage rolls with charge attacks equal to your Constitution modifier.
You then charge an enemy of your choice. Any enemy that makes an opportunity attack against you during this charge attack takes 15 damage, and you push that enemy 1 square and knock it prone.</power_rules><power_rules_html>&lt;span class="flavor"&gt;&lt;b&gt;Effect: &lt;/b&gt;Until the end of the encounter, while you are in beast form, you gain +2 speed while charging and gain a bonus to damage rolls with charge attacks equal to your Constitution modifier.&lt;/span&gt;
&lt;span class="flavor"&gt;You then charge an enemy of your choice. Any enemy that makes an opportunity attack against you during this charge attack takes 15 damage, and you push that enemy 1 square and knock it prone.&lt;/span&gt;
</power_rules_html><power_published_in>Dragon Magazine 382, page(s) 55. </power_published_in><power_dndinsider_id>10374</power_dndinsider_id><formatOutput>1</formatOutput></Power>
