<?xml version="1.0"?>
<Power><power_name>Diving Fin</power_name><power_class_and_level>Druid Utility 10</power_class_and_level><power_flavor>You can transform into a small sea creature, using your fins to traverse water as easily as land.</power_flavor><power_frequency>Daily</power_frequency><power_keywords>Polymorph, Primal</power_keywords><power_action_type>Minor Action</power_action_type><power_range_and_aoe>Personal </power_range_and_aoe><power_rules>Effect: You assume the form of a Tiny or Small aquatic beast, such as a fish or eel, until the end of the encounter, or until you end the effect as a free action. In this form, you gain a swim speed equal to your speed and you can breathe underwater. While in this form, you can&#x2019;t attack, move on land, or use magic items.</power_rules><power_rules_html>&lt;span class="flavor"&gt;&lt;b&gt;Effect: &lt;/b&gt;You assume the form of a Tiny or Small aquatic beast, such as a fish or eel, until the end of the encounter, or until you end the effect as a free action. In this form, you gain a swim speed equal to your speed and you can breathe underwater. While in this form, you can&#x2019;t attack, move on land, or use magic items.&lt;/span&gt;
</power_rules_html><power_published_in>Dragon Magazine 382, page(s) 55. </power_published_in><power_dndinsider_id>10373</power_dndinsider_id><formatOutput>1</formatOutput></Power>
