<?xml version="1.0"?>
<Power><power_name>Primal Spider</power_name><power_class_and_level>Druid Attack 5</power_class_and_level><power_flavor>You become a giant spider, shooting sticky webbing at a group of nearby enemies to ensnare them.</power_flavor><power_frequency>Daily</power_frequency><power_keywords>Beast Form, Implement, Poison, Primal</power_keywords><power_action_type>Standard Action</power_action_type><power_range_and_aoe>Area burst 1 within 5 squares</power_range_and_aoe><power_rules>Target: Each creature in the burst
Attack: Wisdom vs. Fortitude
Hit: 2d8 + Wisdom modifier poison damage, and the target is immobilized (save ends).
Miss: Half damage, and the target is slowed until the end of your next turn.
Effect: Until the end of the encounter, while you are in beast form, whenever you hit an enemy with a melee attack, that enemy is slowed until the end of your next turn.</power_rules><power_rules_html>&lt;span class="flavor"&gt;&lt;b&gt;Target: &lt;/b&gt;Each creature in the burst&lt;/span&gt;
&lt;span class="flavor"&gt;&lt;b&gt;Attack: &lt;/b&gt;Wisdom vs. Fortitude&lt;/span&gt;
&lt;span class="flavor"&gt;&lt;b&gt;Hit: &lt;/b&gt;2d8 + Wisdom modifier poison damage, and the target is immobilized (save ends).&lt;/span&gt;
&lt;span class="flavor"&gt;&lt;b&gt;Miss: &lt;/b&gt;Half damage, and the target is slowed until the end of your next turn.&lt;/span&gt;
&lt;span class="flavor"&gt;&lt;b&gt;Effect: &lt;/b&gt;Until the end of the encounter, while you are in beast form, whenever you hit an enemy with a melee attack, that enemy is slowed until the end of your next turn.&lt;/span&gt;
</power_rules_html><power_published_in>Dragon Magazine 382, page(s) 54. </power_published_in><power_dndinsider_id>10370</power_dndinsider_id><formatOutput>1</formatOutput></Power>
