<?xml version="1.0"?>
<Power><power_name>Primal Crocodile</power_name><power_class_and_level>Druid Attack 15</power_class_and_level><power_flavor>You transform into a dire crocodile and snap your powerful jaws onto your foe&#x2019;s legs, making it impossible for it to escape.</power_flavor><power_frequency>Daily</power_frequency><power_keywords>Beast Form, Implement, Primal</power_keywords><power_action_type>Standard Action</power_action_type><power_range_and_aoe>Melee touch</power_range_and_aoe><power_rules>Target: One creature
Attack: Wisdom vs. Fortitude
Hit: 2d10 + Wisdom modifier damage, and the target is grabbed. The target takes a -2 penalty to its rolls to escape this grab.
Miss: Half damage, and the target is grabbed, but does not take the -2 penalty to escape the grab.
Effect: Until the end of the encounter, while you are in beast form, when you hit an adjacent enemy with a melee attack, you grab that enemy. You can have only one creature grabbed at a time.</power_rules><power_rules_html>&lt;span class="flavor"&gt;&lt;b&gt;Target: &lt;/b&gt;One creature&lt;/span&gt;
&lt;span class="flavor"&gt;&lt;b&gt;Attack: &lt;/b&gt;Wisdom vs. Fortitude&lt;/span&gt;
&lt;span class="flavor"&gt;&lt;b&gt;Hit: &lt;/b&gt;2d10 + Wisdom modifier damage, and the target is grabbed. The target takes a -2 penalty to its rolls to escape this grab.&lt;/span&gt;
&lt;span class="flavor"&gt;&lt;b&gt;Miss: &lt;/b&gt;Half damage, and the target is grabbed, but does not take the -2 penalty to escape the grab.&lt;/span&gt;
&lt;span class="flavor"&gt;&lt;b&gt;Effect: &lt;/b&gt;Until the end of the encounter, while you are in beast form, when you hit an adjacent enemy with a melee attack, you grab that enemy. You can have only one creature grabbed at a time.&lt;/span&gt;
</power_rules_html><power_published_in>Dragon Magazine 382, page(s) 55. </power_published_in><power_dndinsider_id>10375</power_dndinsider_id><formatOutput>1</formatOutput></Power>
