<?xml version="1.0"?>
<Power><power_name>Unspeakable Bond</power_name><power_class_and_level>Warlock Utility 6</power_class_and_level><power_flavor>The injury you sustain vanishes and reappears on a nearby ally, and with it comes a cold anger that makes your ally a more dangerous combatant.</power_flavor><power_frequency>Encounter</power_frequency><power_keywords>Arcane</power_keywords><power_action_type>Immediate Interrupt</power_action_type><power_range_and_aoe>Ranged 5</power_range_and_aoe><power_rules>Trigger: You are damaged by an attack
Target: One willing ally
Effect: The target takes the damage from the triggering attack instead of you. You still take any other effects from the attack. The target gains a +2 power bonus to attack rolls and a +5 power bonus to damage rolls until the end of your next turn.
Infernal Pact: The target also gains a +2 power bonus to all defenses until the end of your next turn.</power_rules><power_rules_html>&lt;span class="flavor"&gt;&lt;b&gt;Trigger: &lt;/b&gt;You are damaged by an attack&lt;/span&gt;
&lt;span class="flavor"&gt;&lt;b&gt;Target: &lt;/b&gt;One willing ally&lt;/span&gt;
&lt;span class="flavor"&gt;&lt;b&gt;Effect: &lt;/b&gt;The target takes the damage from the triggering attack instead of you. You still take any other effects from the attack. The target gains a +2 power bonus to attack rolls and a +5 power bonus to damage rolls until the end of your next turn.&lt;/span&gt;
&lt;span class="flavor"&gt;&lt;b&gt;Infernal Pact: &lt;/b&gt;The target also gains a +2 power bonus to all defenses until the end of your next turn.&lt;/span&gt;
</power_rules_html><power_published_in>Dragon Magazine 382, page(s) 50. </power_published_in><power_dndinsider_id>10383</power_dndinsider_id><formatOutput>1</formatOutput></Power>
