<?xml version="1.0"?>
<Power><power_name>Hellsworn Blessing</power_name><power_class_and_level>Warlock Attack 5</power_class_and_level><power_flavor>The words you whisper in an ally&#x2019;s ear transform your companion into a more useful servant.</power_flavor><power_frequency>Daily</power_frequency><power_keywords>Arcane, Polymorph</power_keywords><power_action_type>Standard Action</power_action_type><power_range_and_aoe>Melee touch</power_range_and_aoe><power_rules>Target: One willing ally
Effect: The target assumes the form of a hellsworn until the end of the encounter or until you dismiss the effect as a minor action. While in this form, the target gains darkvision, gains a +2 power bonus to attack rolls, and deals 2d8 extra fire damage with melee attacks.
Infernal Pact: The target also gains resist fire equal to 5 + one-half your level.</power_rules><power_rules_html>&lt;span class="flavor"&gt;&lt;b&gt;Target: &lt;/b&gt;One willing ally&lt;/span&gt;
&lt;span class="flavor"&gt;&lt;b&gt;Effect: &lt;/b&gt;The target assumes the form of a hellsworn until the end of the encounter or until you dismiss the effect as a minor action. While in this form, the target gains darkvision, gains a +2 power bonus to attack rolls, and deals 2d8 extra fire damage with melee attacks.&lt;/span&gt;
&lt;span class="flavor"&gt;&lt;b&gt;Infernal Pact: &lt;/b&gt;The target also gains resist fire equal to 5 + one-half your level.&lt;/span&gt;
</power_rules_html><power_published_in>Dragon Magazine 382, page(s) 50. </power_published_in><power_dndinsider_id>10382</power_dndinsider_id><formatOutput>1</formatOutput></Power>
