<?xml version="1.0"?>
<Power><power_name>Blistering Torrent</power_name><power_class_and_level>Warlock Attack 5</power_class_and_level><power_flavor>As you utter blistering words, your foes feel a dull pain that crescendos into a sharp pain and leaves them unable to hear for a time.</power_flavor><power_frequency>Daily</power_frequency><power_keywords>Arcane, Implement, Necrotic</power_keywords><power_action_type>Standard Action</power_action_type><power_range_and_aoe>Close blast 3</power_range_and_aoe><power_rules>Target: Each creature in the blast
Attack: Constitution vs. Fortitude
Hit: 2d10 + Constitution modifier necrotic damage, and the target is deafened until the end of the encounter.
Infernal Pact: The target is also slowed (save ends).</power_rules><power_rules_html>&lt;span class="flavor"&gt;&lt;b&gt;Target: &lt;/b&gt;Each creature in the blast&lt;/span&gt;
&lt;span class="flavor"&gt;&lt;b&gt;Attack: &lt;/b&gt;Constitution vs. Fortitude&lt;/span&gt;
&lt;span class="flavor"&gt;&lt;b&gt;Hit: &lt;/b&gt;2d10 + Constitution modifier necrotic damage, and the target is deafened until the end of the encounter.&lt;/span&gt;
&lt;span class="flavor"&gt;&lt;b&gt;Infernal Pact: &lt;/b&gt;The target is also slowed (save ends).&lt;/span&gt;
</power_rules_html><power_published_in>Dragon Magazine 382, page(s) 50. </power_published_in><power_dndinsider_id>10381</power_dndinsider_id><formatOutput>1</formatOutput></Power>
