<?xml version="1.0"?>
<Power><power_name>Fleeting Ghost</power_name><power_class_and_level>Rogue Utility 2</power_class_and_level><power_flavor>You are stealthy and fleet of foot at the same time.</power_flavor><power_frequency>At-Will</power_frequency><power_keywords>Martial</power_keywords><power_action_type>Move Action</power_action_type><power_range_and_aoe>Personal </power_range_and_aoe><power_rules>Prerequisite: You must be trained in Stealth.
Effect: You move up to your speed and can make a Stealth check to hide. You take no penalty to the Stealth check for the movement, though you must still meet the normal requirements to hide.</power_rules><power_rules_html>&lt;span class="flavor"&gt;&lt;b&gt;Prerequisite: &lt;/b&gt;You must be trained in Stealth.&lt;/span&gt;
&lt;span class="flavor"&gt;&lt;b&gt;Effect: &lt;/b&gt;You move up to your speed and can make a Stealth check to hide. You take no penalty to the Stealth check for the movement, though you must still meet the normal requirements to hide.&lt;/span&gt;
</power_rules_html><power_published_in>Player's Handbook, page(s) 119, Heroes of the Fallen Lands, page(s) 180, Class Compendium.</power_published_in><power_dndinsider_id>1038</power_dndinsider_id><formatOutput>1</formatOutput></Power>
