<?xml version="1.0"?>
<Power><power_name>Infectious Curse</power_name><power_class_and_level>Warlock Attack 9</power_class_and_level><power_flavor>A hideous glyph burns into your enemy&#x2019;s brow and a vile darkness spreads the curse your enemy now carries to its allies.</power_flavor><power_frequency>Daily</power_frequency><power_keywords>Arcane, Implement</power_keywords><power_action_type>Standard Action</power_action_type><power_range_and_aoe>Ranged 10</power_range_and_aoe><power_rules>Target: One enemy
Attack: Constitution vs. Fortitude
Hit: 2d12 + Constitution modifier damage. Until the end of the encounter, any enemy that starts its turn adjacent to the target gains your Warlock&#x2019;s Curse.
Infernal Pact: You can also slide the target a number of squares equal to your Intelligence modifier.
Miss: By choosing to take psychic damage equal to 5 + one-half your level, you do not expend this power and you gain a +4 power bonus to the attack roll with this power against the same target before the end of your next turn. You cannot reduce the damage you take in any way.</power_rules><power_rules_html>&lt;span class="flavor"&gt;&lt;b&gt;Target: &lt;/b&gt;One enemy&lt;/span&gt;
&lt;span class="flavor"&gt;&lt;b&gt;Attack: &lt;/b&gt;Constitution vs. Fortitude&lt;/span&gt;
&lt;span class="flavor"&gt;&lt;b&gt;Hit: &lt;/b&gt;2d12 + Constitution modifier damage. Until the end of the encounter, any enemy that starts its turn adjacent to the target gains your Warlock&#x2019;s Curse.&lt;/span&gt;
&lt;span class="flavor"&gt;&lt;b&gt;Infernal Pact: &lt;/b&gt;You can also slide the target a number of squares equal to your Intelligence modifier.&lt;/span&gt;
&lt;span class="flavor"&gt;&lt;b&gt;Miss: &lt;/b&gt;By choosing to take psychic damage equal to 5 + one-half your level, you do not expend this power and you gain a +4 power bonus to the attack roll with this power against the same target before the end of your next turn. You cannot reduce the damage you take in any way.&lt;/span&gt;
</power_rules_html><power_published_in>Dragon Magazine 382, page(s) 50. </power_published_in><power_dndinsider_id>10384</power_dndinsider_id><formatOutput>1</formatOutput></Power>
