<?xml version="1.0"?>
<Power><power_name>Hellfire Eruption</power_name><power_class_and_level>Warlock Attack 19</power_class_and_level><power_flavor>Your foe erupts in hellish black flames that boil and writhe, incinerating anyone that comes too close.</power_flavor><power_frequency>Daily</power_frequency><power_keywords>Arcane, Fire, Implement</power_keywords><power_action_type>Standard Action</power_action_type><power_range_and_aoe>Ranged 10</power_range_and_aoe><power_rules>Target: One creature
Attack: Constitution vs. Reflex
Hit: 4d8 + Constitution modifier fire damage, and ongoing 10 fire damage (save ends). While the target has this ongoing fire damage, any creature that starts its turn in a square adjacent to the target takes ongoing 5 fire damage (save ends).
Infernal Pact: The target also takes a &#x2013;2 penalty to attack rolls while it has ongoing damage from this power.
Miss: By choosing to take psychic damage equal to 5 + one-half your level, you do not expend this power and you gain a +4 power bonus to the attack roll with this power against the same target before the end of your next turn. You cannot reduce the damage you take in any way.</power_rules><power_rules_html>&lt;span class="flavor"&gt;&lt;b&gt;Target: &lt;/b&gt;One creature&lt;/span&gt;
&lt;span class="flavor"&gt;&lt;b&gt;Attack: &lt;/b&gt;Constitution vs. Reflex&lt;/span&gt;
&lt;span class="flavor"&gt;&lt;b&gt;Hit: &lt;/b&gt;4d8 + Constitution modifier fire damage, and ongoing 10 fire damage (save ends). While the target has this ongoing fire damage, any creature that starts its turn in a square adjacent to the target takes ongoing 5 fire damage (save ends).&lt;/span&gt;
&lt;span class="flavor"&gt;&lt;b&gt;Infernal Pact: &lt;/b&gt;The target also takes a &#x2013;2 penalty to attack rolls while it has ongoing damage from this power.&lt;/span&gt;
&lt;span class="flavor"&gt;&lt;b&gt;Miss: &lt;/b&gt;By choosing to take psychic damage equal to 5 + one-half your level, you do not expend this power and you gain a +4 power bonus to the attack roll with this power against the same target before the end of your next turn. You cannot reduce the damage you take in any way.&lt;/span&gt;
</power_rules_html><power_published_in>Dragon Magazine 382, page(s) 51. </power_published_in><power_dndinsider_id>10389</power_dndinsider_id><formatOutput>1</formatOutput></Power>
