<?xml version="1.0"?>
<Power><power_name>Brimstone Caress</power_name><power_class_and_level>Warlock Utility 10</power_class_and_level><power_flavor>With a single swift word, you cause an ally to erupt in hellish flames and reappear.</power_flavor><power_frequency>Encounter</power_frequency><power_keywords>Arcane, Fire, Teleportation</power_keywords><power_action_type>Minor Action</power_action_type><power_range_and_aoe>Ranged 10</power_range_and_aoe><power_rules>Target: One ally
Effect: The target takes fire damage equal to half your level and teleports 5 squares.
Infernal Pact: The target gains concealment until the start of your next turn.</power_rules><power_rules_html>&lt;span class="flavor"&gt;&lt;b&gt;Target: &lt;/b&gt;One ally&lt;/span&gt;
&lt;span class="flavor"&gt;&lt;b&gt;Effect: &lt;/b&gt;The target takes fire damage equal to half your level and teleports 5 squares.&lt;/span&gt;
&lt;span class="flavor"&gt;&lt;b&gt;Infernal Pact: &lt;/b&gt;The target gains concealment until the start of your next turn.&lt;/span&gt;
</power_rules_html><power_published_in>Dragon Magazine 382, page(s) 50. </power_published_in><power_dndinsider_id>10385</power_dndinsider_id><formatOutput>1</formatOutput></Power>
