<?xml version="1.0"?>
<Power><power_name>Evil Expulsion</power_name><power_class_and_level>Warlock Attack 15</power_class_and_level><power_flavor>You pronounce your enemy&#x2019;s doom and filthy black tendrils erupt to curse another in your enemy&#x2019;s presence.</power_flavor><power_frequency>Daily</power_frequency><power_keywords>Arcane, Implement, Psychic</power_keywords><power_action_type>Standard Action</power_action_type><power_range_and_aoe>Ranged 10</power_range_and_aoe><power_rules>Target: One creature
Attack: Constitution vs. Reflex
Hit: 4d10 + Constitution modifier psychic damage, and the target falls prone. You can place your Warlock&#x2019;s Curse on any enemy adjacent to the target.
Infernal Pact: You can instead place your Warlock&#x2019;s Curse on any enemy within 3 squares of the target.
Miss: By choosing to take psychic damage equal to 5 + one-halfyour level, you do not expend this  power and you gain a +4 power bonus to the attack roll with this power against the same target before the end of your next turn. You cannot reduce the damage you take in any way.</power_rules><power_rules_html>&lt;span class="flavor"&gt;&lt;b&gt;Target: &lt;/b&gt;One creature&lt;/span&gt;
&lt;span class="flavor"&gt;&lt;b&gt;Attack: &lt;/b&gt;Constitution vs. Reflex&lt;/span&gt;
&lt;span class="flavor"&gt;&lt;b&gt;Hit: &lt;/b&gt;4d10 + Constitution modifier psychic damage, and the target falls prone. You can place your Warlock&#x2019;s Curse on any enemy adjacent to the target.&lt;/span&gt;
&lt;span class="flavor"&gt;&lt;b&gt;Infernal Pact: &lt;/b&gt;You can instead place your Warlock&#x2019;s Curse on any enemy within 3 squares of the target.&lt;/span&gt;
&lt;span class="flavor"&gt;&lt;b&gt;Miss: &lt;/b&gt;By choosing to take psychic damage equal to 5 + one-halfyour level, you do not expend this  power and you gain a +4 power bonus to the attack roll with this power against the same target before the end of your next turn. You cannot reduce the damage you take in any way.&lt;/span&gt;
</power_rules_html><power_published_in>Dragon Magazine 382, page(s) 51. </power_published_in><power_dndinsider_id>10387</power_dndinsider_id><formatOutput>1</formatOutput></Power>
