<?xml version="1.0"?>
<Power><power_name>Blasphemous Utterance</power_name><power_class_and_level>Warlock Attack 15</power_class_and_level><power_flavor>The terrible words you speak toll within the minds of those you wish to harm and cause them to lose some battle proficiency.</power_flavor><power_frequency>Daily</power_frequency><power_keywords>Arcane, Implement, Psychic</power_keywords><power_action_type>Standard Action</power_action_type><power_range_and_aoe>Close burst 3</power_range_and_aoe><power_rules>Target: Each creature in the burst
Attack: Constitution vs. Will
Hit: 2d10 + Constitution modifier psychic damage.
Effect: The target takes a -2 penalty to attack rolls and defenses (save ends).
Infernal Pact: The target also takes vulnerable 5 psychic damage (save ends).</power_rules><power_rules_html>&lt;span class="flavor"&gt;&lt;b&gt;Target: &lt;/b&gt;Each creature in the burst&lt;/span&gt;
&lt;span class="flavor"&gt;&lt;b&gt;Attack: &lt;/b&gt;Constitution vs. Will&lt;/span&gt;
&lt;span class="flavor"&gt;&lt;b&gt;Hit: &lt;/b&gt;2d10 + Constitution modifier psychic damage.&lt;/span&gt;
&lt;span class="flavor"&gt;&lt;b&gt;Effect: &lt;/b&gt;The target takes a -2 penalty to attack rolls and defenses (save ends).&lt;/span&gt;
&lt;span class="flavor"&gt;&lt;b&gt;Infernal Pact: &lt;/b&gt;The target also takes vulnerable 5 psychic damage (save ends).&lt;/span&gt;
</power_rules_html><power_published_in>Dragon Magazine 382, page(s) 50. </power_published_in><power_dndinsider_id>10386</power_dndinsider_id><formatOutput>1</formatOutput></Power>
