<?xml version="1.0"?>
<Power><power_name>Vile Resonance</power_name><power_class_and_level>Warlock Utility 16</power_class_and_level><power_flavor>The words you speak resonant in the area, causing both you and those you have cursed feel wounds more deeply.</power_flavor><power_frequency>Daily</power_frequency><power_keywords>Arcane, Stance</power_keywords><power_action_type>Minor Action</power_action_type><power_range_and_aoe>Personal </power_range_and_aoe><power_rules>Effect: Until the stance ends, you gain vulnerable 5 to all damage, but your Warlock&#x2019;s Curse deals 2d6 extra damage. You can end this stance as a minor action.
Infernal Pact: Until the stance ends, you also slide any enemy you hit with an attack 1 square.</power_rules><power_rules_html>&lt;span class="flavor"&gt;&lt;b&gt;Effect: &lt;/b&gt;Until the stance ends, you gain vulnerable 5 to all damage, but your Warlock&#x2019;s Curse deals 2d6 extra damage. You can end this stance as a minor action.&lt;/span&gt;
&lt;span class="flavor"&gt;&lt;b&gt;Infernal Pact: &lt;/b&gt;Until the stance ends, you also slide any enemy you hit with an attack 1 square.&lt;/span&gt;
</power_rules_html><power_published_in>Dragon Magazine 382, page(s) 51. </power_published_in><power_dndinsider_id>10388</power_dndinsider_id><formatOutput>1</formatOutput></Power>
