<?xml version="1.0"?>
<Power><power_name>Ruinous Phrase</power_name><power_class_and_level>Warlock Utility 2</power_class_and_level><power_flavor>The words that leave your lips resonate within an object, causing it to shatter.</power_flavor><power_frequency>Encounter</power_frequency><power_keywords>Arcane</power_keywords><power_action_type>Standard Action</power_action_type><power_range_and_aoe>Close burst 10</power_range_and_aoe><power_rules>Target: One unattended medium or smaller non-magical, inanimate object in the burst
Effect: If the target has hit points equal to 20 + your level or fewer, you destroy it. Otherwise, you deal it no damage and do not expend this power.
Infernal Pact: The target is destroyed if it has hit points equal to 25 + your level or fewer, instead of 20.</power_rules><power_rules_html>&lt;span class="flavor"&gt;&lt;b&gt;Target: &lt;/b&gt;One unattended medium or smaller non-magical, inanimate object in the burst&lt;/span&gt;
&lt;span class="flavor"&gt;&lt;b&gt;Effect: &lt;/b&gt;If the target has hit points equal to 20 + your level or fewer, you destroy it. Otherwise, you deal it no damage and do not expend this power.&lt;/span&gt;
&lt;span class="flavor"&gt;&lt;b&gt;Infernal Pact: &lt;/b&gt;The target is destroyed if it has hit points equal to 25 + your level or fewer, instead of 20.&lt;/span&gt;
</power_rules_html><power_published_in>Dragon Magazine 382, page(s) 50. </power_published_in><power_dndinsider_id>10380</power_dndinsider_id><formatOutput>1</formatOutput></Power>
