<?xml version="1.0"?>
<Power><power_name>Great Leap</power_name><power_class_and_level>Rogue Utility 2</power_class_and_level><power_flavor>You leap a great distance without a running start.</power_flavor><power_frequency>At-Will</power_frequency><power_keywords>Martial</power_keywords><power_action_type>Move Action</power_action_type><power_range_and_aoe>Personal </power_range_and_aoe><power_rules>Prerequisite: You must have training in Athletics.
Effect: You make an Athletics check to jump. You are considered to have a running start, and the distance of the jump isn&#x2019;t limited by your speed.</power_rules><power_rules_html>&lt;span class="flavor"&gt;&lt;b&gt;Prerequisite: &lt;/b&gt;You must have training in Athletics.&lt;/span&gt;
&lt;span class="flavor"&gt;&lt;b&gt;Effect: &lt;/b&gt;You make an Athletics check to jump. You are considered to have a running start, and the distance of the jump isn&#x2019;t limited by your speed.&lt;/span&gt;
</power_rules_html><power_published_in>Player's Handbook, page(s) 119, Class Compendium.</power_published_in><power_dndinsider_id>1039</power_dndinsider_id><formatOutput>1</formatOutput></Power>
