<?xml version="1.0"?>
<Power><power_name>Allied Terrain</power_name><power_class_and_level>Primal Mapper Utility 12</power_class_and_level><power_flavor>You call upon the local spirits to guide your allies&#x2019; steps.</power_flavor><power_frequency>Daily</power_frequency><power_keywords>Primal</power_keywords><power_action_type>Minor Action</power_action_type><power_range_and_aoe>Personal </power_range_and_aoe><power_rules>Effect: Until the end of your next turn, allies ignore difficult terrain while within 3 squares of you, and enemies treat the space within 3 squares of you as difficult terrain.
Sustain Minor: The effect persists.</power_rules><power_rules_html>&lt;span class="flavor"&gt;&lt;b&gt;Effect: &lt;/b&gt;Until the end of your next turn, allies ignore difficult terrain while within 3 squares of you, and enemies treat the space within 3 squares of you as difficult terrain.&lt;/span&gt;
&lt;span class="flavor"&gt;&lt;b&gt;Sustain Minor: &lt;/b&gt;The effect persists.&lt;/span&gt;
</power_rules_html><power_published_in>Dragon Magazine 382, page(s) 63. </power_published_in><power_dndinsider_id>10393</power_dndinsider_id><formatOutput>1</formatOutput></Power>
