<?xml version="1.0"?>
<Power><power_name>Spider Charmer</power_name><power_class_and_level>Feat Attack</power_class_and_level><power_flavor>You draw upon Lolth&#x2019;s ability to command spiders and drow.</power_flavor><power_frequency>Encounter</power_frequency><power_keywords>Charm, Divine, Implement</power_keywords><power_action_type>Standard Action</power_action_type><power_range_and_aoe>Ranged 10</power_range_and_aoe><power_rules>Channel Divinity: You can use only one channel divinity power per encounter.
Target: One spider or drow
Attack: Intelligence, Wisdom, or Charisma vs. Will
Hit: The target spider or drow is dominated until the end of your next turn.
Requirement: 11th level, drow, Channel Divinity class feature</power_rules><power_rules_html>&lt;span class="flavor"&gt;&lt;b&gt;Channel Divinity: &lt;/b&gt;You can use only one channel divinity power per encounter.&lt;/span&gt;
&lt;span class="flavor"&gt;&lt;b&gt;Target: &lt;/b&gt;One spider or drow&lt;/span&gt;
&lt;span class="flavor"&gt;&lt;b&gt;Attack: &lt;/b&gt;Intelligence, Wisdom, or Charisma vs. Will&lt;/span&gt;
&lt;span class="flavor"&gt;&lt;b&gt;Hit: &lt;/b&gt;The target spider or drow is dominated until the end of your next turn.&lt;/span&gt;
&lt;span class="flavor"&gt;&lt;b&gt;Requirement: &lt;/b&gt;11th level, drow, Channel Divinity class feature&lt;/span&gt;
</power_rules_html><power_published_in>Dragon Magazine 382, page(s) 67. </power_published_in><power_dndinsider_id>10396</power_dndinsider_id><formatOutput>1</formatOutput></Power>
