<?xml version="1.0"?>
<Power><power_name>Traveler's Celerity</power_name><power_class_and_level>Feat Utility</power_class_and_level><power_flavor>The Traveler blesses those in a bind with an easy escape and fleet feet. Those who fail to make use of this gift suffer for it.</power_flavor><power_frequency>Encounter</power_frequency><power_keywords>Divine</power_keywords><power_action_type>Minor Action</power_action_type><power_range_and_aoe>Close burst 5</power_range_and_aoe><power_rules>Channel Divinity: You can only use one Channel Divinity power per encounter.
Effect: The target gains a +2 bonus to speed until the end of your next turn, and it can make a saving throw against each slowed, immobilized, or restrained effect. If the target saves, the condition ends even if a save doesn&#x2019;t normally end the condition.</power_rules><power_rules_html>&lt;span class="flavor"&gt;&lt;b&gt;Channel Divinity: &lt;/b&gt;You can only use one Channel Divinity power per encounter.&lt;/span&gt;
&lt;span class="flavor"&gt;&lt;b&gt;Effect: &lt;/b&gt;The target gains a +2 bonus to speed until the end of your next turn, and it can make a saving throw against each slowed, immobilized, or restrained effect. If the target saves, the condition ends even if a save doesn&#x2019;t normally end the condition.&lt;/span&gt;
</power_rules_html><power_published_in>Dragon Magazine 382, page(s) 71. </power_published_in><power_dndinsider_id>10397</power_dndinsider_id><formatOutput>1</formatOutput></Power>
