<?xml version="1.0"?>
<Power><power_name>Traveler's Mummery</power_name><power_class_and_level>Traveler's Harlequin Attack 11</power_class_and_level><power_flavor>Your free spirit swells outward as you mock your foes and caper about the area. They follow your pantomime like puppets, and your allies follow them.</power_flavor><power_frequency>Encounter</power_frequency><power_keywords>Charm, Divine, Psychic</power_keywords><power_action_type>Standard Action</power_action_type><power_range_and_aoe>Close burst 2</power_range_and_aoe><power_rules>Effect: Before the attack, you shift 2 squares.
Target: Each enemy in the burst
Attack: Your highest ability + 6 vs. Will
Level 21: Your highest ability + 9 vs. Will
Hit: 2d6 + your highest ability modifier psychic damage, and you slide the target 2 squares, and one ally in the burst can shift 2 squares.</power_rules><power_rules_html>&lt;span class="flavor"&gt;&lt;b&gt;Effect: &lt;/b&gt;Before the attack, you shift 2 squares.&lt;/span&gt;
&lt;span class="flavor"&gt;&lt;b&gt;Target: &lt;/b&gt;Each enemy in the burst&lt;/span&gt;
&lt;span class="flavor"&gt;&lt;b&gt;Attack: &lt;/b&gt;Your highest ability + 6 vs. Will&lt;/span&gt;
&lt;span class="flavor"&gt;Level 21: Your highest ability + 9 vs. Will&lt;/span&gt;
&lt;span class="flavor"&gt;&lt;b&gt;Hit: &lt;/b&gt;2d6 + your highest ability modifier psychic damage, and you slide the target 2 squares, and one ally in the burst can shift 2 squares.&lt;/span&gt;
</power_rules_html><power_published_in>Dragon Magazine 382, page(s) 72. </power_published_in><power_dndinsider_id>10398</power_dndinsider_id><formatOutput>1</formatOutput></Power>
