<?xml version="1.0"?>
<Power><power_name>Lugos's Hunt</power_name><power_class_and_level>Primal Mapper Attack 20</power_class_and_level><power_flavor>You spill your foe&#x2019;s blood on the ground, fixing your enemy on your internal landscape so that hiding is impossible.</power_flavor><power_frequency>Daily</power_frequency><power_keywords>Primal</power_keywords><power_action_type>Free Action</power_action_type><power_range_and_aoe>Personal </power_range_and_aoe><power_rules>Trigger: You make an attack roll for an at-will power
Effect: If your attack hits its target, the target takes 4d10 extra damage. Until the end of the encounter, you ignore penalties to attack rolls against the target from concealment or total concealment if you have line of sight to the target.</power_rules><power_rules_html>&lt;span class="flavor"&gt;&lt;b&gt;Trigger: &lt;/b&gt;You make an attack roll for an at-will power&lt;/span&gt;
&lt;span class="flavor"&gt;&lt;b&gt;Effect: &lt;/b&gt;If your attack hits its target, the target takes 4d10 extra damage. Until the end of the encounter, you ignore penalties to attack rolls against the target from concealment or total concealment if you have line of sight to the target.&lt;/span&gt;
</power_rules_html><power_published_in>Dragon Magazine 382, page(s) 63. </power_published_in><power_dndinsider_id>10392</power_dndinsider_id><formatOutput>1</formatOutput></Power>
