<?xml version="1.0"?>
<Power><power_name>Shape of the Traveler</power_name><power_class_and_level>Traveler's Harlequin Utility 12</power_class_and_level><power_flavor>They say the Traveler walks the world unrecognized because it can appear as anyone. You can do much the same.</power_flavor><power_frequency>Encounter</power_frequency><power_keywords>Divine, Polymorph</power_keywords><power_action_type>Minor Action</power_action_type><power_range_and_aoe>Personal </power_range_and_aoe><power_rules>Effect: You alter your physical form to take on the appearance of any humanoid of Small or Medium size. Your clothing and equipment change size to fit you, but your statistics do not change. The new form lasts until you return to your natural form as a minor action or use this power again. Any creature that attempts to see through your ruse makes an Insight check opposed by your Bluff check, and you gain a +5 bonus to your check.</power_rules><power_rules_html>&lt;span class="flavor"&gt;&lt;b&gt;Effect: &lt;/b&gt;You alter your physical form to take on the appearance of any humanoid of Small or Medium size. Your clothing and equipment change size to fit you, but your statistics do not change. The new form lasts until you return to your natural form as a minor action or use this power again. Any creature that attempts to see through your ruse makes an Insight check opposed by your Bluff check, and you gain a +5 bonus to your check.&lt;/span&gt;
</power_rules_html><power_published_in>Dragon Magazine 382, page(s) 72. </power_published_in><power_dndinsider_id>10399</power_dndinsider_id><formatOutput>1</formatOutput></Power>
