<?xml version="1.0"?>
<Power><power_name>Pale Wolf's Lure</power_name><power_class_and_level>Primal Mapper Attack 11</power_class_and_level><power_flavor>You visualize your strike tracing a path to the hunting grounds of the pale wolves, and the scent of your foe draws the predators to follow.</power_flavor><power_frequency>Encounter</power_frequency><power_keywords>Conjuration, Primal</power_keywords><power_action_type>Free Action</power_action_type><power_range_and_aoe>Personal </power_range_and_aoe><power_rules>Trigger: You make an attack roll for an at-will power
Effect: If your attack hits its target, the target takes 2d10 extra damage and you conjure a pale wolf that occupies one square adjacent to the target until the end of your next turn. Any enemy that moves out of a square adjacent to the wolf takes 5 damage.</power_rules><power_rules_html>&lt;span class="flavor"&gt;&lt;b&gt;Trigger: &lt;/b&gt;You make an attack roll for an at-will power&lt;/span&gt;
&lt;span class="flavor"&gt;&lt;b&gt;Effect: &lt;/b&gt;If your attack hits its target, the target takes 2d10 extra damage and you conjure a pale wolf that occupies one square adjacent to the target until the end of your next turn. Any enemy that moves out of a square adjacent to the wolf takes 5 damage.&lt;/span&gt;
</power_rules_html><power_published_in>Dragon Magazine 382, page(s) 63. </power_published_in><power_dndinsider_id>10391</power_dndinsider_id><formatOutput>1</formatOutput></Power>
