<?xml version="1.0"?>
<Power><power_name>Drow Ecclesiastic</power_name><power_class_and_level>Feat Utility</power_class_and_level><power_flavor>Lolth punishes those who escape her wiles.</power_flavor><power_frequency>Encounter</power_frequency><power_keywords>Divine, Poison</power_keywords><power_action_type>Immediate Reaction</power_action_type><power_range_and_aoe>Ranged 5</power_range_and_aoe><power_rules>Channel Divinity: You can use only one channel divinity power per encounter.
Trigger: An enemy within range succeeds on a saving throw to end a condition
Effect: The target takes ongoing 5 poison damage (save ends).
Requirement: Drow, Channel Divinity class feature</power_rules><power_rules_html>&lt;span class="flavor"&gt;&lt;b&gt;Channel Divinity: &lt;/b&gt;You can use only one channel divinity power per encounter.&lt;/span&gt;
&lt;span class="flavor"&gt;&lt;b&gt;Trigger: &lt;/b&gt;An enemy within range succeeds on a saving throw to end a condition&lt;/span&gt;
&lt;span class="flavor"&gt;&lt;b&gt;Effect: &lt;/b&gt;The target takes ongoing 5 poison damage (save ends).&lt;/span&gt;
&lt;span class="flavor"&gt;&lt;b&gt;Requirement: &lt;/b&gt;Drow, Channel Divinity class feature&lt;/span&gt;
</power_rules_html><power_published_in>Dragon Magazine 382, page(s) 67. </power_published_in><power_dndinsider_id>10395</power_dndinsider_id><formatOutput>1</formatOutput></Power>
