<?xml version="1.0"?>
<Power><power_name>Divine Resistance</power_name><power_class_and_level>Avatar of Io Utility 26</power_class_and_level><power_flavor>Summoning the divine spark within you, you shrug off what might have been a debilitating effect.</power_flavor><power_frequency>Encounter</power_frequency><power_keywords></power_keywords><power_action_type>No Action</power_action_type><power_range_and_aoe>Personal </power_range_and_aoe><power_rules>Trigger: An attack applies an effect to you that a save can end
Effect: Make a saving throw against the triggering effect.</power_rules><power_rules_html>&lt;span class="flavor"&gt;&lt;b&gt;Trigger: &lt;/b&gt;An attack applies an effect to you that a save can end&lt;/span&gt;
&lt;span class="flavor"&gt;&lt;b&gt;Effect: &lt;/b&gt;Make a saving throw against the triggering effect.&lt;/span&gt;
</power_rules_html><power_published_in>Player's Handbook Races: Dragonborn, page(s) 32. </power_published_in><power_dndinsider_id>10390</power_dndinsider_id><formatOutput>1</formatOutput></Power>
