<?xml version="1.0"?>
<Power><power_name>Blade of Repulsion</power_name><power_class_and_level>Avenger Attack 9</power_class_and_level><power_flavor>You guarantee that none who approach you can get in the way of your sworn oath.</power_flavor><power_frequency>Daily</power_frequency><power_keywords>Divine, Weapon</power_keywords><power_action_type>Standard Action</power_action_type><power_range_and_aoe>Melee weapon</power_range_and_aoe><power_rules>Target: One creature
Attack: Wisdom vs. AC
Hit: 3[W] + Wisdom modifier damage.
Miss: Half damage.
Effect: Until the end of the encounter, when any enemy that is not your oath of enmity target ends its turn adjacent to you, you can push that enemy 3 squares as a free action. In addition, if the target of your oath of enmity ends its turn adjacent to you, it is slowed until the end of its next turn.</power_rules><power_rules_html>&lt;span class="flavor"&gt;&lt;b&gt;Target: &lt;/b&gt;One creature&lt;/span&gt;
&lt;span class="flavor"&gt;&lt;b&gt;Attack: &lt;/b&gt;Wisdom vs. AC&lt;/span&gt;
&lt;span class="flavor"&gt;&lt;b&gt;Hit: &lt;/b&gt;3[W] + Wisdom modifier damage.&lt;/span&gt;
&lt;span class="flavor"&gt;&lt;b&gt;Miss: &lt;/b&gt;Half damage.&lt;/span&gt;
&lt;span class="flavor"&gt;&lt;b&gt;Effect: &lt;/b&gt;Until the end of the encounter, when any enemy that is not your oath of enmity target ends its turn adjacent to you, you can push that enemy 3 squares as a free action. In addition, if the target of your oath of enmity ends its turn adjacent to you, it is slowed until the end of its next turn.&lt;/span&gt;
</power_rules_html><power_published_in>Dragon Magazine 382, page(s) 43. </power_published_in><power_dndinsider_id>10406</power_dndinsider_id><formatOutput>1</formatOutput></Power>
