<?xml version="1.0"?>
<Power><power_name>Master of Deceit</power_name><power_class_and_level>Rogue Utility 2</power_class_and_level><power_flavor>The line between truth and deception is thin, and you cross it with ease.</power_flavor><power_frequency>Encounter</power_frequency><power_keywords>Martial</power_keywords><power_action_type>Free Action</power_action_type><power_range_and_aoe>Personal </power_range_and_aoe><power_rules>Prerequisite: You must have training in Bluff.
Trigger: You make a Bluff check and dislike the result.
Effect: You reroll the Bluff check and must use the second result.</power_rules><power_rules_html>&lt;span class="flavor"&gt;&lt;b&gt;Prerequisite: &lt;/b&gt;You must have training in Bluff.&lt;/span&gt;
&lt;span class="flavor"&gt;&lt;b&gt;Trigger: &lt;/b&gt;You make a Bluff check and dislike the result.&lt;/span&gt;
&lt;span class="flavor"&gt;&lt;b&gt;Effect: &lt;/b&gt;You reroll the Bluff check and must use the second result.&lt;/span&gt;
</power_rules_html><power_published_in>Player's Handbook, page(s) 119, Class Compendium.</power_published_in><power_dndinsider_id>1040</power_dndinsider_id><formatOutput>1</formatOutput></Power>
