<?xml version="1.0"?>
<Power><power_name>Relentless Stride</power_name><power_class_and_level>Avenger Attack 3</power_class_and_level><power_flavor>You perform miracles and walk through the air to ensure that your enemy does not escape your vengeance.</power_flavor><power_frequency>Encounter</power_frequency><power_keywords>Divine, Teleportation, Weapon</power_keywords><power_action_type>Immediate Reaction</power_action_type><power_range_and_aoe>Melee weapon</power_range_and_aoe><power_rules>Trigger: Your oath of enmity target ends its turn within 5 squares of you but is not adjacent to you
Censure of Pursuit: The triggering enemy must be within 10 squares of you instead of 5.
Target: The triggering enemy
Effect: Before the attack, you teleport to a square adjacent to the target.
Attack: Wisdom vs. AC
Hit: 1[W] + Wisdom modifier damage.</power_rules><power_rules_html>&lt;span class="flavor"&gt;&lt;b&gt;Trigger: &lt;/b&gt;Your oath of enmity target ends its turn within 5 squares of you but is not adjacent to you&lt;/span&gt;
&lt;span class="flavor"&gt;&lt;b&gt;Censure of Pursuit: &lt;/b&gt;The triggering enemy must be within 10 squares of you instead of 5.&lt;/span&gt;
&lt;span class="flavor"&gt;&lt;b&gt;Target: &lt;/b&gt;The triggering enemy&lt;/span&gt;
&lt;span class="flavor"&gt;&lt;b&gt;Effect: &lt;/b&gt;Before the attack, you teleport to a square adjacent to the target.&lt;/span&gt;
&lt;span class="flavor"&gt;&lt;b&gt;Attack: &lt;/b&gt;Wisdom vs. AC&lt;/span&gt;
&lt;span class="flavor"&gt;&lt;b&gt;Hit: &lt;/b&gt;1[W] + Wisdom modifier damage.&lt;/span&gt;
</power_rules_html><power_published_in>Dragon Magazine 382, page(s) 43. </power_published_in><power_dndinsider_id>10403</power_dndinsider_id><formatOutput>1</formatOutput></Power>
