<?xml version="1.0"?>
<Power><power_name>Haunting Step</power_name><power_class_and_level>Avenger Attack 17</power_class_and_level><power_flavor>You let nothing stand in the way of reaching your enemies, especially when they threaten your allies.</power_flavor><power_frequency>Encounter</power_frequency><power_keywords>Divine, Teleportation, Weapon</power_keywords><power_action_type>Standard Action</power_action_type><power_range_and_aoe>Melee weapon</power_range_and_aoe><power_rules>Effect: Before making this attack, shift up to your speed +2.
Censure of Unity: If your oath of enmity target is within 10 squares of you and adjacent to one of your allies, teleport into any unoccupied square adjacent to the target instead of shifting.
Target: Your oath of enmity target
Attack: Wisdom vs. AC
Hit: 3[W] + Wisdom modifier damage.</power_rules><power_rules_html>&lt;span class="flavor"&gt;&lt;b&gt;Effect: &lt;/b&gt;Before making this attack, shift up to your speed +2.&lt;/span&gt;
&lt;span class="flavor"&gt;&lt;b&gt;Censure of Unity: &lt;/b&gt;If your oath of enmity target is within 10 squares of you and adjacent to one of your allies, teleport into any unoccupied square adjacent to the target instead of shifting.&lt;/span&gt;
&lt;span class="flavor"&gt;&lt;b&gt;Target: &lt;/b&gt;Your oath of enmity target&lt;/span&gt;
&lt;span class="flavor"&gt;&lt;b&gt;Attack: &lt;/b&gt;Wisdom vs. AC&lt;/span&gt;
&lt;span class="flavor"&gt;&lt;b&gt;Hit: &lt;/b&gt;3[W] + Wisdom modifier damage.&lt;/span&gt;
</power_rules_html><power_published_in>Dragon Magazine 382, page(s) 44. </power_published_in><power_dndinsider_id>10409</power_dndinsider_id><formatOutput>1</formatOutput></Power>
