<?xml version="1.0"?>
<Power><power_name>Lifedrinking Covenant</power_name><power_class_and_level>Avenger Attack 13</power_class_and_level><power_flavor>You bind your enemy&#x2019;s spirit in a pact with the forces of death, promising to send it to the afterlife one way or another.</power_flavor><power_frequency>Encounter</power_frequency><power_keywords>Divine, Implement, Necrotic</power_keywords><power_action_type>Standard Action</power_action_type><power_range_and_aoe>Ranged 5</power_range_and_aoe><power_rules>Target: One creature
Effect: If the target is your oath of enmity target, you can roll twice on this attack and use either result.
Attack: Wisdom vs. Will
Hit: 3d8 + Wisdom modifier necrotic damage, and until the end of your next turn the target takes 5 necrotic damage for each square it moves.</power_rules><power_rules_html>&lt;span class="flavor"&gt;&lt;b&gt;Target: &lt;/b&gt;One creature&lt;/span&gt;
&lt;span class="flavor"&gt;&lt;b&gt;Effect: &lt;/b&gt;If the target is your oath of enmity target, you can roll twice on this attack and use either result.&lt;/span&gt;
&lt;span class="flavor"&gt;&lt;b&gt;Attack: &lt;/b&gt;Wisdom vs. Will&lt;/span&gt;
&lt;span class="flavor"&gt;&lt;b&gt;Hit: &lt;/b&gt;3d8 + Wisdom modifier necrotic damage, and until the end of your next turn the target takes 5 necrotic damage for each square it moves.&lt;/span&gt;
</power_rules_html><power_published_in>Dragon Magazine 382, page(s) 43. </power_published_in><power_dndinsider_id>10407</power_dndinsider_id><formatOutput>1</formatOutput></Power>
