<?xml version="1.0"?>
<Power><power_name>Glaring Admonition</power_name><power_class_and_level>Avenger Attack 5</power_class_and_level><power_flavor>Your oath binds itself to your foe, serving as a reproach that calls out for divine retribution.</power_flavor><power_frequency>Daily</power_frequency><power_keywords>Divine, Implement, Radiant</power_keywords><power_action_type>Standard Action</power_action_type><power_range_and_aoe>Ranged 5</power_range_and_aoe><power_rules>Target: Your oath of enmity target
Attack: Wisdom vs. Will
Hit: 3d8 + Wisdom modifier radiant damage, and the target takes a &#x2013;2 penalty to all defenses against divine attack powers (save ends).
Miss: Half damage and the target takes a &#x2013;2 penalty to all defenses against divine attack powers until the end of your next turn.
Effect: Until the end of the encounter, when you use an avenger implement attack power against the target of your oath of enmity, you can benefit from your oath of enmity as though you were making a melee attack and the target were adjacent to you.</power_rules><power_rules_html>&lt;span class="flavor"&gt;&lt;b&gt;Target: &lt;/b&gt;Your oath of enmity target&lt;/span&gt;
&lt;span class="flavor"&gt;&lt;b&gt;Attack: &lt;/b&gt;Wisdom vs. Will&lt;/span&gt;
&lt;span class="flavor"&gt;&lt;b&gt;Hit: &lt;/b&gt;3d8 + Wisdom modifier radiant damage, and the target takes a &#x2013;2 penalty to all defenses against divine attack powers (save ends).&lt;/span&gt;
&lt;span class="flavor"&gt;&lt;b&gt;Miss: &lt;/b&gt;Half damage and the target takes a &#x2013;2 penalty to all defenses against divine attack powers until the end of your next turn.&lt;/span&gt;
&lt;span class="flavor"&gt;&lt;b&gt;Effect: &lt;/b&gt;Until the end of the encounter, when you use an avenger implement attack power against the target of your oath of enmity, you can benefit from your oath of enmity as though you were making a melee attack and the target were adjacent to you.&lt;/span&gt;
</power_rules_html><power_published_in>Dragon Magazine 382, page(s) 43. </power_published_in><power_dndinsider_id>10404</power_dndinsider_id><formatOutput>1</formatOutput></Power>
