<?xml version="1.0"?>
<Power><power_name>Seeking Brand</power_name><power_class_and_level>Avenger Attack 1</power_class_and_level><power_flavor>You refuse to let your enemies escape you, scorching a brand upon your sworn foe that is drawn to the power of your oath.</power_flavor><power_frequency>Encounter</power_frequency><power_keywords>Divine, Implement, Radiant</power_keywords><power_action_type>Standard Action</power_action_type><power_range_and_aoe>Ranged 5</power_range_and_aoe><power_rules>Target: One creature
Effect: If the target is your oath of enmity target, you can roll twice on this attack and use either result.
Attack: Wisdom vs. Reflex
Hit: 2d8 + Wisdom modifier radiant damage, and the target is slowed until the end of your next turn.</power_rules><power_rules_html>&lt;span class="flavor"&gt;&lt;b&gt;Target: &lt;/b&gt;One creature&lt;/span&gt;
&lt;span class="flavor"&gt;&lt;b&gt;Effect: &lt;/b&gt;If the target is your oath of enmity target, you can roll twice on this attack and use either result.&lt;/span&gt;
&lt;span class="flavor"&gt;&lt;b&gt;Attack: &lt;/b&gt;Wisdom vs. Reflex&lt;/span&gt;
&lt;span class="flavor"&gt;&lt;b&gt;Hit: &lt;/b&gt;2d8 + Wisdom modifier radiant damage, and the target is slowed until the end of your next turn.&lt;/span&gt;
</power_rules_html><power_published_in>Dragon Magazine 382, page(s) 42. </power_published_in><power_dndinsider_id>10400</power_dndinsider_id><formatOutput>1</formatOutput></Power>
