<?xml version="1.0"?>
<Power><power_name>No Respite</power_name><power_class_and_level>Avenger Attack 7</power_class_and_level><power_flavor>You force away the chaff that is your enemy&#x2019;s allies with divine energy, leaving no one to interfere with your pursuit of vengeance.</power_flavor><power_frequency>Encounter</power_frequency><power_keywords>Divine, Weapon</power_keywords><power_action_type>Standard Action</power_action_type><power_range_and_aoe>Melee weapon</power_range_and_aoe><power_rules>Effect: Before making this attack, you push each enemy adjacent to you other than your oath of enmity target 3 squares, but not into a square that causes the creature to make a saving throw or take damage or another negative effect.
Target: Your oath of enmity target
Attack: Wisdom vs. AC
Hit: 2[W] + Wisdom modifier damage.</power_rules><power_rules_html>&lt;span class="flavor"&gt;&lt;b&gt;Effect: &lt;/b&gt;Before making this attack, you push each enemy adjacent to you other than your oath of enmity target 3 squares, but not into a square that causes the creature to make a saving throw or take damage or another negative effect.&lt;/span&gt;
&lt;span class="flavor"&gt;&lt;b&gt;Target: &lt;/b&gt;Your oath of enmity target&lt;/span&gt;
&lt;span class="flavor"&gt;&lt;b&gt;Attack: &lt;/b&gt;Wisdom vs. AC&lt;/span&gt;
&lt;span class="flavor"&gt;&lt;b&gt;Hit: &lt;/b&gt;2[W] + Wisdom modifier damage.&lt;/span&gt;
</power_rules_html><power_published_in>Dragon Magazine 382, page(s) 43. </power_published_in><power_dndinsider_id>10405</power_dndinsider_id><formatOutput>1</formatOutput></Power>
