<?xml version="1.0"?>
<Power><power_name>Avenging Shackles</power_name><power_class_and_level>Avenger Attack 1</power_class_and_level><power_flavor>Your prayers call for your enemy to stumble before you, and your enemy is bathed in radiant light that sears like fire.</power_flavor><power_frequency>At-Will</power_frequency><power_keywords>Divine, Implement, Radiant</power_keywords><power_action_type>Standard Action</power_action_type><power_range_and_aoe>Ranged 5</power_range_and_aoe><power_rules>Target: One creature
Attack: Wisdom vs. Will
Hit: 1d8 + Wisdom modifier radiant damage. If the target is your oath of enmity target, the target is also slowed until the end of your next turn.
Level 21: 2d8 + Wisdom modifier damage.
Special: You can use this power as a ranged basic attack.</power_rules><power_rules_html>&lt;span class="flavor"&gt;&lt;b&gt;Target: &lt;/b&gt;One creature&lt;/span&gt;
&lt;span class="flavor"&gt;&lt;b&gt;Attack: &lt;/b&gt;Wisdom vs. Will&lt;/span&gt;
&lt;span class="flavor"&gt;&lt;b&gt;Hit: &lt;/b&gt;1d8 + Wisdom modifier radiant damage. If the target is your oath of enmity target, the target is also slowed until the end of your next turn.&lt;/span&gt;
&lt;span class="flavor"&gt;Level 21: 2d8 + Wisdom modifier damage.&lt;/span&gt;
&lt;span class="flavor"&gt;&lt;b&gt;Special: &lt;/b&gt;You can use this power as a ranged basic attack.&lt;/span&gt;
</power_rules_html><power_published_in>Dragon Magazine 382, page(s) 42. </power_published_in><power_dndinsider_id>10401</power_dndinsider_id><formatOutput>1</formatOutput></Power>
