<?xml version="1.0"?>
<Power><power_name>Steelsworn Oath</power_name><power_class_and_level>Avenger Attack 1</power_class_and_level><power_flavor>As you swing your weapon at your enemy, you infuse the attack with the power of divine retribution, and the power lingers on your foe.</power_flavor><power_frequency>Daily</power_frequency><power_keywords>Divine, Weapon</power_keywords><power_action_type>Standard Action</power_action_type><power_range_and_aoe>Melee weapon</power_range_and_aoe><power_rules>Target: One creature
Effect: Before the attack, the target becomes the target of your oath of enmity, replacing your current oath of enmity target if you have one.
Attack: Wisdom vs. AC
Hit: 3[W] + Wisdom modifier damage.
Miss: Half damage.</power_rules><power_rules_html>&lt;span class="flavor"&gt;&lt;b&gt;Target: &lt;/b&gt;One creature&lt;/span&gt;
&lt;span class="flavor"&gt;&lt;b&gt;Effect: &lt;/b&gt;Before the attack, the target becomes the target of your oath of enmity, replacing your current oath of enmity target if you have one.&lt;/span&gt;
&lt;span class="flavor"&gt;&lt;b&gt;Attack: &lt;/b&gt;Wisdom vs. AC&lt;/span&gt;
&lt;span class="flavor"&gt;&lt;b&gt;Hit: &lt;/b&gt;3[W] + Wisdom modifier damage.&lt;/span&gt;
&lt;span class="flavor"&gt;&lt;b&gt;Miss: &lt;/b&gt;Half damage.&lt;/span&gt;
</power_rules_html><power_published_in>Dragon Magazine 382, page(s) 42. </power_published_in><power_dndinsider_id>10402</power_dndinsider_id><formatOutput>1</formatOutput></Power>
