<?xml version="1.0"?>
<Power><power_name>Radiant Beckoning</power_name><power_class_and_level>Avenger Attack 19</power_class_and_level><power_flavor>You draw upon the radiant energy of your deity, infusing your sworn oaths with power that sears your enemy and draws it into your attack.</power_flavor><power_frequency>Daily</power_frequency><power_keywords>Divine, Implement, Radiant</power_keywords><power_action_type>Standard Action</power_action_type><power_range_and_aoe>Ranged 5</power_range_and_aoe><power_rules>Target: Your oath of enmity target
Attack: Wisdom vs. Reflex
Hit: 5d8 + Wisdom modifier radiant damage, and you pull the target 5 squares to a square adjacent to you.
Miss: Half damage and you pull the target 2 squares.
Effect: Until the end of the encounter, when you use an avenger implement attack power against your oath of enmity target, you can benefit from your oath of enmity as though you were making a melee attack and the target were adjacent to you.</power_rules><power_rules_html>&lt;span class="flavor"&gt;&lt;b&gt;Target: &lt;/b&gt;Your oath of enmity target&lt;/span&gt;
&lt;span class="flavor"&gt;&lt;b&gt;Attack: &lt;/b&gt;Wisdom vs. Reflex&lt;/span&gt;
&lt;span class="flavor"&gt;&lt;b&gt;Hit: &lt;/b&gt;5d8 + Wisdom modifier radiant damage, and you pull the target 5 squares to a square adjacent to you.&lt;/span&gt;
&lt;span class="flavor"&gt;&lt;b&gt;Miss: &lt;/b&gt;Half damage and you pull the target 2 squares.&lt;/span&gt;
&lt;span class="flavor"&gt;&lt;b&gt;Effect: &lt;/b&gt;Until the end of the encounter, when you use an avenger implement attack power against your oath of enmity target, you can benefit from your oath of enmity as though you were making a melee attack and the target were adjacent to you.&lt;/span&gt;
</power_rules_html><power_published_in>Dragon Magazine 382, page(s) 44. </power_published_in><power_dndinsider_id>10410</power_dndinsider_id><formatOutput>1</formatOutput></Power>
