<?xml version="1.0"?>
<Power><power_name>Brand on the Soul</power_name><power_class_and_level>Avenger Attack 29</power_class_and_level><power_flavor>You utter an oath sworn so deeply that the words of your prayer are seared into the very fabric of your enemy&#x2019;s spirit.</power_flavor><power_frequency>Daily</power_frequency><power_keywords>Divine, Weapon</power_keywords><power_action_type>Standard Action</power_action_type><power_range_and_aoe>Melee weapon</power_range_and_aoe><power_rules>Target: One creature
Effect: Before the attack, the target becomes the target of your oath of enmity. . If this causes you to have more than one oath of enmity target, you do not regain the use of your oath of enmity power until all your oath of enmity targets drop to 0 hit points, or until the end of the encounter.
Attack: Wisdom vs. AC
Hit: 6[W] + Wisdom modifier damage.
Miss: Half damage + 5 damage.</power_rules><power_rules_html>&lt;span class="flavor"&gt;&lt;b&gt;Target: &lt;/b&gt;One creature&lt;/span&gt;
&lt;span class="flavor"&gt;&lt;b&gt;Effect: &lt;/b&gt;Before the attack, the target becomes the target of your oath of enmity. . If this causes you to have more than one oath of enmity target, you do not regain the use of your oath of enmity power until all your oath of enmity targets drop to 0 hit points, or until the end of the encounter.&lt;/span&gt;
&lt;span class="flavor"&gt;&lt;b&gt;Attack: &lt;/b&gt;Wisdom vs. AC&lt;/span&gt;
&lt;span class="flavor"&gt;&lt;b&gt;Hit: &lt;/b&gt;6[W] + Wisdom modifier damage.&lt;/span&gt;
&lt;span class="flavor"&gt;&lt;b&gt;Miss: &lt;/b&gt;Half damage + 5 damage.&lt;/span&gt;
</power_rules_html><power_published_in>Dragon Magazine 382, page(s) 44. </power_published_in><power_dndinsider_id>10416</power_dndinsider_id><formatOutput>1</formatOutput></Power>
