<?xml version="1.0"?>
<Power><power_name>Sacred Arena</power_name><power_class_and_level>Avenger Attack 23</power_class_and_level><power_flavor>You banish your enemies from your presence, keeping behind only the target of your sacred enmity.</power_flavor><power_frequency>Encounter</power_frequency><power_keywords>Divine, Teleportation, Weapon</power_keywords><power_action_type>Standard Action</power_action_type><power_range_and_aoe>Melee weapon</power_range_and_aoe><power_rules>Effect: Before making this attack, you can teleport each enemy adjacent to you other than your oath of enmity target 5 squares to a square not adjacent to you, and not to a square that causes the creature to make a saving throw or take damage or another negative effect.
Target: Your oath of enmity target
Attack: Wisdom vs. AC
Hit: 4[W] + Wisdom modifier damage.</power_rules><power_rules_html>&lt;span class="flavor"&gt;&lt;b&gt;Effect: &lt;/b&gt;Before making this attack, you can teleport each enemy adjacent to you other than your oath of enmity target 5 squares to a square not adjacent to you, and not to a square that causes the creature to make a saving throw or take damage or another negative effect.&lt;/span&gt;
&lt;span class="flavor"&gt;&lt;b&gt;Target: &lt;/b&gt;Your oath of enmity target&lt;/span&gt;
&lt;span class="flavor"&gt;&lt;b&gt;Attack: &lt;/b&gt;Wisdom vs. AC&lt;/span&gt;
&lt;span class="flavor"&gt;&lt;b&gt;Hit: &lt;/b&gt;4[W] + Wisdom modifier damage.&lt;/span&gt;
</power_rules_html><power_published_in>Dragon Magazine 382, page(s) 44. </power_published_in><power_dndinsider_id>10411</power_dndinsider_id><formatOutput>1</formatOutput></Power>
