<?xml version="1.0"?>
<Power><power_name>Covenant of Repentance</power_name><power_class_and_level>Avenger Attack 27</power_class_and_level><power_flavor>You demand penitence from those who have flouted the will of your god, and you harm those who refuse to repent.</power_flavor><power_frequency>Encounter</power_frequency><power_keywords>Divine, Implement, Necrotic</power_keywords><power_action_type>Standard Action</power_action_type><power_range_and_aoe>Ranged 5</power_range_and_aoe><power_rules>Target: One creature
Effect: If the target is your oath of enmity target, you can roll twice on this attack and use either result.
Attack: Wisdom vs. Will
Hit: 3d8 + Wisdom modifier necrotic damage, and you knock the target prone. If the target is not prone at the end of its next turn, it takes 10 extra necrotic damage.</power_rules><power_rules_html>&lt;span class="flavor"&gt;&lt;b&gt;Target: &lt;/b&gt;One creature&lt;/span&gt;
&lt;span class="flavor"&gt;&lt;b&gt;Effect: &lt;/b&gt;If the target is your oath of enmity target, you can roll twice on this attack and use either result.&lt;/span&gt;
&lt;span class="flavor"&gt;&lt;b&gt;Attack: &lt;/b&gt;Wisdom vs. Will&lt;/span&gt;
&lt;span class="flavor"&gt;&lt;b&gt;Hit: &lt;/b&gt;3d8 + Wisdom modifier necrotic damage, and you knock the target prone. If the target is not prone at the end of its next turn, it takes 10 extra necrotic damage.&lt;/span&gt;
</power_rules_html><power_published_in>Dragon Magazine 382, page(s) 44. </power_published_in><power_dndinsider_id>10415</power_dndinsider_id><formatOutput>1</formatOutput></Power>
