<?xml version="1.0"?>
<Power><power_name>Conduit of Ice</power_name><power_class_and_level>Wizard Attack 1</power_class_and_level><power_flavor>You turn your enemy into a conduit to an ice storm from the Elemental Chaos.</power_flavor><power_frequency>Encounter</power_frequency><power_keywords>Arcane, Cold, Evocation, Implement, Zone</power_keywords><power_action_type>Standard Action</power_action_type><power_range_and_aoe>Ranged 10</power_range_and_aoe><power_rules>Target: One creature
Attack: Intelligence vs. Reflex
Hit: 2d8 + Intelligence modifier cold damage, and you create a zone of sudden cold in a burst 2 centered on the target until the end of your next turn. The zone moves with the target. The zone is difficult terrain, and any enemy that ends its turn in the zone takes 5 cold damage.
Active Familiar: While your familiar is in the zone, it knocks prone any enemy that ends its turn in the zone.</power_rules><power_rules_html>&lt;span class="flavor"&gt;&lt;b&gt;Target: &lt;/b&gt;One creature&lt;/span&gt;
&lt;span class="flavor"&gt;&lt;b&gt;Attack: &lt;/b&gt;Intelligence vs. Reflex&lt;/span&gt;
&lt;span class="flavor"&gt;&lt;b&gt;Hit: &lt;/b&gt;2d8 + Intelligence modifier cold damage, and you create a zone of sudden cold in a burst 2 centered on the target until the end of your next turn. The zone moves with the target. The zone is difficult terrain, and any enemy that ends its turn in the zone takes 5 cold damage.&lt;/span&gt;
&lt;span class="flavor"&gt;&lt;b&gt;Active Familiar: &lt;/b&gt;While your familiar is in the zone, it knocks prone any enemy that ends its turn in the zone.&lt;/span&gt;
</power_rules_html><power_published_in>Dragon Magazine 382, page(s) 26. </power_published_in><power_dndinsider_id>10417</power_dndinsider_id><formatOutput>1</formatOutput></Power>
