<?xml version="1.0"?>
<Power><power_name>Melting Pool</power_name><power_class_and_level>Wizard Attack 3</power_class_and_level><power_flavor>You create an extradimensional pool of acid beneath your enemies&#x2019; feet.</power_flavor><power_frequency>Encounter</power_frequency><power_keywords>Acid, Arcane, Evocation, Implement</power_keywords><power_action_type>Standard Action</power_action_type><power_range_and_aoe>Area burst 2 within 10</power_range_and_aoe><power_rules>Target: Each creature in the burst
Attack: Intelligence vs. Fortitude
Hit: 1d8 + Intelligence modifier acid damage.
Active Familiar: Any enemy hit by this attack must spend an extra square of movement to leave its square while within 3 squares of your familiar until the end of your next turn.</power_rules><power_rules_html>&lt;span class="flavor"&gt;&lt;b&gt;Target: &lt;/b&gt;Each creature in the burst&lt;/span&gt;
&lt;span class="flavor"&gt;&lt;b&gt;Attack: &lt;/b&gt;Intelligence vs. Fortitude&lt;/span&gt;
&lt;span class="flavor"&gt;&lt;b&gt;Hit: &lt;/b&gt;1d8 + Intelligence modifier acid damage.&lt;/span&gt;
&lt;span class="flavor"&gt;&lt;b&gt;Active Familiar: &lt;/b&gt;Any enemy hit by this attack must spend an extra square of movement to leave its square while within 3 squares of your familiar until the end of your next turn.&lt;/span&gt;
</power_rules_html><power_published_in>Dragon Magazine 382, page(s) 27. </power_published_in><power_dndinsider_id>10419</power_dndinsider_id><formatOutput>1</formatOutput></Power>
