<?xml version="1.0"?>
<Power><power_name>Wings of Pursuit Flight</power_name><power_class_and_level>Avenger Attack 25</power_class_and_level><power_flavor>You manifest wings of pure divine power, which draw you ever closer to those you have sworn to defeat.</power_flavor><power_frequency>Daily</power_frequency><power_keywords>Divine, Weapon</power_keywords><power_action_type>Standard Action</power_action_type><power_range_and_aoe>Melee weapon</power_range_and_aoe><power_rules>Effect: Before making this attack, you can fly up to your speed.
Target: One creature
Attack: Wisdom vs. AC
Hit: 5[W] + Wisdom modifier damage.
Miss: Half damage.
Effect: Until the end of the encounter, on any of your turns that you start without your oath of enmity target adjacent to you, you can use the Wings of Pursuit Flight power.
At-Will
Move Action
Personal
Requirement: The power Wings of Pursuit must be active in order to use this power. You must start your turn without your oath of enmity target adjacent to you.
Effect: Fly up to your speed to a square adjacent to your oath of enmity target, and your oath of enmity target grants you combat advantage until the end of your next turn.</power_rules><power_rules_html>&lt;span class="flavor"&gt;&lt;b&gt;Effect: &lt;/b&gt;Before making this attack, you can fly up to your speed.&lt;/span&gt;
&lt;span class="flavor"&gt;&lt;b&gt;Target: &lt;/b&gt;One creature&lt;/span&gt;
&lt;span class="flavor"&gt;&lt;b&gt;Attack: &lt;/b&gt;Wisdom vs. AC&lt;/span&gt;
&lt;span class="flavor"&gt;&lt;b&gt;Hit: &lt;/b&gt;5[W] + Wisdom modifier damage.&lt;/span&gt;
&lt;span class="flavor"&gt;&lt;b&gt;Miss: &lt;/b&gt;Half damage.&lt;/span&gt;
&lt;span class="flavor"&gt;&lt;b&gt;Effect: &lt;/b&gt;Until the end of the encounter, on any of your turns that you start without your oath of enmity target adjacent to you, you can use the Wings of Pursuit Flight power.&lt;/span&gt;
&lt;span class="flavor"&gt;At-Will&lt;/span&gt;
&lt;span class="flavor"&gt;Move Action&lt;/span&gt;
&lt;span class="flavor"&gt;Personal&lt;/span&gt;
&lt;span class="flavor"&gt;&lt;b&gt;Requirement: &lt;/b&gt;The power Wings of Pursuit must be active in order to use this power. You must start your turn without your oath of enmity target adjacent to you.&lt;/span&gt;
&lt;span class="flavor"&gt;&lt;b&gt;Effect: &lt;/b&gt;Fly up to your speed to a square adjacent to your oath of enmity target, and your oath of enmity target grants you combat advantage until the end of your next turn.&lt;/span&gt;
</power_rules_html><power_published_in>Dragon Magazine 382, page(s) 44. </power_published_in><power_dndinsider_id>10412</power_dndinsider_id><formatOutput>1</formatOutput></Power>
