<?xml version="1.0"?>
<Power><power_name>Familiar Harrier</power_name><power_class_and_level>Wizard Utility 2</power_class_and_level><power_flavor>You send your familiar in to keep your opponent off balance.</power_flavor><power_frequency>At-Will</power_frequency><power_keywords>Arcane</power_keywords><power_action_type>Teleportation</power_action_type><power_range_and_aoe>Move Action </power_range_and_aoe><power_rules>Effect: Teleport your familiar 10 squares, and until the end of your next turn your familiar can flank with you or your allies. When an attack hits a creature flanked by the familiar, that creature cannot shift until the end of its next turn.</power_rules><power_rules_html>&lt;span class="flavor"&gt;&lt;b&gt;Effect: &lt;/b&gt;Teleport your familiar 10 squares, and until the end of your next turn your familiar can flank with you or your allies. When an attack hits a creature flanked by the familiar, that creature cannot shift until the end of its next turn.&lt;/span&gt;
</power_rules_html><power_published_in>Dragon Magazine 382, page(s) 26. </power_published_in><power_dndinsider_id>10418</power_dndinsider_id><formatOutput>1</formatOutput></Power>
