<?xml version="1.0"?>
<Power><power_name>Mind-Numbing Presence</power_name><power_class_and_level>Wizard Attack 27</power_class_and_level><power_flavor>You surround your foe with a field that dampens thought.</power_flavor><power_frequency>Encounter</power_frequency><power_keywords>Arcane, Enchantment, Implement, Psychic, Zone</power_keywords><power_action_type>Standard Action</power_action_type><power_range_and_aoe>Ranged 20</power_range_and_aoe><power_rules>Target: One creature
Attack: Intelligence vs. Will
Hit: 3d8 + Intelligence modifier psychic damage, and a burst 3 centered on the target becomes a zone of numbed thought until the end of your next turn. This zone moves with the target. Any enemy that ends its turn in the zone takes 10 psychic damage, and any enemy that enters or leaves the zone becomes dazed until the end of your next turn.
Active Familiar: When an enemy takes damage from the zone or becomes dazed by the zone, your familiar can shift 3 squares as a free action.</power_rules><power_rules_html>&lt;span class="flavor"&gt;&lt;b&gt;Target: &lt;/b&gt;One creature&lt;/span&gt;
&lt;span class="flavor"&gt;&lt;b&gt;Attack: &lt;/b&gt;Intelligence vs. Will&lt;/span&gt;
&lt;span class="flavor"&gt;&lt;b&gt;Hit: &lt;/b&gt;3d8 + Intelligence modifier psychic damage, and a burst 3 centered on the target becomes a zone of numbed thought until the end of your next turn. This zone moves with the target. Any enemy that ends its turn in the zone takes 10 psychic damage, and any enemy that enters or leaves the zone becomes dazed until the end of your next turn.&lt;/span&gt;
&lt;span class="flavor"&gt;&lt;b&gt;Active Familiar: &lt;/b&gt;When an enemy takes damage from the zone or becomes dazed by the zone, your familiar can shift 3 squares as a free action.&lt;/span&gt;
</power_rules_html><power_published_in>Dragon Magazine 382, page(s) 28. </power_published_in><power_dndinsider_id>10428</power_dndinsider_id><formatOutput>1</formatOutput></Power>
