<?xml version="1.0"?>
<Power><power_name>Circle of Protection</power_name><power_class_and_level>Wizard Utility 10</power_class_and_level><power_flavor>You weave a circle of protective runes that guard your allies and can draw power from your familiar for greater strength.</power_flavor><power_frequency>Daily</power_frequency><power_keywords>Arcane, Implement, Zone</power_keywords><power_action_type>Standard Action</power_action_type><power_range_and_aoe>Area burst 1 within 20 squares</power_range_and_aoe><power_rules>Effect: The burst becomes a zone of protection until the end of your next turn. You and allies gain resist to all damage equal to your Intelligence modifier while in the zone. Enemies must spend 2 extra squares of movement to enter the zone. You make an attack.
Target: Each enemy in the burst
Attack: Intelligence vs. Fortitude
Arcane Familiar: Add a +4 power bonus to the attack roll if your familiar is in the burst.
Hit: Push the target from the burst&#x2019;s origin square to a space outside the zone. You cannot push the target when doing so causes the target to take damage or make a saving throw.
Sustain Minor: The effect persists.</power_rules><power_rules_html>&lt;span class="flavor"&gt;&lt;b&gt;Effect: &lt;/b&gt;The burst becomes a zone of protection until the end of your next turn. You and allies gain resist to all damage equal to your Intelligence modifier while in the zone. Enemies must spend 2 extra squares of movement to enter the zone. You make an attack.&lt;/span&gt;
&lt;span class="flavor"&gt;&lt;b&gt;Target: &lt;/b&gt;Each enemy in the burst&lt;/span&gt;
&lt;span class="flavor"&gt;&lt;b&gt;Attack: &lt;/b&gt;Intelligence vs. Fortitude&lt;/span&gt;
&lt;span class="flavor"&gt;&lt;b&gt;Arcane Familiar: &lt;/b&gt;Add a +4 power bonus to the attack roll if your familiar is in the burst.&lt;/span&gt;
&lt;span class="flavor"&gt;&lt;b&gt;Hit: &lt;/b&gt;Push the target from the burst&#x2019;s origin square to a space outside the zone. You cannot push the target when doing so causes the target to take damage or make a saving throw.&lt;/span&gt;
&lt;span class="flavor"&gt;&lt;b&gt;Sustain Minor: &lt;/b&gt;The effect persists.&lt;/span&gt;
</power_rules_html><power_published_in>Dragon Magazine 382, page(s) 27. </power_published_in><power_dndinsider_id>10422</power_dndinsider_id><formatOutput>1</formatOutput></Power>
