<?xml version="1.0"?>
<Power><power_name>Familiar Shape</power_name><power_class_and_level>Wizard Utility 10</power_class_and_level><power_flavor>You assume the shape of a creature that resembles your familiar.</power_flavor><power_frequency>Daily</power_frequency><power_keywords>Arcane, Polymorph</power_keywords><power_action_type>Minor Action</power_action_type><power_range_and_aoe>Personal </power_range_and_aoe><power_rules>Effect: You assume a form identical to your familiar until the end of the encounter and, for the same duration, can change back or forth between this and your natural form as a minor action. In this form, you gain the movement modes, speed, and special senses of your familiar but cannot make attacks.</power_rules><power_rules_html>&lt;span class="flavor"&gt;&lt;b&gt;Effect: &lt;/b&gt;You assume a form identical to your familiar until the end of the encounter and, for the same duration, can change back or forth between this and your natural form as a minor action. In this form, you gain the movement modes, speed, and special senses of your familiar but cannot make attacks.&lt;/span&gt;
</power_rules_html><power_published_in>Dragon Magazine 382, page(s) 27. </power_published_in><power_dndinsider_id>10424</power_dndinsider_id><formatOutput>1</formatOutput></Power>
