<?xml version="1.0"?>
<Power><power_name>Familiar's Call</power_name><power_class_and_level>Wizard Utility 6</power_class_and_level><power_flavor>You teleport yourself to where your familiar is.</power_flavor><power_frequency>Encounter</power_frequency><power_keywords>Arcane, Teleportation</power_keywords><power_action_type>Move Action</power_action_type><power_range_and_aoe>Personal </power_range_and_aoe><power_rules>Effect: You teleport up to 20 squares to the square occupied by your familiar and your familiar enters passive mode.</power_rules><power_rules_html>&lt;span class="flavor"&gt;&lt;b&gt;Effect: &lt;/b&gt;You teleport up to 20 squares to the square occupied by your familiar and your familiar enters passive mode.&lt;/span&gt;
</power_rules_html><power_published_in>Dragon Magazine 382, page(s) 27. </power_published_in><power_dndinsider_id>10420</power_dndinsider_id><formatOutput>1</formatOutput></Power>
