<?xml version="1.0"?>
<Power><power_name>Thunderous Transformation</power_name><power_class_and_level>Wizard Attack 17</power_class_and_level><power_flavor>You translate your enemy&#x2019;s physical form into a monstrous peal of thunder before it reincorporates nearby.</power_flavor><power_frequency>Encounter</power_frequency><power_keywords>Arcane, Implement, Teleportation, Thunder, Transmutation</power_keywords><power_action_type>Standard Action</power_action_type><power_range_and_aoe>Ranged 10</power_range_and_aoe><power_rules>Primary Target: One creature
Primary Attack: Intelligence vs. Fortitude
Hit: 2d8 + Intelligence modifier thunder damage, and any creature within 2 squares of the target takes 10 thunder damage and falls prone. Then you teleport the target 5 squares.
Active Familiar: You can teleport the target up to 20 squares to a space within 3 squares of your familiar.</power_rules><power_rules_html>&lt;span class="flavor"&gt;&lt;b&gt;Primary Target: &lt;/b&gt;One creature&lt;/span&gt;
&lt;span class="flavor"&gt;&lt;b&gt;Primary Attack: &lt;/b&gt;Intelligence vs. Fortitude&lt;/span&gt;
&lt;span class="flavor"&gt;&lt;b&gt;Hit: &lt;/b&gt;2d8 + Intelligence modifier thunder damage, and any creature within 2 squares of the target takes 10 thunder damage and falls prone. Then you teleport the target 5 squares.&lt;/span&gt;
&lt;span class="flavor"&gt;&lt;b&gt;Active Familiar: &lt;/b&gt;You can teleport the target up to 20 squares to a space within 3 squares of your familiar.&lt;/span&gt;
</power_rules_html><power_published_in>Dragon Magazine 382, page(s) 27. </power_published_in><power_dndinsider_id>10425</power_dndinsider_id><formatOutput>1</formatOutput></Power>
