<?xml version="1.0"?>
<Power><power_name>Arcane Chastisement</power_name><power_class_and_level>Wizard Attack 13</power_class_and_level><power_flavor>Your retributive strike more than teaches the enemy not to harm you, it compels it.</power_flavor><power_frequency>Encounter</power_frequency><power_keywords>Arcane, Charm, Enchantment, Implement, Psychic</power_keywords><power_action_type>Immediate Reaction</power_action_type><power_range_and_aoe>Ranged 10</power_range_and_aoe><power_rules>Trigger: An enemy hits you or an ally
Target: One creature
Attack: Intelligence vs. Will
Hit: 2d8 + Intelligence modifier psychic damage, and the target cannot attack the creature it targeted with the triggering attack until the end of your next turn.
Active Familiar: Until the end of your next turn, the target cannot attack your familiar and takes a -2 penalty to attack rolls against creatures adjacent to your familiar.</power_rules><power_rules_html>&lt;span class="flavor"&gt;&lt;b&gt;Trigger: &lt;/b&gt;An enemy hits you or an ally&lt;/span&gt;
&lt;span class="flavor"&gt;&lt;b&gt;Target: &lt;/b&gt;One creature&lt;/span&gt;
&lt;span class="flavor"&gt;&lt;b&gt;Attack: &lt;/b&gt;Intelligence vs. Will&lt;/span&gt;
&lt;span class="flavor"&gt;&lt;b&gt;Hit: &lt;/b&gt;2d8 + Intelligence modifier psychic damage, and the target cannot attack the creature it targeted with the triggering attack until the end of your next turn.&lt;/span&gt;
&lt;span class="flavor"&gt;&lt;b&gt;Active Familiar: &lt;/b&gt;Until the end of your next turn, the target cannot attack your familiar and takes a -2 penalty to attack rolls against creatures adjacent to your familiar.&lt;/span&gt;
</power_rules_html><power_published_in>Dragon Magazine 382, page(s) 27. </power_published_in><power_dndinsider_id>10423</power_dndinsider_id><formatOutput>1</formatOutput></Power>
