<?xml version="1.0"?>
<Power><power_name>Blades of Fiery Wrath</power_name><power_class_and_level>Swordmage Attack 3</power_class_and_level><power_flavor>The ambient magic of your unsuccessful attack manifests as countless blades of fire that lash out at nearby enemies.</power_flavor><power_frequency>Encounter</power_frequency><power_keywords>Arcane, Fire, Implement</power_keywords><power_action_type>Free Action</power_action_type><power_range_and_aoe>Close burst 1</power_range_and_aoe><power_rules>Trigger: You used a swordmage at-will attack power this turn and did not hit any target with it
Target: Each enemy in the burst
Attack: Intelligence vs. Reflex
Hit: 2d6 + Intelligence modifier fire damage.</power_rules><power_rules_html>&lt;span class="flavor"&gt;&lt;b&gt;Trigger: &lt;/b&gt;You used a swordmage at-will attack power this turn and did not hit any target with it&lt;/span&gt;
&lt;span class="flavor"&gt;&lt;b&gt;Target: &lt;/b&gt;Each enemy in the burst&lt;/span&gt;
&lt;span class="flavor"&gt;&lt;b&gt;Attack: &lt;/b&gt;Intelligence vs. Reflex&lt;/span&gt;
&lt;span class="flavor"&gt;&lt;b&gt;Hit: &lt;/b&gt;2d6 + Intelligence modifier fire damage.&lt;/span&gt;
</power_rules_html><power_published_in>Dragon Magazine 382, page(s) 23. </power_published_in><power_dndinsider_id>10429</power_dndinsider_id><formatOutput>1</formatOutput></Power>
