<?xml version="1.0"?>
<Power><power_name>Repelling Sphere</power_name><power_class_and_level>Wizard Attack 7</power_class_and_level><power_flavor>You repulse your enemies with an expending sphere of force.</power_flavor><power_frequency>Encounter</power_frequency><power_keywords>Arcane, Evocation, Force, Implement</power_keywords><power_action_type>Standard Action</power_action_type><power_range_and_aoe>Close burst 3</power_range_and_aoe><power_rules>Active Familiar: You can center this burst on your familiar instead of on you.
Attack: Intelligence vs. Fortitude
Target: Each enemy in the burst
Hit: 2d4 + Intelligence modifier force damage, and you push the target to a space outside the burst.</power_rules><power_rules_html>&lt;span class="flavor"&gt;&lt;b&gt;Active Familiar: &lt;/b&gt;You can center this burst on your familiar instead of on you.&lt;/span&gt;
&lt;span class="flavor"&gt;&lt;b&gt;Attack: &lt;/b&gt;Intelligence vs. Fortitude&lt;/span&gt;
&lt;span class="flavor"&gt;&lt;b&gt;Target: &lt;/b&gt;Each enemy in the burst&lt;/span&gt;
&lt;span class="flavor"&gt;&lt;b&gt;Hit: &lt;/b&gt;2d4 + Intelligence modifier force damage, and you push the target to a space outside the burst.&lt;/span&gt;
</power_rules_html><power_published_in>Dragon Magazine 382, page(s) 27. </power_published_in><power_dndinsider_id>10421</power_dndinsider_id><formatOutput>1</formatOutput></Power>
