<?xml version="1.0"?>
<Power><power_name>Dire Familiar Incantation</power_name><power_class_and_level>Wizard Utility 22</power_class_and_level><power_flavor>Your familiar expands in size rapidly, becoming a threat to your enemies.</power_flavor><power_frequency>Daily</power_frequency><power_keywords>Arcane, Polymorph</power_keywords><power_action_type>Minor Action</power_action_type><power_range_and_aoe>Ranged 10</power_range_and_aoe><power_rules>Requirement: Your familiar must be in a square it could occupy as a Medium creature.
Target: Your familiar
Effect: Until the end of the encounter, your familiar becomes a Medium creature, gains a hit point total equal to your bloodied value, and can flank with you or your allies. While in this form, when any enemy adjacent to the familiar is hit by an attack, you may uses a free action to have the familiar knocks that enemy prone, push it 1 square, or shifts 1 square and slides that enemy into the square the familiar left.</power_rules><power_rules_html>&lt;span class="flavor"&gt;&lt;b&gt;Requirement: &lt;/b&gt;Your familiar must be in a square it could occupy as a Medium creature.&lt;/span&gt;
&lt;span class="flavor"&gt;&lt;b&gt;Target: &lt;/b&gt;Your familiar&lt;/span&gt;
&lt;span class="flavor"&gt;&lt;b&gt;Effect: &lt;/b&gt;Until the end of the encounter, your familiar becomes a Medium creature, gains a hit point total equal to your bloodied value, and can flank with you or your allies. While in this form, when any enemy adjacent to the familiar is hit by an attack, you may uses a free action to have the familiar knocks that enemy prone, push it 1 square, or shifts 1 square and slides that enemy into the square the familiar left.&lt;/span&gt;
</power_rules_html><power_published_in>Dragon Magazine 382, page(s) 28. </power_published_in><power_dndinsider_id>10426</power_dndinsider_id><formatOutput>1</formatOutput></Power>
