<?xml version="1.0"?>
<Power><power_name>Ignoble Escape</power_name><power_class_and_level>Rogue Utility 6</power_class_and_level><power_flavor>With nimble ease, you sidestep one perilous situation after another, ignoring any who challenge you.</power_flavor><power_frequency>Encounter</power_frequency><power_keywords>Martial</power_keywords><power_action_type>Move Action</power_action_type><power_range_and_aoe>Personal </power_range_and_aoe><power_rules>Prerequisite: You must have training in Acrobatics.
Effect: If you are marked, that condition ends on you. You can shift up to your speed.</power_rules><power_rules_html>&lt;span class="flavor"&gt;&lt;b&gt;Prerequisite: &lt;/b&gt;You must have training in Acrobatics.&lt;/span&gt;
&lt;span class="flavor"&gt;&lt;b&gt;Effect: &lt;/b&gt;If you are marked, that condition ends on you. You can shift up to your speed.&lt;/span&gt;
</power_rules_html><power_published_in>Player's Handbook, page(s) 120, Class Compendium.</power_published_in><power_dndinsider_id>1042</power_dndinsider_id><formatOutput>1</formatOutput></Power>
