<?xml version="1.0"?>
<Power><power_name>Crushing Necrotism</power_name><power_class_and_level>Wizard Attack 23</power_class_and_level><power_flavor>You encase your foe in tightening necrotic energy, which washes over its allies when the enemy struggles free.</power_flavor><power_frequency>Encounter</power_frequency><power_keywords>Arcane, Implement, Necromancy, Necrotic</power_keywords><power_action_type>Standard Action</power_action_type><power_range_and_aoe>Ranged 5</power_range_and_aoe><power_rules>Target: One creature
Attack: Intelligence vs. Reflex
Hit: 3d6 + Intelligence modifier necrotic damage, and the target is slowed and grants combat advantage until the end of the target&#x2019;s next turn. At the end of the target&#x2019;s next turn, any enemy within 2 squares of the target takes 10 necrotic damage and you push that enemy 2 squares from the target.
Active Familiar: At the end of the target&#x2019;s next turn, you also push any enemy within 2 squares of your familiar 2 squares from your familiar.</power_rules><power_rules_html>&lt;span class="flavor"&gt;&lt;b&gt;Target: &lt;/b&gt;One creature&lt;/span&gt;
&lt;span class="flavor"&gt;&lt;b&gt;Attack: &lt;/b&gt;Intelligence vs. Reflex&lt;/span&gt;
&lt;span class="flavor"&gt;&lt;b&gt;Hit: &lt;/b&gt;3d6 + Intelligence modifier necrotic damage, and the target is slowed and grants combat advantage until the end of the target&#x2019;s next turn. At the end of the target&#x2019;s next turn, any enemy within 2 squares of the target takes 10 necrotic damage and you push that enemy 2 squares from the target.&lt;/span&gt;
&lt;span class="flavor"&gt;&lt;b&gt;Active Familiar: &lt;/b&gt;At the end of the target&#x2019;s next turn, you also push any enemy within 2 squares of your familiar 2 squares from your familiar.&lt;/span&gt;
</power_rules_html><power_published_in>Dragon Magazine 382, page(s) 28. </power_published_in><power_dndinsider_id>10427</power_dndinsider_id><formatOutput>1</formatOutput></Power>
