<?xml version="1.0"?>
<Power><power_name>Dimensional Echoes</power_name><power_class_and_level>Swordmage Attack 9</power_class_and_level><power_flavor>As you strike, you create an arcane bond between yourself and your foe, allowing you to slip either of you between narrow gaps between the worlds.</power_flavor><power_frequency>Daily</power_frequency><power_keywords>Arcane, Force, Weapon</power_keywords><power_action_type>Standard Action</power_action_type><power_range_and_aoe>Melee weapon</power_range_and_aoe><power_rules>Target: One creature
Attack: Intelligence vs. Fortitude
Hit: 2[W] + Intelligence modifier force damage.
Miss: Half damage.
Effect: Until the end of the encounter, you can teleport yourself or the target of this power 1 square as a move action.</power_rules><power_rules_html>&lt;span class="flavor"&gt;&lt;b&gt;Target: &lt;/b&gt;One creature&lt;/span&gt;
&lt;span class="flavor"&gt;&lt;b&gt;Attack: &lt;/b&gt;Intelligence vs. Fortitude&lt;/span&gt;
&lt;span class="flavor"&gt;&lt;b&gt;Hit: &lt;/b&gt;2[W] + Intelligence modifier force damage.&lt;/span&gt;
&lt;span class="flavor"&gt;&lt;b&gt;Miss: &lt;/b&gt;Half damage.&lt;/span&gt;
&lt;span class="flavor"&gt;&lt;b&gt;Effect: &lt;/b&gt;Until the end of the encounter, you can teleport yourself or the target of this power 1 square as a move action.&lt;/span&gt;
</power_rules_html><power_published_in>Dragon Magazine 382, page(s) 24. </power_published_in><power_dndinsider_id>10433</power_dndinsider_id><formatOutput>1</formatOutput></Power>
