<?xml version="1.0"?>
<Power><power_name>Price of Ensnarement</power_name><power_class_and_level>Swordmage Utility 2</power_class_and_level><power_flavor>Your attacks punish those who cannot escape your reach.</power_flavor><power_frequency>Daily</power_frequency><power_keywords>Arcane, Stance</power_keywords><power_action_type>Minor Action</power_action_type><power_range_and_aoe>Personal </power_range_and_aoe><power_rules>Effect: Until the stance ends, you gain a +2 power bonus to damage rolls against slowed or immobilized targets.
Aegis of Ensnarement: You also gain a +1 power bonus to attack rolls against slowed or immobilized targets.</power_rules><power_rules_html>&lt;span class="flavor"&gt;&lt;b&gt;Effect: &lt;/b&gt;Until the stance ends, you gain a +2 power bonus to damage rolls against slowed or immobilized targets.&lt;/span&gt;
&lt;span class="flavor"&gt;&lt;b&gt;Aegis of Ensnarement: &lt;/b&gt;You also gain a +1 power bonus to attack rolls against slowed or immobilized targets.&lt;/span&gt;
</power_rules_html><power_published_in>Dragon Magazine 382, page(s) 24. </power_published_in><power_dndinsider_id>10434</power_dndinsider_id><formatOutput>1</formatOutput></Power>
