<?xml version="1.0"?>
<Power><power_name>Blurred Step</power_name><power_class_and_level>Battlemind Feature</power_class_and_level><power_flavor>You bend reality with the power of your mind, flashing across the space between you and your enemy.</power_flavor><power_frequency>At-Will</power_frequency><power_keywords>Psionic</power_keywords><power_action_type>Free Action</power_action_type><power_range_and_aoe>Personal </power_range_and_aoe><power_rules>Trigger: An adjacent enemy marked by you shifts
Effect: You shift 1 square.
Special: You can use this power only once per turn.</power_rules><power_rules_html>&lt;span class="flavor"&gt;&lt;b&gt;Trigger: &lt;/b&gt;An adjacent enemy marked by you shifts&lt;/span&gt;
&lt;span class="flavor"&gt;&lt;b&gt;Effect: &lt;/b&gt;You shift 1 square.&lt;/span&gt;
&lt;span class="flavor"&gt;&lt;b&gt;Special: &lt;/b&gt;You can use this power only once per turn.&lt;/span&gt;
</power_rules_html><power_published_in>Player's Handbook 3, page(s) 44. </power_published_in><power_dndinsider_id>10439</power_dndinsider_id><formatOutput>1</formatOutput></Power>
