<?xml version="1.0"?>
<Power><power_name>Echoes of Sword Magic</power_name><power_class_and_level>Swordmage Attack 7</power_class_and_level><power_flavor>You tap into the magic of your failed strike to unleash a mighty barrage of thunder.</power_flavor><power_frequency>Encounter</power_frequency><power_keywords>Arcane, Implement, Thunder</power_keywords><power_action_type>Free Action</power_action_type><power_range_and_aoe>Close blast 3</power_range_and_aoe><power_rules>Trigger: You used a swordmage at-will attack power this turn and did not hit any target with it
Target: Each enemy in the blast
Attack: Intelligence vs. Fortitude
Hit: 2d6 + Intelligence modifier thunder damage, and the target is marked by your swordmage aegis until the end of your next turn. Marking the target in this way does not remove the mark on another target affected by your swordmage aegis.</power_rules><power_rules_html>&lt;span class="flavor"&gt;&lt;b&gt;Trigger: &lt;/b&gt;You used a swordmage at-will attack power this turn and did not hit any target with it&lt;/span&gt;
&lt;span class="flavor"&gt;&lt;b&gt;Target: &lt;/b&gt;Each enemy in the blast&lt;/span&gt;
&lt;span class="flavor"&gt;&lt;b&gt;Attack: &lt;/b&gt;Intelligence vs. Fortitude&lt;/span&gt;
&lt;span class="flavor"&gt;&lt;b&gt;Hit: &lt;/b&gt;2d6 + Intelligence modifier thunder damage, and the target is marked by your swordmage aegis until the end of your next turn. Marking the target in this way does not remove the mark on another target affected by your swordmage aegis.&lt;/span&gt;
</power_rules_html><power_published_in>Dragon Magazine 382, page(s) 23. </power_published_in><power_dndinsider_id>10430</power_dndinsider_id><formatOutput>1</formatOutput></Power>
