<?xml version="1.0"?>
<Power><power_name>Radiant Forcefield Attack</power_name><power_class_and_level>Artificer Attack 19, Artificer Attack 19</power_class_and_level><power_flavor>You bestow an enchantment of radiant energy upon the armor of your ally, warding them against oncoming attackers.</power_flavor><power_frequency>Daily</power_frequency><power_keywords>Arcane, Implement, Radiant</power_keywords><power_action_type>Minor Action</power_action_type><power_range_and_aoe>Melee touch</power_range_and_aoe><power_rules>Target: You or one ally
Effect: You infuse the target&#x2019;s armor with radiant energy. Until the end of the encounter, the target gains resist 10 radiant. In addition, you can use the Radiant Forcefield Attack once per round until the end of the encounter if the primary target is within 5 squares of you.
At-Will
Arcane
,
Implement
Radiant
Standard Action
Close
burst 2 centered on the primary target
Requirement: The power Radiant Forcefield must be active in order to use this power.
Secondary Target: Each enemy in the burst
Effect: The target takes radiant damage equal to 10 + your implement&#x2019;s enhancement bonus and grants combat advantage until the end of your next turn.</power_rules><power_rules_html>&lt;span class="flavor"&gt;&lt;b&gt;Target: &lt;/b&gt;You or one ally&lt;/span&gt;
&lt;span class="flavor"&gt;&lt;b&gt;Effect: &lt;/b&gt;You infuse the target&#x2019;s armor with radiant energy. Until the end of the encounter, the target gains resist 10 radiant. In addition, you can use the Radiant Forcefield Attack once per round until the end of the encounter if the primary target is within 5 squares of you.&lt;/span&gt;
&lt;span class="flavor"&gt;At-Will&lt;/span&gt;
&lt;span class="flavor"&gt;Arcane&lt;/span&gt;
&lt;span class="flavor"&gt;,&lt;/span&gt;
&lt;span class="flavor"&gt;Implement&lt;/span&gt;
&lt;span class="flavor"&gt;Radiant&lt;/span&gt;
&lt;span class="flavor"&gt;Standard Action&lt;/span&gt;
&lt;span class="flavor"&gt;Close&lt;/span&gt;
&lt;span class="flavor"&gt;burst 2 centered on the primary target&lt;/span&gt;
&lt;span class="flavor"&gt;&lt;b&gt;Requirement: &lt;/b&gt;The power Radiant Forcefield must be active in order to use this power.&lt;/span&gt;
&lt;span class="flavor"&gt;&lt;b&gt;Secondary Target: &lt;/b&gt;Each enemy in the burst&lt;/span&gt;
&lt;span class="flavor"&gt;&lt;b&gt;Effect: &lt;/b&gt;The target takes radiant damage equal to 10 + your implement&#x2019;s enhancement bonus and grants combat advantage until the end of your next turn.&lt;/span&gt;
</power_rules_html><power_published_in>Dragon Magazine 381, page(s) 60. </power_published_in><power_dndinsider_id>10432</power_dndinsider_id><formatOutput>1</formatOutput></Power>
