<?xml version="1.0"?>
<Power><power_name>Armor of Assault</power_name><power_class_and_level>Swordmage Utility 10</power_class_and_level><power_flavor>The magic of your vicious attacks temporarily protects you from harm.</power_flavor><power_frequency>Daily</power_frequency><power_keywords>Arcane, Stance</power_keywords><power_action_type>Minor Action</power_action_type><power_range_and_aoe>Personal </power_range_and_aoe><power_rules>Effect: Until the stance ends, when you hit with a melee weapon attack you gain a +1 power bonus to all defenses until the start of your next turn.
Aegis of Assault: Increase the power bonus to +2.</power_rules><power_rules_html>&lt;span class="flavor"&gt;&lt;b&gt;Effect: &lt;/b&gt;Until the stance ends, when you hit with a melee weapon attack you gain a +1 power bonus to all defenses until the start of your next turn.&lt;/span&gt;
&lt;span class="flavor"&gt;&lt;b&gt;Aegis of Assault: &lt;/b&gt;Increase the power bonus to +2.&lt;/span&gt;
</power_rules_html><power_published_in>Dragon Magazine 382, page(s) 24. </power_published_in><power_dndinsider_id>10437</power_dndinsider_id><formatOutput>1</formatOutput></Power>
