<?xml version="1.0"?>
<Power><power_name>Theft of Alacrity</power_name><power_class_and_level>Swordmage Attack 5</power_class_and_level><power_flavor>You steal the speed of your enemy and use it to leap across the dimensions in pursuit.</power_flavor><power_frequency>Daily</power_frequency><power_keywords>Arcane, Implement, Psychic</power_keywords><power_action_type>Standard Action</power_action_type><power_range_and_aoe>Ranged 5</power_range_and_aoe><power_rules>Target: One creature
Attack: Intelligence vs. Will
Hit: 2d8 + Intelligence modifier psychic damage, and the target is immobilized (save ends).
Aftereffect: The target is slowed (save ends).
Miss: Half damage, and the target is slowed (save ends).
Effect: Each time the target rolls a saving throw against this power, you can teleport 5 squares as a free action. You must end this teleportation adjacent to the target.</power_rules><power_rules_html>&lt;span class="flavor"&gt;&lt;b&gt;Target: &lt;/b&gt;One creature&lt;/span&gt;
&lt;span class="flavor"&gt;&lt;b&gt;Attack: &lt;/b&gt;Intelligence vs. Will&lt;/span&gt;
&lt;span class="flavor"&gt;&lt;b&gt;Hit: &lt;/b&gt;2d8 + Intelligence modifier psychic damage, and the target is immobilized (save ends).&lt;/span&gt;
&lt;span class="flavor"&gt;&lt;b&gt;Aftereffect: &lt;/b&gt;The target is slowed (save ends).&lt;/span&gt;
&lt;span class="flavor"&gt;&lt;b&gt;Miss: &lt;/b&gt;Half damage, and the target is slowed (save ends).&lt;/span&gt;
&lt;span class="flavor"&gt;&lt;b&gt;Effect: &lt;/b&gt;Each time the target rolls a saving throw against this power, you can teleport 5 squares as a free action. You must end this teleportation adjacent to the target.&lt;/span&gt;
</power_rules_html><power_published_in>Dragon Magazine 382, page(s) 24. </power_published_in><power_dndinsider_id>10431</power_dndinsider_id><formatOutput>1</formatOutput></Power>
