<?xml version="1.0"?>
<Power><power_name>Slippery Mind</power_name><power_class_and_level>Rogue Utility 6</power_class_and_level><power_flavor>You cloud your mind with vague thoughts that shield you against a sudden mental attack.</power_flavor><power_frequency>Encounter</power_frequency><power_keywords>Martial</power_keywords><power_action_type>Immediate Interrupt</power_action_type><power_range_and_aoe>Personal </power_range_and_aoe><power_rules>Prerequisite: You must have training in Bluff.
Trigger: You are hit by an attack against your Will.
Effect: Gain a +2 power bonus to Will against the triggering attack.</power_rules><power_rules_html>&lt;span class="flavor"&gt;&lt;b&gt;Prerequisite: &lt;/b&gt;You must have training in Bluff.&lt;/span&gt;
&lt;span class="flavor"&gt;&lt;b&gt;Trigger: &lt;/b&gt;You are hit by an attack against your Will.&lt;/span&gt;
&lt;span class="flavor"&gt;&lt;b&gt;Effect: &lt;/b&gt;Gain a +2 power bonus to Will against the triggering attack.&lt;/span&gt;
</power_rules_html><power_published_in>Player's Handbook, page(s) 121, Class Compendium.</power_published_in><power_dndinsider_id>1043</power_dndinsider_id><formatOutput>1</formatOutput></Power>
