<?xml version="1.0"?>
<Power><power_name>Nimbus of Shielding</power_name><power_class_and_level>Swordmage Utility 6</power_class_and_level><power_flavor>You extend a magical ward around nearby allies.</power_flavor><power_frequency>Daily</power_frequency><power_keywords>Arcane, Stance</power_keywords><power_action_type>Minor Action</power_action_type><power_range_and_aoe>Personal </power_range_and_aoe><power_rules>Effect: Until the stance ends, your allies gain a +1 power bonus to AC while adjacent to you.
Aegis of Shielding: Allies instead gain a +1 power bonus to all defenses while adjacent to you.</power_rules><power_rules_html>&lt;span class="flavor"&gt;&lt;b&gt;Effect: &lt;/b&gt;Until the stance ends, your allies gain a +1 power bonus to AC while adjacent to you.&lt;/span&gt;
&lt;span class="flavor"&gt;&lt;b&gt;Aegis of Shielding: &lt;/b&gt;Allies instead gain a +1 power bonus to all defenses while adjacent to you.&lt;/span&gt;
</power_rules_html><power_published_in>Dragon Magazine 382, page(s) 24. </power_published_in><power_dndinsider_id>10435</power_dndinsider_id><formatOutput>1</formatOutput></Power>
