<?xml version="1.0"?>
<Power><power_name>Battlemind's Demand</power_name><power_class_and_level>Battlemind Feature</power_class_and_level><power_flavor>You draw your foe&#x2019;s concentration, taunting the foe to strike at you.</power_flavor><power_frequency>At-Will</power_frequency><power_keywords>Augmentable, Psionic</power_keywords><power_action_type>Minor Action</power_action_type><power_range_and_aoe>Close burst 3</power_range_and_aoe><power_rules>Target: One creature in the burst
Effect: You mark the target until you use this power again or until the end of the encounter.
Target: One or two creatures in the burst</power_rules><power_rules_html>&lt;span class="flavor"&gt;&lt;b&gt;Target: &lt;/b&gt;One creature in the burst&lt;/span&gt;
&lt;span class="flavor"&gt;&lt;b&gt;Effect: &lt;/b&gt;You mark the target until you use this power again or until the end of the encounter.&lt;/span&gt;
&lt;span class="flavor"&gt;&lt;b&gt;Target: &lt;/b&gt;One or two creatures in the burst&lt;/span&gt;
</power_rules_html><power_published_in>Player's Handbook 3, page(s) 44. </power_published_in><power_dndinsider_id>10438</power_dndinsider_id><formatOutput>1</formatOutput></Power>
