<?xml version="1.0"?>
<Power><power_name>Allies to Enemies</power_name><power_class_and_level>Battlemind Attack 1</power_class_and_level><power_flavor>Your attack rattles your foe with a vision of its allies betraying it. The foe lashes out at a companion before realizing its mistake.</power_flavor><power_frequency>Daily</power_frequency><power_keywords>Charm, Psionic, Psychic, Weapon</power_keywords><power_action_type>Standard Action</power_action_type><power_range_and_aoe>Melee weapon</power_range_and_aoe><power_rules>Target: One creature
Attack: Constitution vs. AC
Hit: 2[W] + Constitution modifier psychic damage, and the target makes a melee basic attack as a free action against a creature of your choice.
Miss: Half damage.</power_rules><power_rules_html>&lt;span class="flavor"&gt;&lt;b&gt;Target: &lt;/b&gt;One creature&lt;/span&gt;
&lt;span class="flavor"&gt;&lt;b&gt;Attack: &lt;/b&gt;Constitution vs. AC&lt;/span&gt;
&lt;span class="flavor"&gt;&lt;b&gt;Hit: &lt;/b&gt;2[W] + Constitution modifier psychic damage, and the target makes a melee basic attack as a free action against a creature of your choice.&lt;/span&gt;
&lt;span class="flavor"&gt;&lt;b&gt;Miss: &lt;/b&gt;Half damage.&lt;/span&gt;
</power_rules_html><power_published_in>Player's Handbook 3, page(s) 45. </power_published_in><power_dndinsider_id>10442</power_dndinsider_id><formatOutput>1</formatOutput></Power>
