<?xml version="1.0"?>
<Power><power_name>Relentless Strike Attack</power_name><power_class_and_level>Battlemind Attack 19</power_class_and_level><power_flavor>You assume perfect positioning and strike with precision to leave a lasting wound. While in this stance, you can deliver a staggering blow to any enemy that tries to move away from you.</power_flavor><power_frequency>Daily</power_frequency><power_keywords>Psionic, Stance, Weapon</power_keywords><power_action_type>Standard Action</power_action_type><power_range_and_aoe>Close burst 1</power_range_and_aoe><power_rules>Target: Each enemy in the burst
Attack: Constitution vs. AC
Hit: 3[W] + Constitution modifier damage, and ongoing 5 damage (save ends).
Miss: Half damage.
Effect: You assume the perfect storm stance. Until the stance ends, you can use the power Relentless Strike Attack.
Daily
Psionic
,
Weapon
Opportunity Action
Melee
1
Requirement: The perfect storm stance from Relentless Strike must be active in order to use this power.
Trigger: An adjacent enemy marked by you moves without shifting
Target: The triggering enemy
Hit: 1[W] + Constitution modifier damage, and the target is dazed until the end of your next turn.
Level 21: 2[W] + Constitution modifier damage.</power_rules><power_rules_html>&lt;span class="flavor"&gt;&lt;b&gt;Target: &lt;/b&gt;Each enemy in the burst&lt;/span&gt;
&lt;span class="flavor"&gt;&lt;b&gt;Attack: &lt;/b&gt;Constitution vs. AC&lt;/span&gt;
&lt;span class="flavor"&gt;&lt;b&gt;Hit: &lt;/b&gt;3[W] + Constitution modifier damage, and ongoing 5 damage (save ends).&lt;/span&gt;
&lt;span class="flavor"&gt;&lt;b&gt;Miss: &lt;/b&gt;Half damage.&lt;/span&gt;
&lt;span class="flavor"&gt;&lt;b&gt;Effect: &lt;/b&gt;You assume the perfect storm stance. Until the stance ends, you can use the power Relentless Strike Attack.&lt;/span&gt;
&lt;span class="flavor"&gt;Daily&lt;/span&gt;
&lt;span class="flavor"&gt;Psionic&lt;/span&gt;
&lt;span class="flavor"&gt;,&lt;/span&gt;
&lt;span class="flavor"&gt;Weapon&lt;/span&gt;
&lt;span class="flavor"&gt;Opportunity Action&lt;/span&gt;
&lt;span class="flavor"&gt;Melee&lt;/span&gt;
&lt;span class="flavor"&gt;1&lt;/span&gt;
&lt;span class="flavor"&gt;&lt;b&gt;Requirement: &lt;/b&gt;The perfect storm stance from Relentless Strike must be active in order to use this power.&lt;/span&gt;
&lt;span class="flavor"&gt;&lt;b&gt;Trigger: &lt;/b&gt;An adjacent enemy marked by you moves without shifting&lt;/span&gt;
&lt;span class="flavor"&gt;&lt;b&gt;Target: &lt;/b&gt;The triggering enemy&lt;/span&gt;
&lt;span class="flavor"&gt;&lt;b&gt;Hit: &lt;/b&gt;1[W] + Constitution modifier damage, and the target is dazed until the end of your next turn.&lt;/span&gt;
&lt;span class="flavor"&gt;Level 21: 2[W] + Constitution modifier damage.&lt;/span&gt;
</power_rules_html><power_published_in>Player's Handbook 3, page(s) 54. </power_published_in><power_dndinsider_id>10447</power_dndinsider_id><formatOutput>1</formatOutput></Power>
