<?xml version="1.0"?>
<Power><power_name>Speed of Thought</power_name><power_class_and_level>Battlemind Feature</power_class_and_level><power_flavor>You move in the blink of an eye, reaching your foes before they can draw their weapons.</power_flavor><power_frequency>Encounter</power_frequency><power_keywords>Psionic</power_keywords><power_action_type>Free Action</power_action_type><power_range_and_aoe>Personal </power_range_and_aoe><power_rules>Trigger: You roll initiative
Effect: You move a number of squares equal to 3 + your Charisma modifier.
Special: You can use this power even if you&#x2019;re surprised.</power_rules><power_rules_html>&lt;span class="flavor"&gt;&lt;b&gt;Trigger: &lt;/b&gt;You roll initiative&lt;/span&gt;
&lt;span class="flavor"&gt;&lt;b&gt;Effect: &lt;/b&gt;You move a number of squares equal to 3 + your Charisma modifier.&lt;/span&gt;
&lt;span class="flavor"&gt;&lt;b&gt;Special: &lt;/b&gt;You can use this power even if you&#x2019;re surprised.&lt;/span&gt;
</power_rules_html><power_published_in>Player's Handbook 3, page(s) 44. </power_published_in><power_dndinsider_id>10441</power_dndinsider_id><formatOutput>1</formatOutput></Power>
