<?xml version="1.0"?>
<Power><power_name>Telepathic Challenge</power_name><power_class_and_level>Battlemind Utility 2</power_class_and_level><power_flavor>You loom large in your foes&#x2019; minds, forcing the enemies to turn their attention toward you.</power_flavor><power_frequency>Encounter</power_frequency><power_keywords>Psionic</power_keywords><power_action_type>Minor Action</power_action_type><power_range_and_aoe>Close burst 2</power_range_and_aoe><power_rules>Target: Each enemy in the burst
Effect: You mark each target until the end of your next turn.</power_rules><power_rules_html>&lt;span class="flavor"&gt;&lt;b&gt;Target: &lt;/b&gt;Each enemy in the burst&lt;/span&gt;
&lt;span class="flavor"&gt;&lt;b&gt;Effect: &lt;/b&gt;You mark each target until the end of your next turn.&lt;/span&gt;
</power_rules_html><power_published_in>Player's Handbook 3, page(s) 46. </power_published_in><power_dndinsider_id>10443</power_dndinsider_id><formatOutput>1</formatOutput></Power>
