<?xml version="1.0"?>
<Power><power_name>Step of the Pursuer</power_name><power_class_and_level>Battlemind Attack 17</power_class_and_level><power_flavor>Your attack hammers your foe, allowing you to bind it with a psionic link that keeps your enemy close.</power_flavor><power_frequency>At-Will</power_frequency><power_keywords>Augmentable, Psionic, Weapon</power_keywords><power_action_type>Standard Action</power_action_type><power_range_and_aoe>Melee weapon</power_range_and_aoe><power_rules>Target: One creature
Attack: Constitution vs. AC
Hit: 1[W] + Constitution modifier damage. If the target moves away from you on its next turn, you can use a free action to shift 3 squares to a square closer to the target after its move.
Hit: 1[W] + Constitution modifier damage. You are immune to the slowed and immobilized conditions until the end of your next turn.
Keyword: The power gains the teleportation keyword.
Hit: 3[W] + Constitution modifier damage. If the target moves away from you on its next turn, you can use a free action to teleport to a square adjacent to the target after its move.</power_rules><power_rules_html>&lt;span class="flavor"&gt;&lt;b&gt;Target: &lt;/b&gt;One creature&lt;/span&gt;
&lt;span class="flavor"&gt;&lt;b&gt;Attack: &lt;/b&gt;Constitution vs. AC&lt;/span&gt;
&lt;span class="flavor"&gt;&lt;b&gt;Hit: &lt;/b&gt;1[W] + Constitution modifier damage. If the target moves away from you on its next turn, you can use a free action to shift 3 squares to a square closer to the target after its move.&lt;/span&gt;
&lt;span class="flavor"&gt;&lt;b&gt;Hit: &lt;/b&gt;1[W] + Constitution modifier damage. You are immune to the slowed and immobilized conditions until the end of your next turn.&lt;/span&gt;
&lt;span class="flavor"&gt;&lt;b&gt;Keyword: &lt;/b&gt;The power gains the teleportation keyword.&lt;/span&gt;
&lt;span class="flavor"&gt;&lt;b&gt;Hit: &lt;/b&gt;3[W] + Constitution modifier damage. If the target moves away from you on its next turn, you can use a free action to teleport to a square adjacent to the target after its move.&lt;/span&gt;
</power_rules_html><power_published_in>Player's Handbook 3, page(s) 53. </power_published_in><power_dndinsider_id>10445</power_dndinsider_id><formatOutput>1</formatOutput></Power>
