<?xml version="1.0"?>
<Power><power_name>Mind Spike</power_name><power_class_and_level>Battlemind Feature</power_class_and_level><power_flavor>You force your enemy to feel the pain that it inflicts on your friend.</power_flavor><power_frequency>At-Will</power_frequency><power_keywords>Force, Psionic, Psychic</power_keywords><power_action_type>Immediate Reaction</power_action_type><power_range_and_aoe>Melee 1</power_range_and_aoe><power_rules>Trigger: An adjacent enemy marked by you deals damage to your ally with an attack that doesn&#x2019;t include you as a target
Target: The triggering enemy
Effect: The target takes force and psychic damage equal to the damage that its attack dealt to your ally.</power_rules><power_rules_html>&lt;span class="flavor"&gt;&lt;b&gt;Trigger: &lt;/b&gt;An adjacent enemy marked by you deals damage to your ally with an attack that doesn&#x2019;t include you as a target&lt;/span&gt;
&lt;span class="flavor"&gt;&lt;b&gt;Target: &lt;/b&gt;The triggering enemy&lt;/span&gt;
&lt;span class="flavor"&gt;&lt;b&gt;Effect: &lt;/b&gt;The target takes force and psychic damage equal to the damage that its attack dealt to your ally.&lt;/span&gt;
</power_rules_html><power_published_in>Player's Handbook 3, page(s) 44. </power_published_in><power_dndinsider_id>10440</power_dndinsider_id><formatOutput>1</formatOutput></Power>
