<?xml version="1.0"?>
<Power><power_name>Battle Vortex</power_name><power_class_and_level>Battlemind Attack 17</power_class_and_level><power_flavor>Your attack creates a vortex that sends waves of psychic energy crashing over your enemies. By increasing the vortex&#x2019;s intensity, you can move or lock down your foes.</power_flavor><power_frequency>At-Will</power_frequency><power_keywords>Augmentable, Psionic, Psychic, Weapon</power_keywords><power_action_type>Standard Action</power_action_type><power_range_and_aoe>Melee weapon</power_range_and_aoe><power_rules>Target: One creature
Attack: Constitution vs. AC
Hit: 1[W] + Constitution modifier damage. Until the end of your next turn, when any enemy starts its turn within 2 squares of you but ends its turn more than 2 squares away from you, that enemy takes psychic damage equal to your Constitution modifier.
Hit: 1[W] + Constitution modifier damage. Until the end of your next turn, while the target is within 2 squares of you, it takes a -2 penalty to attack rolls against your allies who are more than 2 squares away from you.
Keyword: The power gains the teleportation keyword.
Hit: 3[W] + Constitution modifier damage. Until the end of your next turn, when any enemy starts its turn within 2 squares of you but ends its turn more than 2 squares away from you, you can teleport that enemy 3 squares as a free action, and it is immobilized until the end of its next turn.</power_rules><power_rules_html>&lt;span class="flavor"&gt;&lt;b&gt;Target: &lt;/b&gt;One creature&lt;/span&gt;
&lt;span class="flavor"&gt;&lt;b&gt;Attack: &lt;/b&gt;Constitution vs. AC&lt;/span&gt;
&lt;span class="flavor"&gt;&lt;b&gt;Hit: &lt;/b&gt;1[W] + Constitution modifier damage. Until the end of your next turn, when any enemy starts its turn within 2 squares of you but ends its turn more than 2 squares away from you, that enemy takes psychic damage equal to your Constitution modifier.&lt;/span&gt;
&lt;span class="flavor"&gt;&lt;b&gt;Hit: &lt;/b&gt;1[W] + Constitution modifier damage. Until the end of your next turn, while the target is within 2 squares of you, it takes a -2 penalty to attack rolls against your allies who are more than 2 squares away from you.&lt;/span&gt;
&lt;span class="flavor"&gt;&lt;b&gt;Keyword: &lt;/b&gt;The power gains the teleportation keyword.&lt;/span&gt;
&lt;span class="flavor"&gt;&lt;b&gt;Hit: &lt;/b&gt;3[W] + Constitution modifier damage. Until the end of your next turn, when any enemy starts its turn within 2 squares of you but ends its turn more than 2 squares away from you, you can teleport that enemy 3 squares as a free action, and it is immobilized until the end of its next turn.&lt;/span&gt;
</power_rules_html><power_published_in>Player's Handbook 3, page(s) 52. </power_published_in><power_dndinsider_id>10446</power_dndinsider_id><formatOutput>1</formatOutput></Power>
