<?xml version="1.0"?>
<Power><power_name>Vengeful Mind</power_name><power_class_and_level>Battlemind Attack 19</power_class_and_level><power_flavor>You shunt aside your wrath at seeing your friends attacked, focusing your rage to lend exacting precision to your attacks.</power_flavor><power_frequency>Daily</power_frequency><power_keywords>Psionic, Weapon</power_keywords><power_action_type>Standard Action</power_action_type><power_range_and_aoe>Melee weapon</power_range_and_aoe><power_rules>Target: One creature
Attack: Constitution vs. AC
Hit: 4[W] + Constitution modifier damage.
Miss: Half damage.
Effect: Until the end of the encounter, when the target attacks any ally of yours, you gain a +2 power bonus to attack rolls against the target until the end of your next turn. If you already have the bonus when the target attacks an ally, the bonus increases by 1.</power_rules><power_rules_html>&lt;span class="flavor"&gt;&lt;b&gt;Target: &lt;/b&gt;One creature&lt;/span&gt;
&lt;span class="flavor"&gt;&lt;b&gt;Attack: &lt;/b&gt;Constitution vs. AC&lt;/span&gt;
&lt;span class="flavor"&gt;&lt;b&gt;Hit: &lt;/b&gt;4[W] + Constitution modifier damage.&lt;/span&gt;
&lt;span class="flavor"&gt;&lt;b&gt;Miss: &lt;/b&gt;Half damage.&lt;/span&gt;
&lt;span class="flavor"&gt;&lt;b&gt;Effect: &lt;/b&gt;Until the end of the encounter, when the target attacks any ally of yours, you gain a +2 power bonus to attack rolls against the target until the end of your next turn. If you already have the bonus when the target attacks an ally, the bonus increases by 1.&lt;/span&gt;
</power_rules_html><power_published_in>Player's Handbook 3, page(s) 54. </power_published_in><power_dndinsider_id>10449</power_dndinsider_id><formatOutput>1</formatOutput></Power>
