<?xml version="1.0"?>
<Power><power_name>Spring Assault</power_name><power_class_and_level>Battlemind Attack 23</power_class_and_level><power_flavor>You leap toward your foe and unleash a fury of blows that overwhelm its defenses.</power_flavor><power_frequency>At-Will</power_frequency><power_keywords>Augmentable, Psionic, Weapon</power_keywords><power_action_type>Standard Action</power_action_type><power_range_and_aoe>Melee weapon</power_range_and_aoe><power_rules>Target: One creature
Attack: Constitution vs. AC. If you weren&#x2019;t adjacent to the target at the start of this turn, the target grants combat advantage to you for this attack.
Hit: 1[W] + Constitution modifier damage.
Hit: 2[W] + Constitution modifier damage, and you shift 3 squares. If you use this power unaugmented on your next turn, you can shift 3 squares as a free action either before or after the attack.
Hit: 3[W] + Constitution modifier damage, and you are invisible to the target until the end of your next turn.</power_rules><power_rules_html>&lt;span class="flavor"&gt;&lt;b&gt;Target: &lt;/b&gt;One creature&lt;/span&gt;
&lt;span class="flavor"&gt;&lt;b&gt;Attack: &lt;/b&gt;Constitution vs. AC. If you weren&#x2019;t adjacent to the target at the start of this turn, the target grants combat advantage to you for this attack.&lt;/span&gt;
&lt;span class="flavor"&gt;&lt;b&gt;Hit: &lt;/b&gt;1[W] + Constitution modifier damage.&lt;/span&gt;
&lt;span class="flavor"&gt;&lt;b&gt;Hit: &lt;/b&gt;2[W] + Constitution modifier damage, and you shift 3 squares. If you use this power unaugmented on your next turn, you can shift 3 squares as a free action either before or after the attack.&lt;/span&gt;
&lt;span class="flavor"&gt;&lt;b&gt;Hit: &lt;/b&gt;3[W] + Constitution modifier damage, and you are invisible to the target until the end of your next turn.&lt;/span&gt;
</power_rules_html><power_published_in>Player's Handbook 3, page(s) 55. </power_published_in><power_dndinsider_id>10451</power_dndinsider_id><formatOutput>1</formatOutput></Power>
