<?xml version="1.0"?>
<Power><power_name>Deadly Haste Attack</power_name><power_class_and_level>Battlemind Attack 25</power_class_and_level><power_flavor>You weave through the battlefield, darting to a new foe after each strike with such speed that your enemies think they face an army.</power_flavor><power_frequency>Daily</power_frequency><power_keywords>Psionic, Stance, Weapon</power_keywords><power_action_type>Standard Action</power_action_type><power_range_and_aoe>Melee weapon</power_range_and_aoe><power_rules>Target: One, two, three, or four creatures
Attack: Constitution vs. AC
Hit: 3[W] + Constitution modifier damage.
Miss: Half damage.
Effect: Before each attack but the first, you shift your speed. After making all the attacks, you assume the deadly haste stance. Until the stance ends, you can use the Deadly Haste Attack power.
At-Will
Psionic
,
Stance
Weapon
Opportunity Action
Melee
1
Requirement: The power Deadly Haste Strike must be active in order to use this power.
Trigger: An adjacent enemy marked by you moves without shifting
Target: The triggering enemy
Hit: 2[W] + Constitution modifier damage. You shift half your speed and make a melee basic attack against a different enemy.</power_rules><power_rules_html>&lt;span class="flavor"&gt;&lt;b&gt;Target: &lt;/b&gt;One, two, three, or four creatures&lt;/span&gt;
&lt;span class="flavor"&gt;&lt;b&gt;Attack: &lt;/b&gt;Constitution vs. AC&lt;/span&gt;
&lt;span class="flavor"&gt;&lt;b&gt;Hit: &lt;/b&gt;3[W] + Constitution modifier damage.&lt;/span&gt;
&lt;span class="flavor"&gt;&lt;b&gt;Miss: &lt;/b&gt;Half damage.&lt;/span&gt;
&lt;span class="flavor"&gt;&lt;b&gt;Effect: &lt;/b&gt;Before each attack but the first, you shift your speed. After making all the attacks, you assume the deadly haste stance. Until the stance ends, you can use the Deadly Haste Attack power.&lt;/span&gt;
&lt;span class="flavor"&gt;At-Will&lt;/span&gt;
&lt;span class="flavor"&gt;Psionic&lt;/span&gt;
&lt;span class="flavor"&gt;,&lt;/span&gt;
&lt;span class="flavor"&gt;Stance&lt;/span&gt;
&lt;span class="flavor"&gt;Weapon&lt;/span&gt;
&lt;span class="flavor"&gt;Opportunity Action&lt;/span&gt;
&lt;span class="flavor"&gt;Melee&lt;/span&gt;
&lt;span class="flavor"&gt;1&lt;/span&gt;
&lt;span class="flavor"&gt;&lt;b&gt;Requirement: &lt;/b&gt;The power Deadly Haste Strike must be active in order to use this power.&lt;/span&gt;
&lt;span class="flavor"&gt;&lt;b&gt;Trigger: &lt;/b&gt;An adjacent enemy marked by you moves without shifting&lt;/span&gt;
&lt;span class="flavor"&gt;&lt;b&gt;Target: &lt;/b&gt;The triggering enemy&lt;/span&gt;
&lt;span class="flavor"&gt;&lt;b&gt;Hit: &lt;/b&gt;2[W] + Constitution modifier damage. You shift half your speed and make a melee basic attack against a different enemy.&lt;/span&gt;
</power_rules_html><power_published_in>Player's Handbook 3, page(s) 56. </power_published_in><power_dndinsider_id>10454</power_dndinsider_id><formatOutput>1</formatOutput></Power>
