<?xml version="1.0"?>
<Power><power_name>Tactical Supremacy</power_name><power_class_and_level>Battlemind Utility 22</power_class_and_level><power_flavor>You&#x2019;re an avatar of battle, taking advantage of the slightest flaws in your enemies&#x2019; defenses to gain supremacy over them.</power_flavor><power_frequency>Daily</power_frequency><power_keywords>Psionic</power_keywords><power_action_type>Minor Action</power_action_type><power_range_and_aoe>Personal </power_range_and_aoe><power_rules>Effect: Until the end of the encounter, enemies grant combat advantage to you.</power_rules><power_rules_html>&lt;span class="flavor"&gt;&lt;b&gt;Effect: &lt;/b&gt;Until the end of the encounter, enemies grant combat advantage to you.&lt;/span&gt;
</power_rules_html><power_published_in>Player's Handbook 3, page(s) 54. </power_published_in><power_dndinsider_id>10453</power_dndinsider_id><formatOutput>1</formatOutput></Power>
