<?xml version="1.0"?>
<Power><power_name>Indomitable Maneuver</power_name><power_class_and_level>Battlemind Utility 22</power_class_and_level><power_flavor>Assessing your enemies&#x2019; weaknesses, you maneuver past your foes, positioning yourself to your best advantage.</power_flavor><power_frequency>Encounter</power_frequency><power_keywords>Psionic</power_keywords><power_action_type>Move Action</power_action_type><power_range_and_aoe>Personal </power_range_and_aoe><power_rules>Effect: You shift 12 squares and can move through enemies&#x2019; spaces during the shift.</power_rules><power_rules_html>&lt;span class="flavor"&gt;&lt;b&gt;Effect: &lt;/b&gt;You shift 12 squares and can move through enemies&#x2019; spaces during the shift.&lt;/span&gt;
</power_rules_html><power_published_in>Player's Handbook 3, page(s) 54. </power_published_in><power_dndinsider_id>10452</power_dndinsider_id><formatOutput>1</formatOutput></Power>
