<?xml version="1.0"?>
<Power><power_name>Cage of Cowardice</power_name><power_class_and_level>Battlemind Attack 27</power_class_and_level><power_flavor>Your attack undermines your foe&#x2019;s confidence in attacking anyone but you. Using more psionic energy, you can stun the foe.</power_flavor><power_frequency>At-Will</power_frequency><power_keywords>Augmentable, Psionic, Weapon</power_keywords><power_action_type>Standard Action</power_action_type><power_range_and_aoe>Melee weapon</power_range_and_aoe><power_rules>Target: One creature
Attack: Constitution vs. AC
Hit: 1[W] + Constitution modifier damage, and you mark the target until the end of your next turn.
Hit: 2[W] + Constitution modifier damage, and you mark the target until the end of your next turn.
Special: When making an opportunity attack, you can use this power in place of a melee basic attack.
Hit: 2[W] + Constitution modifier damage, and the target is stunned until the end of your next turn.</power_rules><power_rules_html>&lt;span class="flavor"&gt;&lt;b&gt;Target: &lt;/b&gt;One creature&lt;/span&gt;
&lt;span class="flavor"&gt;&lt;b&gt;Attack: &lt;/b&gt;Constitution vs. AC&lt;/span&gt;
&lt;span class="flavor"&gt;&lt;b&gt;Hit: &lt;/b&gt;1[W] + Constitution modifier damage, and you mark the target until the end of your next turn.&lt;/span&gt;
&lt;span class="flavor"&gt;&lt;b&gt;Hit: &lt;/b&gt;2[W] + Constitution modifier damage, and you mark the target until the end of your next turn.&lt;/span&gt;
&lt;span class="flavor"&gt;&lt;b&gt;Special: &lt;/b&gt;When making an opportunity attack, you can use this power in place of a melee basic attack.&lt;/span&gt;
&lt;span class="flavor"&gt;&lt;b&gt;Hit: &lt;/b&gt;2[W] + Constitution modifier damage, and the target is stunned until the end of your next turn.&lt;/span&gt;
</power_rules_html><power_published_in>Player's Handbook 3, page(s) 56. </power_published_in><power_dndinsider_id>10458</power_dndinsider_id><formatOutput>1</formatOutput></Power>
