<?xml version="1.0"?>
<Power><power_name>Mind-Sundering Attack</power_name><power_class_and_level>Battlemind Attack 29</power_class_and_level><power_flavor>You unleash a burst of psychic energy as you spin and slash with your weapon, sending your foes reeling.</power_flavor><power_frequency>Daily</power_frequency><power_keywords>Psionic, Psychic, Stance, Weapon</power_keywords><power_action_type>Standard Action</power_action_type><power_range_and_aoe>Close burst 3</power_range_and_aoe><power_rules>Target: Each creature in the burst
Attack: Constitution vs. Will
Hit: 4[W] + Constitution modifier psychic damage, and the primary target is dazed and immobilized (save ends both).
Miss: Half damage, and the primary target is dazed until the end of your next turn.
Effect: You assume the mind-sundering stance. Until the stance ends, you can use the power Mind-Sundering Attack.
You unleash a burst of psychic energy as you spin and slash with your weapon, sending your foes reeling.
Daily
Psionic
,
Psychic
Weapon
Opportunity Action
Melee
1
Requirement: The power Mind-Sundering Burst must be active in order for you to use this power.
Trigger: An adjacent enemy marked by you moves without shifting
Target: The triggering enemy
Attack: Constitution vs. AC
Hit: 2[W] + Constitution modifier damage. You slide the target 3 squares to a square adjacent to you, and it is immobilized (save ends).</power_rules><power_rules_html>&lt;span class="flavor"&gt;&lt;b&gt;Target: &lt;/b&gt;Each creature in the burst&lt;/span&gt;
&lt;span class="flavor"&gt;&lt;b&gt;Attack: &lt;/b&gt;Constitution vs. Will&lt;/span&gt;
&lt;span class="flavor"&gt;&lt;b&gt;Hit: &lt;/b&gt;4[W] + Constitution modifier psychic damage, and the primary target is dazed and immobilized (save ends both).&lt;/span&gt;
&lt;span class="flavor"&gt;&lt;b&gt;Miss: &lt;/b&gt;Half damage, and the primary target is dazed until the end of your next turn.&lt;/span&gt;
&lt;span class="flavor"&gt;&lt;b&gt;Effect: &lt;/b&gt;You assume the mind-sundering stance. Until the stance ends, you can use the power Mind-Sundering Attack.&lt;/span&gt;
&lt;span class="flavor"&gt;You unleash a burst of psychic energy as you spin and slash with your weapon, sending your foes reeling.&lt;/span&gt;
&lt;span class="flavor"&gt;Daily&lt;/span&gt;
&lt;span class="flavor"&gt;Psionic&lt;/span&gt;
&lt;span class="flavor"&gt;,&lt;/span&gt;
&lt;span class="flavor"&gt;Psychic&lt;/span&gt;
&lt;span class="flavor"&gt;Weapon&lt;/span&gt;
&lt;span class="flavor"&gt;Opportunity Action&lt;/span&gt;
&lt;span class="flavor"&gt;Melee&lt;/span&gt;
&lt;span class="flavor"&gt;1&lt;/span&gt;
&lt;span class="flavor"&gt;&lt;b&gt;Requirement: &lt;/b&gt;The power Mind-Sundering Burst must be active in order for you to use this power.&lt;/span&gt;
&lt;span class="flavor"&gt;&lt;b&gt;Trigger: &lt;/b&gt;An adjacent enemy marked by you moves without shifting&lt;/span&gt;
&lt;span class="flavor"&gt;&lt;b&gt;Target: &lt;/b&gt;The triggering enemy&lt;/span&gt;
&lt;span class="flavor"&gt;&lt;b&gt;Attack: &lt;/b&gt;Constitution vs. AC&lt;/span&gt;
&lt;span class="flavor"&gt;&lt;b&gt;Hit: &lt;/b&gt;2[W] + Constitution modifier damage. You slide the target 3 squares to a square adjacent to you, and it is immobilized (save ends).&lt;/span&gt;
</power_rules_html><power_published_in>Player's Handbook 3, page(s) 57. </power_published_in><power_dndinsider_id>10459</power_dndinsider_id><formatOutput>1</formatOutput></Power>
