<?xml version="1.0"?>
<Power><power_name>Brilliant Recovery</power_name><power_class_and_level>Battlemind Attack 27</power_class_and_level><power_flavor>After missing your foe with an attack, you shift your grip on your weapon and make a quick follow-up strike.</power_flavor><power_frequency>At-Will</power_frequency><power_keywords>Augmentable, Psionic, Weapon</power_keywords><power_action_type>Minor Action</power_action_type><power_range_and_aoe>Melee weapon</power_range_and_aoe><power_rules>Target: An enemy you missed with an attack during this turn
Attack: Constitution vs. AC
Hit: 1[W] + Constitution modifier damage.
Attack: Constitution vs. Reflex
Hit: 2[W] + Constitution modifier damage.
Hit: 3[W] + Constitution modifier damage.
Miss: You regain the power points you spent to augment this power.</power_rules><power_rules_html>&lt;span class="flavor"&gt;&lt;b&gt;Target: &lt;/b&gt;An enemy you missed with an attack during this turn&lt;/span&gt;
&lt;span class="flavor"&gt;&lt;b&gt;Attack: &lt;/b&gt;Constitution vs. AC&lt;/span&gt;
&lt;span class="flavor"&gt;&lt;b&gt;Hit: &lt;/b&gt;1[W] + Constitution modifier damage.&lt;/span&gt;
&lt;span class="flavor"&gt;&lt;b&gt;Attack: &lt;/b&gt;Constitution vs. Reflex&lt;/span&gt;
&lt;span class="flavor"&gt;&lt;b&gt;Hit: &lt;/b&gt;2[W] + Constitution modifier damage.&lt;/span&gt;
&lt;span class="flavor"&gt;&lt;b&gt;Hit: &lt;/b&gt;3[W] + Constitution modifier damage.&lt;/span&gt;
&lt;span class="flavor"&gt;&lt;b&gt;Miss: &lt;/b&gt;You regain the power points you spent to augment this power.&lt;/span&gt;
</power_rules_html><power_published_in>Player's Handbook 3, page(s) 56. </power_published_in><power_dndinsider_id>10457</power_dndinsider_id><formatOutput>1</formatOutput></Power>
