<?xml version="1.0"?>
<Power><power_name>Psychic Hammer</power_name><power_class_and_level>Battlemind Attack 25</power_class_and_level><power_flavor>Your attack leaves your enemy unable to think clearly. With a subtle mental push, you can direct the enemy&#x2019;s actions.</power_flavor><power_frequency>Daily</power_frequency><power_keywords>Charm, Psionic, Psychic, Weapon</power_keywords><power_action_type>Standard Action</power_action_type><power_range_and_aoe>Melee weapon</power_range_and_aoe><power_rules>Target: One creature
Attack: Constitution vs. Will
Hit: 3[W] + Constitution modifier psychic damage, and the target is dominated (save ends). Until this domination ends, you can use a free action at the start of each of the target&#x2019;s turns to slide the target a number of squares equal to its speed.
Miss: Half damage, and the target is dazed (save ends).</power_rules><power_rules_html>&lt;span class="flavor"&gt;&lt;b&gt;Target: &lt;/b&gt;One creature&lt;/span&gt;
&lt;span class="flavor"&gt;&lt;b&gt;Attack: &lt;/b&gt;Constitution vs. Will&lt;/span&gt;
&lt;span class="flavor"&gt;&lt;b&gt;Hit: &lt;/b&gt;3[W] + Constitution modifier psychic damage, and the target is dominated (save ends). Until this domination ends, you can use a free action at the start of each of the target&#x2019;s turns to slide the target a number of squares equal to its speed.&lt;/span&gt;
&lt;span class="flavor"&gt;&lt;b&gt;Miss: &lt;/b&gt;Half damage, and the target is dazed (save ends).&lt;/span&gt;
</power_rules_html><power_published_in>Player's Handbook 3, page(s) 56. </power_published_in><power_dndinsider_id>10456</power_dndinsider_id><formatOutput>1</formatOutput></Power>
