<?xml version="1.0"?>
<Power><power_name>Armor of Blades</power_name><power_class_and_level>Battlemind Attack 23</power_class_and_level><power_flavor>As your foe attacks your ally, you intervene to protect your friend.</power_flavor><power_frequency>At-Will</power_frequency><power_keywords>Augmentable, Psionic, Weapon</power_keywords><power_action_type>Immediate Interrupt</power_action_type><power_range_and_aoe>Melee 1</power_range_and_aoe><power_rules>Trigger: An enemy adjacent to you targets one of your allies with a melee attack
Target: The triggering enemy
Attack: Constitution vs. AC
Hit: 1[W] + Constitution modifier damage, and the target attacks you instead of the ally.
Effect: You don&#x2019;t get your normal standard action on your next turn.
Hit: 2[W] + Constitution modifier damage, and the target takes a penalty to its attack roll equal to your Charisma modifier.
Hit: 3[W] + Constitution modifier damage, and you slide the target 3 squares and shift 3 squares to a square adjacent to it. The target then attacks you instead of the ally.
Effect: You get your normal standard action on your next turn.</power_rules><power_rules_html>&lt;span class="flavor"&gt;&lt;b&gt;Trigger: &lt;/b&gt;An enemy adjacent to you targets one of your allies with a melee attack&lt;/span&gt;
&lt;span class="flavor"&gt;&lt;b&gt;Target: &lt;/b&gt;The triggering enemy&lt;/span&gt;
&lt;span class="flavor"&gt;&lt;b&gt;Attack: &lt;/b&gt;Constitution vs. AC&lt;/span&gt;
&lt;span class="flavor"&gt;&lt;b&gt;Hit: &lt;/b&gt;1[W] + Constitution modifier damage, and the target attacks you instead of the ally.&lt;/span&gt;
&lt;span class="flavor"&gt;&lt;b&gt;Effect: &lt;/b&gt;You don&#x2019;t get your normal standard action on your next turn.&lt;/span&gt;
&lt;span class="flavor"&gt;&lt;b&gt;Hit: &lt;/b&gt;2[W] + Constitution modifier damage, and the target takes a penalty to its attack roll equal to your Charisma modifier.&lt;/span&gt;
&lt;span class="flavor"&gt;&lt;b&gt;Hit: &lt;/b&gt;3[W] + Constitution modifier damage, and you slide the target 3 squares and shift 3 squares to a square adjacent to it. The target then attacks you instead of the ally.&lt;/span&gt;
&lt;span class="flavor"&gt;&lt;b&gt;Effect: &lt;/b&gt;You get your normal standard action on your next turn.&lt;/span&gt;
</power_rules_html><power_published_in>Player's Handbook 3, page(s) 54. </power_published_in><power_dndinsider_id>10450</power_dndinsider_id><formatOutput>1</formatOutput></Power>
