<?xml version="1.0"?>
<Power><power_name>Combat Agility</power_name><power_class_and_level>Fighter Attack</power_class_and_level><power_flavor>Your foe might think it has escaped you, but in its moment of triumph, you chase it down and make it pay.</power_flavor><power_frequency>At-Will</power_frequency><power_keywords>Martial, Weapon</power_keywords><power_action_type>Opportunity Action</power_action_type><power_range_and_aoe>Melee weapon</power_range_and_aoe><power_rules>Trigger: An enemy adjacent to you takes an action that provokes an opportunity attack
Effect: After the triggering enemy completes the action, you shift a number of squares equal to your Dexterity modifier. You must end the shift closer to the target than you were when you began the shift. Then make the following attack.
Target: The triggering enemy
Attack: Strength vs. AC
Hit: 1[W] + Strength modifier damage, and you knock the target prone.
Level 21: 2[W] + Strength modifier damage.</power_rules><power_rules_html>&lt;span class="flavor"&gt;&lt;b&gt;Trigger: &lt;/b&gt;An enemy adjacent to you takes an action that provokes an opportunity attack&lt;/span&gt;
&lt;span class="flavor"&gt;&lt;b&gt;Effect: &lt;/b&gt;After the triggering enemy completes the action, you shift a number of squares equal to your Dexterity modifier. You must end the shift closer to the target than you were when you began the shift. Then make the following attack.&lt;/span&gt;
&lt;span class="flavor"&gt;&lt;b&gt;Target: &lt;/b&gt;The triggering enemy&lt;/span&gt;
&lt;span class="flavor"&gt;&lt;b&gt;Attack: &lt;/b&gt;Strength vs. AC&lt;/span&gt;
&lt;span class="flavor"&gt;&lt;b&gt;Hit: &lt;/b&gt;1[W] + Strength modifier damage, and you knock the target prone.&lt;/span&gt;
&lt;span class="flavor"&gt;Level 21: 2[W] + Strength modifier damage.&lt;/span&gt;
</power_rules_html><power_published_in>Martial Power 2, page(s) 6. </power_published_in><power_dndinsider_id>10469</power_dndinsider_id><formatOutput>1</formatOutput></Power>
