<?xml version="1.0"?>
<Power><power_name>Nova Strike</power_name><power_class_and_level>Battlemind Attack 29</power_class_and_level><power_flavor>You erupt into a blur of motion and launch a devastating attack.</power_flavor><power_frequency>Daily</power_frequency><power_keywords>Psionic, Weapon</power_keywords><power_action_type>Standard Action</power_action_type><power_range_and_aoe>Melee weapon</power_range_and_aoe><power_rules>Target: One creature
Attack: Constitution vs. Reflex
Hit: 7[W] + Constitution modifier damage. If you have no power points remaining, the damage increases by 2[W].
Miss: Half damage.</power_rules><power_rules_html>&lt;span class="flavor"&gt;&lt;b&gt;Target: &lt;/b&gt;One creature&lt;/span&gt;
&lt;span class="flavor"&gt;&lt;b&gt;Attack: &lt;/b&gt;Constitution vs. Reflex&lt;/span&gt;
&lt;span class="flavor"&gt;&lt;b&gt;Hit: &lt;/b&gt;7[W] + Constitution modifier damage. If you have no power points remaining, the damage increases by 2[W].&lt;/span&gt;
&lt;span class="flavor"&gt;&lt;b&gt;Miss: &lt;/b&gt;Half damage.&lt;/span&gt;
</power_rules_html><power_published_in>Player's Handbook 3, page(s) 57. </power_published_in><power_dndinsider_id>10461</power_dndinsider_id><formatOutput>1</formatOutput></Power>
