<?xml version="1.0"?>
<Power><power_name>Knifing Wind</power_name><power_class_and_level>Zephyr Blade Attack 11</power_class_and_level><power_flavor>As you slash your foe, you generate a psionic wind that knifes into your enemy&#x2019;s mind.</power_flavor><power_frequency>Encounter</power_frequency><power_keywords>Augmentable, Psionic, Weapon</power_keywords><power_action_type>Standard Action</power_action_type><power_range_and_aoe>Melee weapon</power_range_and_aoe><power_rules>Target: One creature
Attack: Constitution vs. AC
Hit: 1[W] + Constitution modifier damage, and the target is dazed until the end of your next turn.
Hit: 2[W] + Constitution modifier damage, and the target is dazed until the end of your next turn.</power_rules><power_rules_html>&lt;span class="flavor"&gt;&lt;b&gt;Target: &lt;/b&gt;One creature&lt;/span&gt;
&lt;span class="flavor"&gt;&lt;b&gt;Attack: &lt;/b&gt;Constitution vs. AC&lt;/span&gt;
&lt;span class="flavor"&gt;&lt;b&gt;Hit: &lt;/b&gt;1[W] + Constitution modifier damage, and the target is dazed until the end of your next turn.&lt;/span&gt;
&lt;span class="flavor"&gt;&lt;b&gt;Hit: &lt;/b&gt;2[W] + Constitution modifier damage, and the target is dazed until the end of your next turn.&lt;/span&gt;
</power_rules_html><power_published_in>Player's Handbook 3, page(s) 61. </power_published_in><power_dndinsider_id>10462</power_dndinsider_id><formatOutput>1</formatOutput></Power>
