<?xml version="1.0"?>
<Power><power_name>Storm Dance Attack</power_name><power_class_and_level>Zephyr Blade Attack 20</power_class_and_level><power_flavor>You become the screaming gale, encircling and buffeting your foes.</power_flavor><power_frequency>Daily</power_frequency><power_keywords>Psionic, Stance, Teleportation, Weapon</power_keywords><power_action_type>Standard Action</power_action_type><power_range_and_aoe>Melee weapon</power_range_and_aoe><power_rules>Target: One or two creatures
Attack: Constitution vs. AC
Hit: 3[W] + Constitution modifier damage.
Effect: If you attack two creatures with this power, you teleport 5 squares between the first and the second attack. You assume the storm dance stance. Until the stance ends, you can use the power Storm Dance Attack.
At-Will
Psionic
,
Teleportation
Weapon
Opportunity Action
Melee
1
Requirement: The power Storm Dance Strike must be active in order to use this power.
Trigger: An adjacent enemy marked by you moves without shifting
Target: The triggering enemy
Hit: 1[W] + Constitution modifier damage, and the secondary target is slowed until the end of your next turn. In addition, you teleport 5 squares and then teleport the secondary target to a square adjacent to you.
Level 21: 2[W] + Constitution modifier damage.</power_rules><power_rules_html>&lt;span class="flavor"&gt;&lt;b&gt;Target: &lt;/b&gt;One or two creatures&lt;/span&gt;
&lt;span class="flavor"&gt;&lt;b&gt;Attack: &lt;/b&gt;Constitution vs. AC&lt;/span&gt;
&lt;span class="flavor"&gt;&lt;b&gt;Hit: &lt;/b&gt;3[W] + Constitution modifier damage.&lt;/span&gt;
&lt;span class="flavor"&gt;&lt;b&gt;Effect: &lt;/b&gt;If you attack two creatures with this power, you teleport 5 squares between the first and the second attack. You assume the storm dance stance. Until the stance ends, you can use the power Storm Dance Attack.&lt;/span&gt;
&lt;span class="flavor"&gt;At-Will&lt;/span&gt;
&lt;span class="flavor"&gt;Psionic&lt;/span&gt;
&lt;span class="flavor"&gt;,&lt;/span&gt;
&lt;span class="flavor"&gt;Teleportation&lt;/span&gt;
&lt;span class="flavor"&gt;Weapon&lt;/span&gt;
&lt;span class="flavor"&gt;Opportunity Action&lt;/span&gt;
&lt;span class="flavor"&gt;Melee&lt;/span&gt;
&lt;span class="flavor"&gt;1&lt;/span&gt;
&lt;span class="flavor"&gt;&lt;b&gt;Requirement: &lt;/b&gt;The power Storm Dance Strike must be active in order to use this power.&lt;/span&gt;
&lt;span class="flavor"&gt;&lt;b&gt;Trigger: &lt;/b&gt;An adjacent enemy marked by you moves without shifting&lt;/span&gt;
&lt;span class="flavor"&gt;&lt;b&gt;Target: &lt;/b&gt;The triggering enemy&lt;/span&gt;
&lt;span class="flavor"&gt;&lt;b&gt;Hit: &lt;/b&gt;1[W] + Constitution modifier damage, and the secondary target is slowed until the end of your next turn. In addition, you teleport 5 squares and then teleport the secondary target to a square adjacent to you.&lt;/span&gt;
&lt;span class="flavor"&gt;Level 21: 2[W] + Constitution modifier damage.&lt;/span&gt;
</power_rules_html><power_published_in>Player's Handbook 3, page(s) 61. </power_published_in><power_dndinsider_id>10463</power_dndinsider_id><formatOutput>1</formatOutput></Power>
