<?xml version="1.0"?>
<Power><power_name>Mental Zephyr</power_name><power_class_and_level>Zephyr Blade Utility 12</power_class_and_level><power_flavor>You feel the bite from your enemy&#x2019;s attack and let the winds howling within you infuse your flesh and pull you to safety.</power_flavor><power_frequency>Encounter</power_frequency><power_keywords>Psionic</power_keywords><power_action_type>Immediate Reaction</power_action_type><power_range_and_aoe>Personal </power_range_and_aoe><power_rules>Trigger: An enemy hits you
Effect: You shift 1 square. Until the end of your next turn, you are insubstantial and phasing, and your attacks ignore the insubstantial quality.</power_rules><power_rules_html>&lt;span class="flavor"&gt;&lt;b&gt;Trigger: &lt;/b&gt;An enemy hits you&lt;/span&gt;
&lt;span class="flavor"&gt;&lt;b&gt;Effect: &lt;/b&gt;You shift 1 square. Until the end of your next turn, you are insubstantial and phasing, and your attacks ignore the insubstantial quality.&lt;/span&gt;
</power_rules_html><power_published_in>Player's Handbook 3, page(s) 61. </power_published_in><power_dndinsider_id>10465</power_dndinsider_id><formatOutput>1</formatOutput></Power>
