<?xml version="1.0"?>
<Power><power_name>Fear and Loathing</power_name><power_class_and_level>Steel Ego Attack 20</power_class_and_level><power_flavor>As you attack your foe, you bring the full force of your personality against it. The psychic assault rips through your foe&#x2019;s nerves.</power_flavor><power_frequency>Daily</power_frequency><power_keywords>Fear, Psionic, Psychic, Weapon</power_keywords><power_action_type>Standard Action</power_action_type><power_range_and_aoe>Melee weapon</power_range_and_aoe><power_rules>Target: One creature
Attack: Constitution vs. Fortitude
Hit: 4[W] + Constitution modifier psychic damage, and the target provokes opportunity attacks whenever it makes melee attacks (save ends).
Miss: Half damage, and the target provokes opportunity attacks whenever it makes melee attacks before the end of your next turn.
Effect: Until the end of the encounter, you can use a free action to slide the target 1 square whenever it is hit by an opportunity attack.</power_rules><power_rules_html>&lt;span class="flavor"&gt;&lt;b&gt;Target: &lt;/b&gt;One creature&lt;/span&gt;
&lt;span class="flavor"&gt;&lt;b&gt;Attack: &lt;/b&gt;Constitution vs. Fortitude&lt;/span&gt;
&lt;span class="flavor"&gt;&lt;b&gt;Hit: &lt;/b&gt;4[W] + Constitution modifier psychic damage, and the target provokes opportunity attacks whenever it makes melee attacks (save ends).&lt;/span&gt;
&lt;span class="flavor"&gt;&lt;b&gt;Miss: &lt;/b&gt;Half damage, and the target provokes opportunity attacks whenever it makes melee attacks before the end of your next turn.&lt;/span&gt;
&lt;span class="flavor"&gt;&lt;b&gt;Effect: &lt;/b&gt;Until the end of the encounter, you can use a free action to slide the target 1 square whenever it is hit by an opportunity attack.&lt;/span&gt;
</power_rules_html><power_published_in>Player's Handbook 3, page(s) 60. </power_published_in><power_dndinsider_id>10467</power_dndinsider_id><formatOutput>1</formatOutput></Power>
