<?xml version="1.0"?>
<Power><power_name>Stinging Rebuke</power_name><power_class_and_level>Steel Ego Attack 11</power_class_and_level><power_flavor>Your enemy realizes its mistake in attacking when you react to its aggression with a swift strike.</power_flavor><power_frequency>Encounter</power_frequency><power_keywords>Augmentable, Psionic, Weapon</power_keywords><power_action_type>Immediate Reaction</power_action_type><power_range_and_aoe>Melee 1</power_range_and_aoe><power_rules>Trigger: An enemy adjacent to you attacks you or your ally with a melee or a close attack
Target: The triggering enemy
Attack: Constitution vs. AC
Hit: 2[W] + Constitution modifier damage, and you mark the target until the end of your next turn.
Effect: Until the end of your next turn, the range of your mind spike power increases to 10, but it remains a melee power. In addition, you can use your mind spike power as a free action once before the start of your next turn.
Hit: 3[W] + Constitution modifier damage, and you mark the target until the end of your next turn.</power_rules><power_rules_html>&lt;span class="flavor"&gt;&lt;b&gt;Trigger: &lt;/b&gt;An enemy adjacent to you attacks you or your ally with a melee or a close attack&lt;/span&gt;
&lt;span class="flavor"&gt;&lt;b&gt;Target: &lt;/b&gt;The triggering enemy&lt;/span&gt;
&lt;span class="flavor"&gt;&lt;b&gt;Attack: &lt;/b&gt;Constitution vs. AC&lt;/span&gt;
&lt;span class="flavor"&gt;&lt;b&gt;Hit: &lt;/b&gt;2[W] + Constitution modifier damage, and you mark the target until the end of your next turn.&lt;/span&gt;
&lt;span class="flavor"&gt;&lt;b&gt;Effect: &lt;/b&gt;Until the end of your next turn, the range of your mind spike power increases to 10, but it remains a melee power. In addition, you can use your mind spike power as a free action once before the start of your next turn.&lt;/span&gt;
&lt;span class="flavor"&gt;&lt;b&gt;Hit: &lt;/b&gt;3[W] + Constitution modifier damage, and you mark the target until the end of your next turn.&lt;/span&gt;
</power_rules_html><power_published_in>Player's Handbook 3, page(s) 60. </power_published_in><power_dndinsider_id>10466</power_dndinsider_id><formatOutput>1</formatOutput></Power>
