<?xml version="1.0"?>
<Power><power_name>Forceful Contempt</power_name><power_class_and_level>Steel Ego Utility 12</power_class_and_level><power_flavor>Through mental force, you will your flesh to become as hard as steel to foil an attack against you.</power_flavor><power_frequency>Encounter</power_frequency><power_keywords>Psionic</power_keywords><power_action_type>Immediate Interrupt</power_action_type><power_range_and_aoe>Personal </power_range_and_aoe><power_rules>Trigger: You are hit by an attack that targets a defense other than Fortitude
Effect: The attack instead targets your Fortitude, and you gain a +2 power bonus to Fortitude until the end of your next turn.</power_rules><power_rules_html>&lt;span class="flavor"&gt;&lt;b&gt;Trigger: &lt;/b&gt;You are hit by an attack that targets a defense other than Fortitude&lt;/span&gt;
&lt;span class="flavor"&gt;&lt;b&gt;Effect: &lt;/b&gt;The attack instead targets your Fortitude, and you gain a +2 power bonus to Fortitude until the end of your next turn.&lt;/span&gt;
</power_rules_html><power_published_in>Player's Handbook 3, page(s) 60. </power_published_in><power_dndinsider_id>10468</power_dndinsider_id><formatOutput>1</formatOutput></Power>
