<?xml version="1.0"?>
<Power><power_name>Slash and Pummel</power_name><power_class_and_level>Fighter Attack 1</power_class_and_level><power_flavor>You follow up a quick slash of your weapon with a powerful punch from your free hand.</power_flavor><power_frequency>At-Will</power_frequency><power_keywords>Martial, Weapon</power_keywords><power_action_type>Standard Action</power_action_type><power_range_and_aoe>Melee touch</power_range_and_aoe><power_rules>Requirement: You must have a hand free.
Target: One creature
Primary Attack: Strength vs. AC (main weapon)
Hit: 1[W] damage. Make a secondary attack against the target.
Level 21: 2[W] damage.
Secondary Attack: Strength vs. Reflex (unarmed)
Hit: 3 + Strength modifier damage.
Level 21: 8 + Strength modifier damage.</power_rules><power_rules_html>&lt;span class="flavor"&gt;&lt;b&gt;Requirement: &lt;/b&gt;You must have a hand free.&lt;/span&gt;
&lt;span class="flavor"&gt;&lt;b&gt;Target: &lt;/b&gt;One creature&lt;/span&gt;
&lt;span class="flavor"&gt;&lt;b&gt;Primary Attack: &lt;/b&gt;Strength vs. AC (main weapon)&lt;/span&gt;
&lt;span class="flavor"&gt;&lt;b&gt;Hit: &lt;/b&gt;1[W] damage. Make a secondary attack against the target.&lt;/span&gt;
&lt;span class="flavor"&gt;Level 21: 2[W] damage.&lt;/span&gt;
&lt;span class="flavor"&gt;&lt;b&gt;Secondary Attack: &lt;/b&gt;Strength vs. Reflex (unarmed)&lt;/span&gt;
&lt;span class="flavor"&gt;&lt;b&gt;Hit: &lt;/b&gt;3 + Strength modifier damage.&lt;/span&gt;
&lt;span class="flavor"&gt;Level 21: 8 + Strength modifier damage.&lt;/span&gt;
</power_rules_html><power_published_in>Martial Power 2, page(s) 7. </power_published_in><power_dndinsider_id>10471</power_dndinsider_id><formatOutput>1</formatOutput></Power>
