<?xml version="1.0"?>
<Power><power_name>Surprising Stab</power_name><power_class_and_level>Fighter Attack 1</power_class_and_level><power_flavor>You slash at your enemy&#x2019;s head and bring in your off-hand weapon with a fast, deadly strike.</power_flavor><power_frequency>Encounter</power_frequency><power_keywords>Martial, Weapon</power_keywords><power_action_type>Standard Action</power_action_type><power_range_and_aoe>Melee weapon</power_range_and_aoe><power_rules>Requirement: You must be wielding two melee weapons.
Target: One creature
Primary Attack: Strength vs. Reflex (main weapon)
Hit: Strength modifier damage, and the target grants combat advantage to you until the end of your next turn. Make a secondary attack against the target.
Secondary Attack: Strength vs. AC (off-hand weapon)
Hit: 2[W] + Strength modifier damage.</power_rules><power_rules_html>&lt;span class="flavor"&gt;&lt;b&gt;Requirement: &lt;/b&gt;You must be wielding two melee weapons.&lt;/span&gt;
&lt;span class="flavor"&gt;&lt;b&gt;Target: &lt;/b&gt;One creature&lt;/span&gt;
&lt;span class="flavor"&gt;&lt;b&gt;Primary Attack: &lt;/b&gt;Strength vs. Reflex (main weapon)&lt;/span&gt;
&lt;span class="flavor"&gt;&lt;b&gt;Hit: &lt;/b&gt;Strength modifier damage, and the target grants combat advantage to you until the end of your next turn. Make a secondary attack against the target.&lt;/span&gt;
&lt;span class="flavor"&gt;&lt;b&gt;Secondary Attack: &lt;/b&gt;Strength vs. AC (off-hand weapon)&lt;/span&gt;
&lt;span class="flavor"&gt;&lt;b&gt;Hit: &lt;/b&gt;2[W] + Strength modifier damage.&lt;/span&gt;
</power_rules_html><power_published_in>Martial Power 2, page(s) 8. </power_published_in><power_dndinsider_id>10476</power_dndinsider_id><formatOutput>1</formatOutput></Power>
