<?xml version="1.0"?>
<Power><power_name>Driving Attack</power_name><power_class_and_level>Fighter Attack 1</power_class_and_level><power_flavor>You drive back your adversary with a hail of blows.</power_flavor><power_frequency>Daily</power_frequency><power_keywords>Invigorating, Martial, Weapon</power_keywords><power_action_type>Standard Action</power_action_type><power_range_and_aoe>Melee weapon</power_range_and_aoe><power_rules>Target: One creature
Primary Attack: Strength vs. AC
Hit: 2[W] + Strength modifier damage, and you push the target 1 square. You then shift 1 square to a square the target vacated. Make a secondary attack against the target.
Secondary Attack: Strength vs. Fortitude
Hit: 1[W] + Strength modifier damage, and you push the target 2 squares and knock it prone.
Miss: Half damage, and you push the target 1 square.</power_rules><power_rules_html>&lt;span class="flavor"&gt;&lt;b&gt;Target: &lt;/b&gt;One creature&lt;/span&gt;
&lt;span class="flavor"&gt;&lt;b&gt;Primary Attack: &lt;/b&gt;Strength vs. AC&lt;/span&gt;
&lt;span class="flavor"&gt;&lt;b&gt;Hit: &lt;/b&gt;2[W] + Strength modifier damage, and you push the target 1 square. You then shift 1 square to a square the target vacated. Make a secondary attack against the target.&lt;/span&gt;
&lt;span class="flavor"&gt;&lt;b&gt;Secondary Attack: &lt;/b&gt;Strength vs. Fortitude&lt;/span&gt;
&lt;span class="flavor"&gt;&lt;b&gt;Hit: &lt;/b&gt;1[W] + Strength modifier damage, and you push the target 2 squares and knock it prone.&lt;/span&gt;
&lt;span class="flavor"&gt;&lt;b&gt;Miss: &lt;/b&gt;Half damage, and you push the target 1 square.&lt;/span&gt;
</power_rules_html><power_published_in>Martial Power 2, page(s) 8. </power_published_in><power_dndinsider_id>10479</power_dndinsider_id><formatOutput>1</formatOutput></Power>
