<?xml version="1.0"?>
<Power><power_name>Leaping Dodge</power_name><power_class_and_level>Rogue Utility 16</power_class_and_level><power_flavor>You leap out of harm&#x2019;s way just in time to avoid an attack.</power_flavor><power_frequency>Encounter</power_frequency><power_keywords>Martial</power_keywords><power_action_type>Immediate Interrupt</power_action_type><power_range_and_aoe>Personal </power_range_and_aoe><power_rules>Prerequisite: You must have training in Athletics.
Trigger: An enemy targets you with an attack.
Effect: You jump, making an Athletics check with a +5 power bonus.</power_rules><power_rules_html>&lt;span class="flavor"&gt;&lt;b&gt;Prerequisite: &lt;/b&gt;You must have training in Athletics.&lt;/span&gt;
&lt;span class="flavor"&gt;&lt;b&gt;Trigger: &lt;/b&gt;An enemy targets you with an attack.&lt;/span&gt;
&lt;span class="flavor"&gt;&lt;b&gt;Effect: &lt;/b&gt;You jump, making an Athletics check with a +5 power bonus.&lt;/span&gt;
</power_rules_html><power_published_in>Player's Handbook, page(s) 124, Class Compendium.</power_published_in><power_dndinsider_id>1047</power_dndinsider_id><formatOutput>1</formatOutput></Power>
