<?xml version="1.0"?>
<Power><power_name>Hack and Hew</power_name><power_class_and_level>Fighter Attack 1</power_class_and_level><power_flavor>You hack an enemy with one stroke and then slash at another with your next swing.</power_flavor><power_frequency>Encounter</power_frequency><power_keywords>Invigorating, Martial, Weapon</power_keywords><power_action_type>Standard Action</power_action_type><power_range_and_aoe>Melee weapon</power_range_and_aoe><power_rules>Primary Target: One creature
Primary Attack: Strength vs. AC
Hit: 1[W] + Strength modifier damage.
Effect: Make a secondary attack.
Secondary Target: One creature other than the primary target
Secondary Attack: Strength vs. AC</power_rules><power_rules_html>&lt;span class="flavor"&gt;&lt;b&gt;Primary Target: &lt;/b&gt;One creature&lt;/span&gt;
&lt;span class="flavor"&gt;&lt;b&gt;Primary Attack: &lt;/b&gt;Strength vs. AC&lt;/span&gt;
&lt;span class="flavor"&gt;&lt;b&gt;Hit: &lt;/b&gt;1[W] + Strength modifier damage.&lt;/span&gt;
&lt;span class="flavor"&gt;&lt;b&gt;Effect: &lt;/b&gt;Make a secondary attack.&lt;/span&gt;
&lt;span class="flavor"&gt;&lt;b&gt;Secondary Target: &lt;/b&gt;One creature other than the primary target&lt;/span&gt;
&lt;span class="flavor"&gt;&lt;b&gt;Secondary Attack: &lt;/b&gt;Strength vs. AC&lt;/span&gt;
</power_rules_html><power_published_in>Martial Power 2, page(s) 8. </power_published_in><power_dndinsider_id>10474</power_dndinsider_id><formatOutput>1</formatOutput></Power>
