<?xml version="1.0"?>
<Power><power_name>Grappling Strike</power_name><power_class_and_level>Fighter Attack 1</power_class_and_level><power_flavor>You hew your foe with a simple attack and then grab it with your empty hand to keep it from escaping.</power_flavor><power_frequency>At-Will</power_frequency><power_keywords>Martial, Weapon</power_keywords><power_action_type>Standard Action</power_action_type><power_range_and_aoe>Melee touch</power_range_and_aoe><power_rules>Requirement: You must have a hand free.
Target: One creature
Attack: Strength vs. AC
Hit: 1[W] + Strength modifier damage, and you grab the target. The grab ends automatically at the end of your next turn.
Level 21: 2[W] + Strength modifier damage.
Brawler Style: When making an opportunity attack, you can use this power in place of a melee basic attack.</power_rules><power_rules_html>&lt;span class="flavor"&gt;&lt;b&gt;Requirement: &lt;/b&gt;You must have a hand free.&lt;/span&gt;
&lt;span class="flavor"&gt;&lt;b&gt;Target: &lt;/b&gt;One creature&lt;/span&gt;
&lt;span class="flavor"&gt;&lt;b&gt;Attack: &lt;/b&gt;Strength vs. AC&lt;/span&gt;
&lt;span class="flavor"&gt;&lt;b&gt;Hit: &lt;/b&gt;1[W] + Strength modifier damage, and you grab the target. The grab ends automatically at the end of your next turn.&lt;/span&gt;
&lt;span class="flavor"&gt;Level 21: 2[W] + Strength modifier damage.&lt;/span&gt;
&lt;span class="flavor"&gt;&lt;b&gt;Brawler Style: &lt;/b&gt;When making an opportunity attack, you can use this power in place of a melee basic attack.&lt;/span&gt;
</power_rules_html><power_published_in>Martial Power 2, page(s) 7. </power_published_in><power_dndinsider_id>10470</power_dndinsider_id><formatOutput>1</formatOutput></Power>
