<?xml version="1.0"?>
<Power><power_name>Bristling Defense</power_name><power_class_and_level>Fighter Attack 1</power_class_and_level><power_flavor>You throw your arms wide and strike two foes, each with a different weapon.</power_flavor><power_frequency>Daily</power_frequency><power_keywords>Martial, Reliable, Weapon</power_keywords><power_action_type>Standard Action</power_action_type><power_range_and_aoe>Melee weapon</power_range_and_aoe><power_rules>Requirement: You must be wielding two melee weapons.
Primary Target: One creature
Primary Attack: Strength vs. AC (main weapon)
Hit: 2[W] + Strength modifier damage. Until the end of your next turn, the primary target cannot gain combat advantage from flanking you.
Effect: Make a secondary attack.
Secondary Target: One creature other than the primary target
Secondary Attack: Strength vs. AC (off-hand weapon)
Hit: 2[W] + Strength modifier damage. Until the end of your next turn, the secondary target cannot gain combat advantage from flanking you.</power_rules><power_rules_html>&lt;span class="flavor"&gt;&lt;b&gt;Requirement: &lt;/b&gt;You must be wielding two melee weapons.&lt;/span&gt;
&lt;span class="flavor"&gt;&lt;b&gt;Primary Target: &lt;/b&gt;One creature&lt;/span&gt;
&lt;span class="flavor"&gt;&lt;b&gt;Primary Attack: &lt;/b&gt;Strength vs. AC (main weapon)&lt;/span&gt;
&lt;span class="flavor"&gt;&lt;b&gt;Hit: &lt;/b&gt;2[W] + Strength modifier damage. Until the end of your next turn, the primary target cannot gain combat advantage from flanking you.&lt;/span&gt;
&lt;span class="flavor"&gt;&lt;b&gt;Effect: &lt;/b&gt;Make a secondary attack.&lt;/span&gt;
&lt;span class="flavor"&gt;&lt;b&gt;Secondary Target: &lt;/b&gt;One creature other than the primary target&lt;/span&gt;
&lt;span class="flavor"&gt;&lt;b&gt;Secondary Attack: &lt;/b&gt;Strength vs. AC (off-hand weapon)&lt;/span&gt;
&lt;span class="flavor"&gt;&lt;b&gt;Hit: &lt;/b&gt;2[W] + Strength modifier damage. Until the end of your next turn, the secondary target cannot gain combat advantage from flanking you.&lt;/span&gt;
</power_rules_html><power_published_in>Martial Power 2, page(s) 8. </power_published_in><power_dndinsider_id>10478</power_dndinsider_id><formatOutput>1</formatOutput></Power>
