<?xml version="1.0"?>
<Power><power_name>Threatening Rush</power_name><power_class_and_level>Fighter Attack 1</power_class_and_level><power_flavor>You storm into the midst of your foes, ensuring that their attacks are directed against you.</power_flavor><power_frequency>At-Will</power_frequency><power_keywords>Martial, Weapon</power_keywords><power_action_type>Standard Action</power_action_type><power_range_and_aoe>Melee weapon</power_range_and_aoe><power_rules>Target: One creature
Attack: Strength vs. AC
Hit: 1[W] damage, and you mark each enemy adjacent to you until the end of your next turn.
Level 21: 2[W] damage.
Special: When charging, you can use this power in place of a melee basic attack.</power_rules><power_rules_html>&lt;span class="flavor"&gt;&lt;b&gt;Target: &lt;/b&gt;One creature&lt;/span&gt;
&lt;span class="flavor"&gt;&lt;b&gt;Attack: &lt;/b&gt;Strength vs. AC&lt;/span&gt;
&lt;span class="flavor"&gt;&lt;b&gt;Hit: &lt;/b&gt;1[W] damage, and you mark each enemy adjacent to you until the end of your next turn.&lt;/span&gt;
&lt;span class="flavor"&gt;Level 21: 2[W] damage.&lt;/span&gt;
&lt;span class="flavor"&gt;&lt;b&gt;Special: &lt;/b&gt;When charging, you can use this power in place of a melee basic attack.&lt;/span&gt;
</power_rules_html><power_published_in>Martial Power 2, page(s) 7. </power_published_in><power_dndinsider_id>10472</power_dndinsider_id><formatOutput>1</formatOutput></Power>
