<?xml version="1.0"?>
<Power><power_name>Bash and Pinion</power_name><power_class_and_level>Fighter Attack 1</power_class_and_level><power_flavor>You slam your weapon through your foe&#x2019;s defenses, creating an opening. You then step in and trap your enemy.</power_flavor><power_frequency>Encounter</power_frequency><power_keywords>Martial, Weapon</power_keywords><power_action_type>Standard Action</power_action_type><power_range_and_aoe>Melee weapon</power_range_and_aoe><power_rules>Requirement: You must have a hand free.
Target: One creature
Attack: Strength vs. AC
Hit: 1[W] + Strength modifier damage, and you slide the target 1 square to a square adjacent to you. You grab the target, and until the grab ends, it takes a penalty to attack rolls equal to your Dexterity modifier. The grab ends automatically at the end of your next turn.</power_rules><power_rules_html>&lt;span class="flavor"&gt;&lt;b&gt;Requirement: &lt;/b&gt;You must have a hand free.&lt;/span&gt;
&lt;span class="flavor"&gt;&lt;b&gt;Target: &lt;/b&gt;One creature&lt;/span&gt;
&lt;span class="flavor"&gt;&lt;b&gt;Attack: &lt;/b&gt;Strength vs. AC&lt;/span&gt;
&lt;span class="flavor"&gt;&lt;b&gt;Hit: &lt;/b&gt;1[W] + Strength modifier damage, and you slide the target 1 square to a square adjacent to you. You grab the target, and until the grab ends, it takes a penalty to attack rolls equal to your Dexterity modifier. The grab ends automatically at the end of your next turn.&lt;/span&gt;
</power_rules_html><power_published_in>Martial Power 2, page(s) 8. </power_published_in><power_dndinsider_id>10473</power_dndinsider_id><formatOutput>1</formatOutput></Power>
