<?xml version="1.0"?>
<Power><power_name>Raise the Stakes</power_name><power_class_and_level>Rogue Utility 16</power_class_and_level><power_flavor>You focus on bringing your foe down quickly at the expense of your own safety.</power_flavor><power_frequency>Daily</power_frequency><power_keywords>Martial</power_keywords><power_action_type>Minor Action</power_action_type><power_range_and_aoe>Personal </power_range_and_aoe><power_rules>Prerequisite: You must have training in Bluff.
Effect: Until the end of your next turn, you can score a critical hit on a roll of 17&#x2013;20, and any attack against you can score a critical hit on a roll of 19&#x2013;20.</power_rules><power_rules_html>&lt;span class="flavor"&gt;&lt;b&gt;Prerequisite: &lt;/b&gt;You must have training in Bluff.&lt;/span&gt;
&lt;span class="flavor"&gt;&lt;b&gt;Effect: &lt;/b&gt;Until the end of your next turn, you can score a critical hit on a roll of 17&#x2013;20, and any attack against you can score a critical hit on a roll of 19&#x2013;20.&lt;/span&gt;
</power_rules_html><power_published_in>Player's Handbook, page(s) 124, Class Compendium.</power_published_in><power_dndinsider_id>1048</power_dndinsider_id><formatOutput>1</formatOutput></Power>
