<?xml version="1.0"?>
<Power><power_name>Seize and Stab</power_name><power_class_and_level>Fighter Attack 1</power_class_and_level><power_flavor>You grab your foe to make certain of your aim. Then you plunge your weapon into the creature.</power_flavor><power_frequency>Daily</power_frequency><power_keywords>Martial, Reliable, Weapon</power_keywords><power_action_type>Standard Action</power_action_type><power_range_and_aoe>Melee 1</power_range_and_aoe><power_rules>Requirement: You must have a hand free.
Target: One creature
Attack: Strength vs. Reflex
Hit: 2[W] + Strength modifier damage, and you grab the target. The target cannot attempt to escape the grab until the end of its next turn.</power_rules><power_rules_html>&lt;span class="flavor"&gt;&lt;b&gt;Requirement: &lt;/b&gt;You must have a hand free.&lt;/span&gt;
&lt;span class="flavor"&gt;&lt;b&gt;Target: &lt;/b&gt;One creature&lt;/span&gt;
&lt;span class="flavor"&gt;&lt;b&gt;Attack: &lt;/b&gt;Strength vs. Reflex&lt;/span&gt;
&lt;span class="flavor"&gt;&lt;b&gt;Hit: &lt;/b&gt;2[W] + Strength modifier damage, and you grab the target. The target cannot attempt to escape the grab until the end of its next turn.&lt;/span&gt;
</power_rules_html><power_published_in>Martial Power 2, page(s) 9. </power_published_in><power_dndinsider_id>10481</power_dndinsider_id><formatOutput>1</formatOutput></Power>
