<?xml version="1.0"?>
<Power><power_name>Unstoppable Advance</power_name><power_class_and_level>Fighter Attack 1</power_class_and_level><power_flavor>You swing with such fury that your foes are steadily driven back
      
      with each blow.</power_flavor><power_frequency>Daily</power_frequency><power_keywords>Martial, Stance</power_keywords><power_action_type>Minor Action</power_action_type><power_range_and_aoe>Personal </power_range_and_aoe><power_rules>Effect: Until the stance ends, whenever you hit any creature with a melee weapon attack, you push that creature 1 square and can shift 1 square to a square the creature vacated.</power_rules><power_rules_html>&lt;span class="flavor"&gt;&lt;b&gt;Effect: &lt;/b&gt;Until the stance ends, whenever you hit any creature with a melee weapon attack, you push that creature 1 square and can shift 1 square to a square the creature vacated.&lt;/span&gt;
</power_rules_html><power_published_in>Martial Power 2, page(s) 9. </power_published_in><power_dndinsider_id>10482</power_dndinsider_id><formatOutput>1</formatOutput></Power>
