<?xml version="1.0"?>
<Power><power_name>Bull Charge</power_name><power_class_and_level>Fighter Attack 3</power_class_and_level><power_flavor>You run into your enemy, taking a brutal swing. Your force knocks your enemy backward and to the ground, allowing you to step forward.</power_flavor><power_frequency>Encounter</power_frequency><power_keywords>Invigorating, Martial, Weapon</power_keywords><power_action_type>Standard Action</power_action_type><power_range_and_aoe>Melee weapon</power_range_and_aoe><power_rules>Target: One creature
Primary Attack: Strength vs. Fortitude
Hit: 2[W] + Strength modifier damage, and you push the target 1 square. You then shift 1 square to a square the target vacated. Make a secondary attack against the target.
Secondary Attack: Strength vs. Fortitude
Hit: You knock the target prone.
Special: When charging, you can use this power in place of a melee basic attack.</power_rules><power_rules_html>&lt;span class="flavor"&gt;&lt;b&gt;Target: &lt;/b&gt;One creature&lt;/span&gt;
&lt;span class="flavor"&gt;&lt;b&gt;Primary Attack: &lt;/b&gt;Strength vs. Fortitude&lt;/span&gt;
&lt;span class="flavor"&gt;&lt;b&gt;Hit: &lt;/b&gt;2[W] + Strength modifier damage, and you push the target 1 square. You then shift 1 square to a square the target vacated. Make a secondary attack against the target.&lt;/span&gt;
&lt;span class="flavor"&gt;&lt;b&gt;Secondary Attack: &lt;/b&gt;Strength vs. Fortitude&lt;/span&gt;
&lt;span class="flavor"&gt;&lt;b&gt;Hit: &lt;/b&gt;You knock the target prone.&lt;/span&gt;
&lt;span class="flavor"&gt;&lt;b&gt;Special: &lt;/b&gt;When charging, you can use this power in place of a melee basic attack.&lt;/span&gt;
</power_rules_html><power_published_in>Martial Power 2, page(s) 10. </power_published_in><power_dndinsider_id>10488</power_dndinsider_id><formatOutput>1</formatOutput></Power>
