<?xml version="1.0"?>
<Power><power_name>Full Extension</power_name><power_class_and_level>Fighter Utility 2</power_class_and_level><power_flavor>You lunge forward, hitting a spot well beyond where your foes thought you could reach.</power_flavor><power_frequency>Encounter</power_frequency><power_keywords>Martial</power_keywords><power_action_type>Minor Action</power_action_type><power_range_and_aoe>Personal </power_range_and_aoe><power_rules>Effect: The reach of the next melee weapon attack you make before the end of your turn increases by 1.</power_rules><power_rules_html>&lt;span class="flavor"&gt;&lt;b&gt;Effect: &lt;/b&gt;The reach of the next melee weapon attack you make before the end of your turn increases by 1.&lt;/span&gt;
</power_rules_html><power_published_in>Martial Power 2, page(s) 9. </power_published_in><power_dndinsider_id>10484</power_dndinsider_id><formatOutput>1</formatOutput></Power>
