<?xml version="1.0"?>
<Power><power_name>Press of Steel</power_name><power_class_and_level>Fighter Attack 1</power_class_and_level><power_flavor>You attack your foe and then use your shield to pin it in place.</power_flavor><power_frequency>Daily</power_frequency><power_keywords>Martial, Weapon</power_keywords><power_action_type>Standard Action</power_action_type><power_range_and_aoe>Melee 1</power_range_and_aoe><power_rules>Requirement: You must be using a shield.
Target: One creature
Attack: Strength vs. AC
Hit: 2[W] + Strength modifier damage, and if the target is adjacent to you and to blocking terrain, it is restrained (save ends). The condition also ends if you are no longer adjacent to the target.
Miss: Half damage, and if the target is adjacent to you and to blocking terrain, it is immobilized until the end of your next turn.</power_rules><power_rules_html>&lt;span class="flavor"&gt;&lt;b&gt;Requirement: &lt;/b&gt;You must be using a shield.&lt;/span&gt;
&lt;span class="flavor"&gt;&lt;b&gt;Target: &lt;/b&gt;One creature&lt;/span&gt;
&lt;span class="flavor"&gt;&lt;b&gt;Attack: &lt;/b&gt;Strength vs. AC&lt;/span&gt;
&lt;span class="flavor"&gt;&lt;b&gt;Hit: &lt;/b&gt;2[W] + Strength modifier damage, and if the target is adjacent to you and to blocking terrain, it is restrained (save ends). The condition also ends if you are no longer adjacent to the target.&lt;/span&gt;
&lt;span class="flavor"&gt;&lt;b&gt;Miss: &lt;/b&gt;Half damage, and if the target is adjacent to you and to blocking terrain, it is immobilized until the end of your next turn.&lt;/span&gt;
</power_rules_html><power_published_in>Martial Power 2, page(s) 8. </power_published_in><power_dndinsider_id>10480</power_dndinsider_id><formatOutput>1</formatOutput></Power>
