<?xml version="1.0"?>
<Power><power_name>Reaver's Hook</power_name><power_class_and_level>Fighter Attack 3</power_class_and_level><power_flavor>Your mighty swing embeds your weapon in your foe.</power_flavor><power_frequency>Encounter</power_frequency><power_keywords>Martial, Weapon</power_keywords><power_action_type>Standard Action</power_action_type><power_range_and_aoe>Melee weapon</power_range_and_aoe><power_rules>Target: One creature
Attack: Strength vs. AC
Hit: 2[W] + Strength modifier damage. If the target moves before the end of your next turn, it takes extra damage equal to your Constitution modifier.
Weapon: If you&#x2019;re wielding an axe or a pick, you can shift 1 square after the attack. You pull the target to the square you vacated.</power_rules><power_rules_html>&lt;span class="flavor"&gt;&lt;b&gt;Target: &lt;/b&gt;One creature&lt;/span&gt;
&lt;span class="flavor"&gt;&lt;b&gt;Attack: &lt;/b&gt;Strength vs. AC&lt;/span&gt;
&lt;span class="flavor"&gt;&lt;b&gt;Hit: &lt;/b&gt;2[W] + Strength modifier damage. If the target moves before the end of your next turn, it takes extra damage equal to your Constitution modifier.&lt;/span&gt;
&lt;span class="flavor"&gt;&lt;b&gt;Weapon: &lt;/b&gt;If you&#x2019;re wielding an axe or a pick, you can shift 1 square after the attack. You pull the target to the square you vacated.&lt;/span&gt;
</power_rules_html><power_published_in>Martial Power 2, page(s) 10. </power_published_in><power_dndinsider_id>10489</power_dndinsider_id><formatOutput>1</formatOutput></Power>
