<?xml version="1.0"?>
<Power><power_name>Quick Escape</power_name><power_class_and_level>Fighter Utility 2</power_class_and_level><power_flavor>You quickly try to shake off whatever&#x2019;s holding you.</power_flavor><power_frequency>Encounter</power_frequency><power_keywords>Martial</power_keywords><power_action_type>Minor Action</power_action_type><power_range_and_aoe>Personal </power_range_and_aoe><power_rules>Effect: You make an escape attempt, or you make a saving throw against an effect that immobilizes or restrains you and that a save can end.</power_rules><power_rules_html>&lt;span class="flavor"&gt;&lt;b&gt;Effect: &lt;/b&gt;You make an escape attempt, or you make a saving throw against an effect that immobilizes or restrains you and that a save can end.&lt;/span&gt;
</power_rules_html><power_published_in>Martial Power 2, page(s) 9. </power_published_in><power_dndinsider_id>10486</power_dndinsider_id><formatOutput>1</formatOutput></Power>
