<?xml version="1.0"?>
<Power><power_name>Forceful Drag</power_name><power_class_and_level>Fighter Utility 2</power_class_and_level><power_flavor>You dig your fingers into a foe and drag the struggling opponent across the battlefield.</power_flavor><power_frequency>Encounter</power_frequency><power_keywords>Martial</power_keywords><power_action_type>Move Action</power_action_type><power_range_and_aoe>Personal </power_range_and_aoe><power_rules>Requirement: You must have a creature grabbed.
Effect: You move your speed. For each square you move, you slide a creature grabbed by you 1 square to a square adjacent to you. The creature remains grabbed, and you do not provoke an opportunity attack from the grabbed creature for this movement. At the end of the move, you can end the grab to knock the creature prone.</power_rules><power_rules_html>&lt;span class="flavor"&gt;&lt;b&gt;Requirement: &lt;/b&gt;You must have a creature grabbed.&lt;/span&gt;
&lt;span class="flavor"&gt;&lt;b&gt;Effect: &lt;/b&gt;You move your speed. For each square you move, you slide a creature grabbed by you 1 square to a square adjacent to you. The creature remains grabbed, and you do not provoke an opportunity attack from the grabbed creature for this movement. At the end of the move, you can end the grab to knock the creature prone.&lt;/span&gt;
</power_rules_html><power_published_in>Martial Power 2, page(s) 9. </power_published_in><power_dndinsider_id>10483</power_dndinsider_id><formatOutput>1</formatOutput></Power>
