<?xml version="1.0"?>
<Power><power_name>Mighty Leap</power_name><power_class_and_level>Fighter Utility 2</power_class_and_level><power_flavor>You gather your strength for a truly impressive jump.</power_flavor><power_frequency>Encounter</power_frequency><power_keywords>Martial</power_keywords><power_action_type>Free Action</power_action_type><power_range_and_aoe>Personal </power_range_and_aoe><power_rules>Effect: Until the end of your turn, you gain a +5 power bonus to Athletics checks to jump. In addition, any jump you make is considered to have a running start, and you can make an Athletics check instead of an Acrobatics check to reduce falling damage.</power_rules><power_rules_html>&lt;span class="flavor"&gt;&lt;b&gt;Effect: &lt;/b&gt;Until the end of your turn, you gain a +5 power bonus to Athletics checks to jump. In addition, any jump you make is considered to have a running start, and you can make an Athletics check instead of an Acrobatics check to reduce falling damage.&lt;/span&gt;
</power_rules_html><power_published_in>Martial Power 2, page(s) 9. </power_published_in><power_dndinsider_id>10485</power_dndinsider_id><formatOutput>1</formatOutput></Power>
