<?xml version="1.0"?>
<Power><power_name>Snagging Grip</power_name><power_class_and_level>Fighter Utility 2</power_class_and_level><power_flavor>When you&#x2019;re knocked off balance, you grab hold of the enemy in front of you and bring it staggering along with you.</power_flavor><power_frequency>Encounter</power_frequency><power_keywords>Martial</power_keywords><power_action_type>Immediate Reaction</power_action_type><power_range_and_aoe>Close burst 10</power_range_and_aoe><power_rules>Trigger: An enemy adjacent to you knocks you prone or forces you to move
Target: The triggering enemy in the burst
Effect: If the target forced you to move, you can pull it to a square adjacent to you. If the target knocked you prone, you knock it prone.</power_rules><power_rules_html>&lt;span class="flavor"&gt;&lt;b&gt;Trigger: &lt;/b&gt;An enemy adjacent to you knocks you prone or forces you to move&lt;/span&gt;
&lt;span class="flavor"&gt;&lt;b&gt;Target: &lt;/b&gt;The triggering enemy in the burst&lt;/span&gt;
&lt;span class="flavor"&gt;&lt;b&gt;Effect: &lt;/b&gt;If the target forced you to move, you can pull it to a square adjacent to you. If the target knocked you prone, you knock it prone.&lt;/span&gt;
</power_rules_html><power_published_in>Martial Power 2, page(s) 9. </power_published_in><power_dndinsider_id>10487</power_dndinsider_id><formatOutput>1</formatOutput></Power>
