<?xml version="1.0"?>
<Power><power_name>Sweeping Slash</power_name><power_class_and_level>Fighter Attack 3</power_class_and_level><power_flavor>You whirl your main weapon in an overhead cut that forces your foes to step back. You then follow up with your other weapon.</power_flavor><power_frequency>Encounter</power_frequency><power_keywords>Martial, Weapon</power_keywords><power_action_type>Standard Action</power_action_type><power_range_and_aoe>Close burst 1</power_range_and_aoe><power_rules>Requirement: You must be wielding two melee weapons.
Primary Target: Each enemy in the burst you can see
Primary Attack: Strength vs. Reflex (main weapon)
Hit: You push the primary target 1 square.
Effect: You shift 1 square and make a melee secondary attack.
Secondary Target: One creature targeted by the primary attack
Secondary Attack: Strength vs. AC (off-hand weapon)
Hit: 2[W] + Strength modifier damage.</power_rules><power_rules_html>&lt;span class="flavor"&gt;&lt;b&gt;Requirement: &lt;/b&gt;You must be wielding two melee weapons.&lt;/span&gt;
&lt;span class="flavor"&gt;&lt;b&gt;Primary Target: &lt;/b&gt;Each enemy in the burst you can see&lt;/span&gt;
&lt;span class="flavor"&gt;&lt;b&gt;Primary Attack: &lt;/b&gt;Strength vs. Reflex (main weapon)&lt;/span&gt;
&lt;span class="flavor"&gt;&lt;b&gt;Hit: &lt;/b&gt;You push the primary target 1 square.&lt;/span&gt;
&lt;span class="flavor"&gt;&lt;b&gt;Effect: &lt;/b&gt;You shift 1 square and make a melee secondary attack.&lt;/span&gt;
&lt;span class="flavor"&gt;&lt;b&gt;Secondary Target: &lt;/b&gt;One creature targeted by the primary attack&lt;/span&gt;
&lt;span class="flavor"&gt;&lt;b&gt;Secondary Attack: &lt;/b&gt;Strength vs. AC (off-hand weapon)&lt;/span&gt;
&lt;span class="flavor"&gt;&lt;b&gt;Hit: &lt;/b&gt;2[W] + Strength modifier damage.&lt;/span&gt;
</power_rules_html><power_published_in>Martial Power 2, page(s) 10. </power_published_in><power_dndinsider_id>10492</power_dndinsider_id><formatOutput>1</formatOutput></Power>
