<?xml version="1.0"?>
<Power><power_name>Crushing Foot</power_name><power_class_and_level>Fighter Attack 5</power_class_and_level><power_flavor>You grab your foe and smash it to the ground. You then place your foot on its neck to keep the creature down.</power_flavor><power_frequency>Daily</power_frequency><power_keywords>Invigorating, Martial, Weapon</power_keywords><power_action_type>Standard Action</power_action_type><power_range_and_aoe>Melee weapon</power_range_and_aoe><power_rules>Target: One creature
Attack: Strength vs. Fortitude
Hit: 2[W] + Strength modifier damage. Until the end of the encounter, the target cannot move on its turn if it was grabbed by you at the start of its turn.
Miss: 1[W] + Strength modifier damage.
Effect: You knock the target prone.</power_rules><power_rules_html>&lt;span class="flavor"&gt;&lt;b&gt;Target: &lt;/b&gt;One creature&lt;/span&gt;
&lt;span class="flavor"&gt;&lt;b&gt;Attack: &lt;/b&gt;Strength vs. Fortitude&lt;/span&gt;
&lt;span class="flavor"&gt;&lt;b&gt;Hit: &lt;/b&gt;2[W] + Strength modifier damage. Until the end of the encounter, the target cannot move on its turn if it was grabbed by you at the start of its turn.&lt;/span&gt;
&lt;span class="flavor"&gt;&lt;b&gt;Miss: &lt;/b&gt;1[W] + Strength modifier damage.&lt;/span&gt;
&lt;span class="flavor"&gt;&lt;b&gt;Effect: &lt;/b&gt;You knock the target prone.&lt;/span&gt;
</power_rules_html><power_published_in>Martial Power 2, page(s) 11. </power_published_in><power_dndinsider_id>10495</power_dndinsider_id><formatOutput>1</formatOutput></Power>
