<?xml version="1.0"?>
<Power><power_name>Shield Edge Block</power_name><power_class_and_level>Fighter Attack 3</power_class_and_level><power_flavor>You block your foe&#x2019;s attack with a quick slam of your shield&#x2019;s edge, striking a powerful blow in the process.</power_flavor><power_frequency>Encounter</power_frequency><power_keywords>Martial</power_keywords><power_action_type>Immediate Interrupt</power_action_type><power_range_and_aoe>Melee 1</power_range_and_aoe><power_rules>Requirement: You must be using a shield.
Trigger: An enemy adjacent to you hits or misses you with a close or a melee attack
Target: The triggering enemy
Effect: The target takes a &#x2013;4 penalty to the attack roll.
Attack: Strength + 2 vs. Fortitude
Level 11: Strength + 4 vs. Fortitude
Hit: 2d6 + Strength modifier damage.</power_rules><power_rules_html>&lt;span class="flavor"&gt;&lt;b&gt;Requirement: &lt;/b&gt;You must be using a shield.&lt;/span&gt;
&lt;span class="flavor"&gt;&lt;b&gt;Trigger: &lt;/b&gt;An enemy adjacent to you hits or misses you with a close or a melee attack&lt;/span&gt;
&lt;span class="flavor"&gt;&lt;b&gt;Target: &lt;/b&gt;The triggering enemy&lt;/span&gt;
&lt;span class="flavor"&gt;&lt;b&gt;Effect: &lt;/b&gt;The target takes a &#x2013;4 penalty to the attack roll.&lt;/span&gt;
&lt;span class="flavor"&gt;&lt;b&gt;Attack: &lt;/b&gt;Strength + 2 vs. Fortitude&lt;/span&gt;
&lt;span class="flavor"&gt;Level 11: Strength + 4 vs. Fortitude&lt;/span&gt;
&lt;span class="flavor"&gt;&lt;b&gt;Hit: &lt;/b&gt;2d6 + Strength modifier damage.&lt;/span&gt;
</power_rules_html><power_published_in>Martial Power 2, page(s) 10. </power_published_in><power_dndinsider_id>10490</power_dndinsider_id><formatOutput>1</formatOutput></Power>
