<?xml version="1.0"?>
<Power><power_name>Dervish's Challenge</power_name><power_class_and_level>Fighter Attack 5</power_class_and_level><power_flavor>You hold your weapons close to your body, prepared to strike out when an enemy leaves you an opening.</power_flavor><power_frequency>Daily</power_frequency><power_keywords>Martial, Stance, Weapon</power_keywords><power_action_type>Standard Action</power_action_type><power_range_and_aoe>Personal </power_range_and_aoe><power_rules>Requirement: You must be wielding two melee weapons.
Target: One creature
Attack: Strength vs. AC (main weapon)
Hit: 3[W] + Strength modifier damage.
Effect: Until the stance ends, whenever you are wielding two weapons and make a melee basic attack against a creature as an immediate action or an opportunity action, you can make a melee basic attack with your off-hand weapon against that creature as a free action.</power_rules><power_rules_html>&lt;span class="flavor"&gt;&lt;b&gt;Requirement: &lt;/b&gt;You must be wielding two melee weapons.&lt;/span&gt;
&lt;span class="flavor"&gt;&lt;b&gt;Target: &lt;/b&gt;One creature&lt;/span&gt;
&lt;span class="flavor"&gt;&lt;b&gt;Attack: &lt;/b&gt;Strength vs. AC (main weapon)&lt;/span&gt;
&lt;span class="flavor"&gt;&lt;b&gt;Hit: &lt;/b&gt;3[W] + Strength modifier damage.&lt;/span&gt;
&lt;span class="flavor"&gt;&lt;b&gt;Effect: &lt;/b&gt;Until the stance ends, whenever you are wielding two weapons and make a melee basic attack against a creature as an immediate action or an opportunity action, you can make a melee basic attack with your off-hand weapon against that creature as a free action.&lt;/span&gt;
</power_rules_html><power_published_in>Martial Power 2, page(s) 11. </power_published_in><power_dndinsider_id>10496</power_dndinsider_id><formatOutput>1</formatOutput></Power>
