<?xml version="1.0"?>
<Power><power_name>Ready to Retaliate</power_name><power_class_and_level>Fighter Utility 6</power_class_and_level><power_flavor>You hold your weapon high overhead, ready to swing at any foe that attacks you.</power_flavor><power_frequency>Daily</power_frequency><power_keywords>Martial, Stance</power_keywords><power_action_type>Minor Action</power_action_type><power_range_and_aoe>Personal </power_range_and_aoe><power_rules>Effect: Until the stance ends, you can use a free action to mark any enemy that makes a melee attack against you. The mark lasts until the end of the enemy&#x2019;s next turn.</power_rules><power_rules_html>&lt;span class="flavor"&gt;&lt;b&gt;Effect: &lt;/b&gt;Until the stance ends, you can use a free action to mark any enemy that makes a melee attack against you. The mark lasts until the end of the enemy&#x2019;s next turn.&lt;/span&gt;
</power_rules_html><power_published_in>Martial Power 2, page(s) 11. </power_published_in><power_dndinsider_id>10499</power_dndinsider_id><formatOutput>1</formatOutput></Power>
