<?xml version="1.0"?>
<Power><power_name>Relentless Pressure</power_name><power_class_and_level>Fighter Attack 5</power_class_and_level><power_flavor>Jabbing and pushing with your shield, you force your foe into using rudimentary attacks.</power_flavor><power_frequency>Daily</power_frequency><power_keywords>Martial, Weapon</power_keywords><power_action_type>Standard Action</power_action_type><power_range_and_aoe>Melee weapon</power_range_and_aoe><power_rules>Requirement: You must be using a shield.
Target: One creature
Attack: Strength vs. AC
Hit: 1[W] + Strength modifier damage.
Effect: The target can use only basic attacks to attack while you are adjacent to it (save ends).</power_rules><power_rules_html>&lt;span class="flavor"&gt;&lt;b&gt;Requirement: &lt;/b&gt;You must be using a shield.&lt;/span&gt;
&lt;span class="flavor"&gt;&lt;b&gt;Target: &lt;/b&gt;One creature&lt;/span&gt;
&lt;span class="flavor"&gt;&lt;b&gt;Attack: &lt;/b&gt;Strength vs. AC&lt;/span&gt;
&lt;span class="flavor"&gt;&lt;b&gt;Hit: &lt;/b&gt;1[W] + Strength modifier damage.&lt;/span&gt;
&lt;span class="flavor"&gt;&lt;b&gt;Effect: &lt;/b&gt;The target can use only basic attacks to attack while you are adjacent to it (save ends).&lt;/span&gt;
</power_rules_html><power_published_in>Martial Power 2, page(s) 11. </power_published_in><power_dndinsider_id>10497</power_dndinsider_id><formatOutput>1</formatOutput></Power>
