<?xml version="1.0"?>
<Power><power_name>Makeshift Shield</power_name><power_class_and_level>Fighter Utility 6</power_class_and_level><power_flavor>You snatch a piece of furniture, a body, or a discarded item to block an enemy&#x2019;s attack.</power_flavor><power_frequency>Encounter</power_frequency><power_keywords>Martial</power_keywords><power_action_type>Immediate Interrupt</power_action_type><power_range_and_aoe>Personal </power_range_and_aoe><power_rules>Requirement: You must have a hand free.
Trigger: An enemy hits you with a close or a melee attack
Effect: You gain a a bonus to defenses against the attack equal to your Dexterity modifer.</power_rules><power_rules_html>&lt;span class="flavor"&gt;&lt;b&gt;Requirement: &lt;/b&gt;You must have a hand free.&lt;/span&gt;
&lt;span class="flavor"&gt;&lt;b&gt;Trigger: &lt;/b&gt;An enemy hits you with a close or a melee attack&lt;/span&gt;
&lt;span class="flavor"&gt;&lt;b&gt;Effect: &lt;/b&gt;You gain a a bonus to defenses against the attack equal to your Dexterity modifer.&lt;/span&gt;
</power_rules_html><power_published_in>Martial Power 2, page(s) 11. </power_published_in><power_dndinsider_id>10498</power_dndinsider_id><formatOutput>1</formatOutput></Power>
