<?xml version="1.0"?>
<Power><power_name>Slamming Rush</power_name><power_class_and_level>Fighter Attack 3</power_class_and_level><power_flavor>You yank your grabbed foe across the battlefield. Upon reaching your destination, you slam it to the ground.</power_flavor><power_frequency>Encounter</power_frequency><power_keywords>Martial, Weapon</power_keywords><power_action_type>Standard Action</power_action_type><power_range_and_aoe>Melee 1</power_range_and_aoe><power_rules>Target: One creature grabbed by you
Effect: You move your speed. For each square you move, you slide the target 1 square to a square adjacent to you. The creature remains grabbed, and you do not provoke an opportunity attack from the target during this movement.
Attack: Strength vs. Fortitude (unarmed)
Hit: 1[W] + Strength modifier damage, and you knock the target prone. If the target is adjacent to blocking terrain, add your Dexterity modifier to the damage.</power_rules><power_rules_html>&lt;span class="flavor"&gt;&lt;b&gt;Target: &lt;/b&gt;One creature grabbed by you&lt;/span&gt;
&lt;span class="flavor"&gt;&lt;b&gt;Effect: &lt;/b&gt;You move your speed. For each square you move, you slide the target 1 square to a square adjacent to you. The creature remains grabbed, and you do not provoke an opportunity attack from the target during this movement.&lt;/span&gt;
&lt;span class="flavor"&gt;&lt;b&gt;Attack: &lt;/b&gt;Strength vs. Fortitude (unarmed)&lt;/span&gt;
&lt;span class="flavor"&gt;&lt;b&gt;Hit: &lt;/b&gt;1[W] + Strength modifier damage, and you knock the target prone. If the target is adjacent to blocking terrain, add your Dexterity modifier to the damage.&lt;/span&gt;
</power_rules_html><power_published_in>Martial Power 2, page(s) 10. </power_published_in><power_dndinsider_id>10491</power_dndinsider_id><formatOutput>1</formatOutput></Power>
