<?xml version="1.0"?>
<Power><power_name>Bare-Knuckled Rebuke Attack</power_name><power_class_and_level>Fighter Attack 5</power_class_and_level><power_flavor>Your enemies leave themselves open to your powerful punches when they miss with their attacks.</power_flavor><power_frequency>Daily</power_frequency><power_keywords>Martial, Stance, Weapon</power_keywords><power_action_type>Minor Action</power_action_type><power_range_and_aoe>Personal </power_range_and_aoe><power_rules>Effect: Until the stance ends, you can use the Bare-Knuckled Rebuke Attack power.
At-Will
Martial
,
Weapon
Immediate Reaction
Melee
weapon
Requirement: The power Bare-Knuckled Rebuke must be active in order to use this power.
Trigger: An enemy adjacent to you misses you with a melee attack
Requirement: You must have a hand free.
Target: The triggering enemy.
Attack: Strength vs. AC (unarmed)
Hit: 1[W] + Strength modifier damage, and the target grants combat advantage to you until the end of your next turn.</power_rules><power_rules_html>&lt;span class="flavor"&gt;&lt;b&gt;Effect: &lt;/b&gt;Until the stance ends, you can use the Bare-Knuckled Rebuke Attack power.&lt;/span&gt;
&lt;span class="flavor"&gt;At-Will&lt;/span&gt;
&lt;span class="flavor"&gt;Martial&lt;/span&gt;
&lt;span class="flavor"&gt;,&lt;/span&gt;
&lt;span class="flavor"&gt;Weapon&lt;/span&gt;
&lt;span class="flavor"&gt;Immediate Reaction&lt;/span&gt;
&lt;span class="flavor"&gt;Melee&lt;/span&gt;
&lt;span class="flavor"&gt;weapon&lt;/span&gt;
&lt;span class="flavor"&gt;&lt;b&gt;Requirement: &lt;/b&gt;The power Bare-Knuckled Rebuke must be active in order to use this power.&lt;/span&gt;
&lt;span class="flavor"&gt;&lt;b&gt;Trigger: &lt;/b&gt;An enemy adjacent to you misses you with a melee attack&lt;/span&gt;
&lt;span class="flavor"&gt;&lt;b&gt;Requirement: &lt;/b&gt;You must have a hand free.&lt;/span&gt;
&lt;span class="flavor"&gt;&lt;b&gt;Target: &lt;/b&gt;The triggering enemy.&lt;/span&gt;
&lt;span class="flavor"&gt;&lt;b&gt;Attack: &lt;/b&gt;Strength vs. AC (unarmed)&lt;/span&gt;
&lt;span class="flavor"&gt;&lt;b&gt;Hit: &lt;/b&gt;1[W] + Strength modifier damage, and the target grants combat advantage to you until the end of your next turn.&lt;/span&gt;
</power_rules_html><power_published_in>Martial Power 2, page(s) 10. </power_published_in><power_dndinsider_id>10493</power_dndinsider_id><formatOutput>1</formatOutput></Power>
