<?xml version="1.0"?>
<Power><power_name>Bloody the Field</power_name><power_class_and_level>Fighter Attack 7</power_class_and_level><power_flavor>You raise your weapon high, recognizing that the time has come to finish off your foe.</power_flavor><power_frequency>Encounter</power_frequency><power_keywords>Invigorating, Martial, Weapon</power_keywords><power_action_type>Standard Action</power_action_type><power_range_and_aoe>Melee weapon</power_range_and_aoe><power_rules>Target: One creature
Attack: Strength vs. AC
Hit: 2[W] + Strength modifier damage. If the target is bloodied, it is dazed until the end of your next turn.
Weapon: If you&#x2019;re wielding an axe, a hammer, or a mace, the attack deals extra damage equal to your Constitution modifier.</power_rules><power_rules_html>&lt;span class="flavor"&gt;&lt;b&gt;Target: &lt;/b&gt;One creature&lt;/span&gt;
&lt;span class="flavor"&gt;&lt;b&gt;Attack: &lt;/b&gt;Strength vs. AC&lt;/span&gt;
&lt;span class="flavor"&gt;&lt;b&gt;Hit: &lt;/b&gt;2[W] + Strength modifier damage. If the target is bloodied, it is dazed until the end of your next turn.&lt;/span&gt;
&lt;span class="flavor"&gt;&lt;b&gt;Weapon: &lt;/b&gt;If you&#x2019;re wielding an axe, a hammer, or a mace, the attack deals extra damage equal to your Constitution modifier.&lt;/span&gt;
</power_rules_html><power_published_in>Martial Power 2, page(s) 12. </power_published_in><power_dndinsider_id>10502</power_dndinsider_id><formatOutput>1</formatOutput></Power>
