<?xml version="1.0"?>
<Power><power_name>Rejoin the Fray</power_name><power_class_and_level>Fighter Utility 6</power_class_and_level><power_flavor>Reinvigorated by an ally&#x2019;s healing, you rush back into the fray.</power_flavor><power_frequency>Encounter</power_frequency><power_keywords>Martial</power_keywords><power_action_type>Immediate Reaction</power_action_type><power_range_and_aoe>Personal </power_range_and_aoe><power_rules>Trigger: An ally uses a healing power on you
Effect: If you are prone, you stand up and shift 1 square. If you are standing, you instead shift 3 squares.</power_rules><power_rules_html>&lt;span class="flavor"&gt;&lt;b&gt;Trigger: &lt;/b&gt;An ally uses a healing power on you&lt;/span&gt;
&lt;span class="flavor"&gt;&lt;b&gt;Effect: &lt;/b&gt;If you are prone, you stand up and shift 1 square. If you are standing, you instead shift 3 squares.&lt;/span&gt;
</power_rules_html><power_published_in>Martial Power 2, page(s) 11. </power_published_in><power_dndinsider_id>10500</power_dndinsider_id><formatOutput>1</formatOutput></Power>
