<?xml version="1.0"?>
<Power><power_name>Unbalancing Dodge</power_name><power_class_and_level>Fighter Utility 6</power_class_and_level><power_flavor>You duck out of the way of your foe&#x2019;s attack, putting the creature off balance.</power_flavor><power_frequency>Encounter</power_frequency><power_keywords>Martial</power_keywords><power_action_type>Immediate Reaction</power_action_type><power_range_and_aoe>Melee touch</power_range_and_aoe><power_rules>Trigger: An enemy misses you with a melee attack
Target: The triggering enemy
Effect: The target takes a -2 penalty to attack rolls and all defenses until the end of its next turn.</power_rules><power_rules_html>&lt;span class="flavor"&gt;&lt;b&gt;Trigger: &lt;/b&gt;An enemy misses you with a melee attack&lt;/span&gt;
&lt;span class="flavor"&gt;&lt;b&gt;Target: &lt;/b&gt;The triggering enemy&lt;/span&gt;
&lt;span class="flavor"&gt;&lt;b&gt;Effect: &lt;/b&gt;The target takes a -2 penalty to attack rolls and all defenses until the end of its next turn.&lt;/span&gt;
</power_rules_html><power_published_in>Martial Power 2, page(s) 11. </power_published_in><power_dndinsider_id>10501</power_dndinsider_id><formatOutput>1</formatOutput></Power>
