<?xml version="1.0"?>
<Power><power_name>Hide in Plain Sight</power_name><power_class_and_level>Rogue Utility 16</power_class_and_level><power_flavor>You stand unseen in the midst of the battle, striking from your place of hiding.</power_flavor><power_frequency>Encounter</power_frequency><power_keywords>Martial</power_keywords><power_action_type>Minor Action</power_action_type><power_range_and_aoe>Personal </power_range_and_aoe><power_rules>Prerequisite: You must be trained in Stealth.
Requirement: You must be hidden.
Effect: You are invisible until you leave your current space or until the end of the encounter. No other action that you perform makes you visible.</power_rules><power_rules_html>&lt;span class="flavor"&gt;&lt;b&gt;Prerequisite: &lt;/b&gt;You must be trained in Stealth.&lt;/span&gt;
&lt;span class="flavor"&gt;&lt;b&gt;Requirement: &lt;/b&gt;You must be hidden.&lt;/span&gt;
&lt;span class="flavor"&gt;&lt;b&gt;Effect: &lt;/b&gt;You are invisible until you leave your current space or until the end of the encounter. No other action that you perform makes you visible.&lt;/span&gt;
</power_rules_html><power_published_in>Player's Handbook, page(s) 123, Class Compendium.</power_published_in><power_dndinsider_id>1050</power_dndinsider_id><formatOutput>1</formatOutput></Power>
