<?xml version="1.0"?>
<Power><power_name>Bludgeoning Vise</power_name><power_class_and_level>Fighter Attack 7</power_class_and_level><power_flavor>Your weapon crunches down on your enemy&#x2019;s skull. You then drive your fist into your foe&#x2019;s face.</power_flavor><power_frequency>Encounter</power_frequency><power_keywords>Martial, Weapon</power_keywords><power_action_type>Standard Action</power_action_type><power_range_and_aoe>Melee weapon</power_range_and_aoe><power_rules>Requirement: You must have a hand free.
Target: One creature
Primary Attack: Strength vs. AC
Hit: 1[W] + Strength modifier damage, and the target is dazed until the end of your next turn. Make a secondary attack against the target.
Secondary Attack: Strength vs. Fortitude (unarmed)
Hit: 1[W] damage, and you knock the target prone.</power_rules><power_rules_html>&lt;span class="flavor"&gt;&lt;b&gt;Requirement: &lt;/b&gt;You must have a hand free.&lt;/span&gt;
&lt;span class="flavor"&gt;&lt;b&gt;Target: &lt;/b&gt;One creature&lt;/span&gt;
&lt;span class="flavor"&gt;&lt;b&gt;Primary Attack: &lt;/b&gt;Strength vs. AC&lt;/span&gt;
&lt;span class="flavor"&gt;&lt;b&gt;Hit: &lt;/b&gt;1[W] + Strength modifier damage, and the target is dazed until the end of your next turn. Make a secondary attack against the target.&lt;/span&gt;
&lt;span class="flavor"&gt;&lt;b&gt;Secondary Attack: &lt;/b&gt;Strength vs. Fortitude (unarmed)&lt;/span&gt;
&lt;span class="flavor"&gt;&lt;b&gt;Hit: &lt;/b&gt;1[W] damage, and you knock the target prone.&lt;/span&gt;
</power_rules_html><power_published_in>Martial Power 2, page(s) 12. </power_published_in><power_dndinsider_id>10503</power_dndinsider_id><formatOutput>1</formatOutput></Power>
