<?xml version="1.0"?>
<Power><power_name>Hydra Charge</power_name><power_class_and_level>Fighter Attack 7</power_class_and_level><power_flavor>Your advance seems brash, but it&#x2019;s actually a flurry of perfectly timed strikes that bewilder your foes.</power_flavor><power_frequency>Encounter</power_frequency><power_keywords>Martial, Weapon</power_keywords><power_action_type>Standard Action</power_action_type><power_range_and_aoe>Close burst 1</power_range_and_aoe><power_rules>Target: Each enemy in the burst you can see
Attack: Strength vs. AC
Hit: 1[W] + Strength modifier damage, and the target takes a &#x2013;2 penalty to attack rolls until the end of your next turn.
Special: When charging, you can use this power in place of a melee basic attack.</power_rules><power_rules_html>&lt;span class="flavor"&gt;&lt;b&gt;Target: &lt;/b&gt;Each enemy in the burst you can see&lt;/span&gt;
&lt;span class="flavor"&gt;&lt;b&gt;Attack: &lt;/b&gt;Strength vs. AC&lt;/span&gt;
&lt;span class="flavor"&gt;&lt;b&gt;Hit: &lt;/b&gt;1[W] + Strength modifier damage, and the target takes a &#x2013;2 penalty to attack rolls until the end of your next turn.&lt;/span&gt;
&lt;span class="flavor"&gt;&lt;b&gt;Special: &lt;/b&gt;When charging, you can use this power in place of a melee basic attack.&lt;/span&gt;
</power_rules_html><power_published_in>Martial Power 2, page(s) 12. </power_published_in><power_dndinsider_id>10505</power_dndinsider_id><formatOutput>1</formatOutput></Power>
