<?xml version="1.0"?>
<Power><power_name>One Against Many</power_name><power_class_and_level>Fighter Attack 9</power_class_and_level><power_flavor>When your enemies gang up on you, you have the advantage, for it means you have no shortage of targets.</power_flavor><power_frequency>Daily</power_frequency><power_keywords>Martial, Weapon</power_keywords><power_action_type>Standard Action</power_action_type><power_range_and_aoe>Close burst 1</power_range_and_aoe><power_rules>Target: Each enemy in the burst you can see
Attack: Strength vs. AC
Hit: 2[W] + Strength modifier damage.
Effect: Until the end of the encounter, you gain a +1 power bonus to all defenses while two or more enemies are adjacent to you. You also gain a +1 power bonus to weapon attack rolls while no allies are adjacent to you.</power_rules><power_rules_html>&lt;span class="flavor"&gt;&lt;b&gt;Target: &lt;/b&gt;Each enemy in the burst you can see&lt;/span&gt;
&lt;span class="flavor"&gt;&lt;b&gt;Attack: &lt;/b&gt;Strength vs. AC&lt;/span&gt;
&lt;span class="flavor"&gt;&lt;b&gt;Hit: &lt;/b&gt;2[W] + Strength modifier damage.&lt;/span&gt;
&lt;span class="flavor"&gt;&lt;b&gt;Effect: &lt;/b&gt;Until the end of the encounter, you gain a +1 power bonus to all defenses while two or more enemies are adjacent to you. You also gain a +1 power bonus to weapon attack rolls while no allies are adjacent to you.&lt;/span&gt;
</power_rules_html><power_published_in>Martial Power 2, page(s) 13. </power_published_in><power_dndinsider_id>10509</power_dndinsider_id><formatOutput>1</formatOutput></Power>
