<?xml version="1.0"?>
<Power><power_name>Echoing Assault</power_name><power_class_and_level>Fighter Attack 7</power_class_and_level><power_flavor>You batter the foe with a mighty swing and prepare to catch it with the backswing if it doesn&#x2019;t have the sense to move.</power_flavor><power_frequency>Encounter</power_frequency><power_keywords>Martial, Weapon</power_keywords><power_action_type>Standard Action</power_action_type><power_range_and_aoe>Melee weapon</power_range_and_aoe><power_rules>Target: One creature
Attack: Strength vs. AC
Hit: 2[W] + Strength modifier damage. If the target is adjacent to you at the start of your next turn, as a free action you can make a melee basic attack against the target as the first action you take during your turn.
Weapon: If you&#x2019;re wielding an axe, a hammer, or a mace, the attacks deal extra damage equal to your Constitution modifier.</power_rules><power_rules_html>&lt;span class="flavor"&gt;&lt;b&gt;Target: &lt;/b&gt;One creature&lt;/span&gt;
&lt;span class="flavor"&gt;&lt;b&gt;Attack: &lt;/b&gt;Strength vs. AC&lt;/span&gt;
&lt;span class="flavor"&gt;&lt;b&gt;Hit: &lt;/b&gt;2[W] + Strength modifier damage. If the target is adjacent to you at the start of your next turn, as a free action you can make a melee basic attack against the target as the first action you take during your turn.&lt;/span&gt;
&lt;span class="flavor"&gt;&lt;b&gt;Weapon: &lt;/b&gt;If you&#x2019;re wielding an axe, a hammer, or a mace, the attacks deal extra damage equal to your Constitution modifier.&lt;/span&gt;
</power_rules_html><power_published_in>Martial Power 2, page(s) 12. </power_published_in><power_dndinsider_id>10504</power_dndinsider_id><formatOutput>1</formatOutput></Power>
