<?xml version="1.0"?>
<Power><power_name>Hobbling Cut</power_name><power_class_and_level>Fighter Attack 9</power_class_and_level><power_flavor>You cripple your foe with painful wounds to its leg and its arm.</power_flavor><power_frequency>Daily</power_frequency><power_keywords>Martial, Weapon</power_keywords><power_action_type>Standard Action</power_action_type><power_range_and_aoe>Melee weapon</power_range_and_aoe><power_rules>Target: One creature
Attack: Strength vs. AC
Hit: 2[W] + Strength modifier damage, and the target is slowed and weakened (save ends both).
Miss: Half damage, and the target is slowed and weakened until the end of your next turn.</power_rules><power_rules_html>&lt;span class="flavor"&gt;&lt;b&gt;Target: &lt;/b&gt;One creature&lt;/span&gt;
&lt;span class="flavor"&gt;&lt;b&gt;Attack: &lt;/b&gt;Strength vs. AC&lt;/span&gt;
&lt;span class="flavor"&gt;&lt;b&gt;Hit: &lt;/b&gt;2[W] + Strength modifier damage, and the target is slowed and weakened (save ends both).&lt;/span&gt;
&lt;span class="flavor"&gt;&lt;b&gt;Miss: &lt;/b&gt;Half damage, and the target is slowed and weakened until the end of your next turn.&lt;/span&gt;
</power_rules_html><power_published_in>Martial Power 2, page(s) 13. </power_published_in><power_dndinsider_id>10508</power_dndinsider_id><formatOutput>1</formatOutput></Power>
