<?xml version="1.0"?>
<Power><power_name>Bone Crusher</power_name><power_class_and_level>Fighter Attack 9</power_class_and_level><power_flavor>Your crushing blow leaves your enemy susceptible to other attacks.</power_flavor><power_frequency>Daily</power_frequency><power_keywords>Invigorating, Martial, Weapon</power_keywords><power_action_type>Standard Action</power_action_type><power_range_and_aoe>Melee weapon</power_range_and_aoe><power_rules>Target: One creature
Attack: Strength vs. AC
Hit: 3[W] + Strength modifier damage.
Effect: The target gains vulnerable 10 to weapon attacks (save ends).</power_rules><power_rules_html>&lt;span class="flavor"&gt;&lt;b&gt;Target: &lt;/b&gt;One creature&lt;/span&gt;
&lt;span class="flavor"&gt;&lt;b&gt;Attack: &lt;/b&gt;Strength vs. AC&lt;/span&gt;
&lt;span class="flavor"&gt;&lt;b&gt;Hit: &lt;/b&gt;3[W] + Strength modifier damage.&lt;/span&gt;
&lt;span class="flavor"&gt;&lt;b&gt;Effect: &lt;/b&gt;The target gains vulnerable 10 to weapon attacks (save ends).&lt;/span&gt;
</power_rules_html><power_published_in>Martial Power 2, page(s) 12. </power_published_in><power_dndinsider_id>10507</power_dndinsider_id><formatOutput>1</formatOutput></Power>
