<?xml version="1.0"?>
<Power><power_name>Hilt Smash</power_name><power_class_and_level>Fighter Attack 13</power_class_and_level><power_flavor>After a wide swing, you reverse your weapon and slam its grip against your foe&#x2019;s head.</power_flavor><power_frequency>Encounter</power_frequency><power_keywords>Martial, Weapon</power_keywords><power_action_type>Standard Action</power_action_type><power_range_and_aoe>Melee weapon</power_range_and_aoe><power_rules>Requirement: You must be wielding two melee weapons.
Target: One creature
Primary Attack: Strength vs. AC (main weapon)
Hit: 1[W] + Strength modifier damage, and the target grants combat advantage to you until the end of your next turn.
Effect: Make a secondary attack against the target.
Secondary Attack: Strength vs. AC (off-hand weapon)
Hit: 1[W] + Strength modifier damage, and the target is dazed until the end of your next turn if you have combat advantage against it.</power_rules><power_rules_html>&lt;span class="flavor"&gt;&lt;b&gt;Requirement: &lt;/b&gt;You must be wielding two melee weapons.&lt;/span&gt;
&lt;span class="flavor"&gt;&lt;b&gt;Target: &lt;/b&gt;One creature&lt;/span&gt;
&lt;span class="flavor"&gt;&lt;b&gt;Primary Attack: &lt;/b&gt;Strength vs. AC (main weapon)&lt;/span&gt;
&lt;span class="flavor"&gt;&lt;b&gt;Hit: &lt;/b&gt;1[W] + Strength modifier damage, and the target grants combat advantage to you until the end of your next turn.&lt;/span&gt;
&lt;span class="flavor"&gt;&lt;b&gt;Effect: &lt;/b&gt;Make a secondary attack against the target.&lt;/span&gt;
&lt;span class="flavor"&gt;&lt;b&gt;Secondary Attack: &lt;/b&gt;Strength vs. AC (off-hand weapon)&lt;/span&gt;
&lt;span class="flavor"&gt;&lt;b&gt;Hit: &lt;/b&gt;1[W] + Strength modifier damage, and the target is dazed until the end of your next turn if you have combat advantage against it.&lt;/span&gt;
</power_rules_html><power_published_in>Martial Power 2, page(s) 15. </power_published_in><power_dndinsider_id>10519</power_dndinsider_id><formatOutput>1</formatOutput></Power>
