<?xml version="1.0"?>
<Power><power_name>Fist of Lightning</power_name><power_class_and_level>Fighter Utility 10</power_class_and_level><power_flavor>You clench your fist and prepare a rapid assault.</power_flavor><power_frequency>Daily</power_frequency><power_keywords>Martial, Stance</power_keywords><power_action_type>Minor Action</power_action_type><power_range_and_aoe>Personal </power_range_and_aoe><power_rules>Effect: Until the stance ends, your unarmed attacks deal extra damage equal to your Dexterity modifier.</power_rules><power_rules_html>&lt;span class="flavor"&gt;&lt;b&gt;Effect: &lt;/b&gt;Until the stance ends, your unarmed attacks deal extra damage equal to your Dexterity modifier.&lt;/span&gt;
</power_rules_html><power_published_in>Martial Power 2, page(s) 14. </power_published_in><power_dndinsider_id>10514</power_dndinsider_id><formatOutput>1</formatOutput></Power>
