<?xml version="1.0"?>
<Power><power_name>Body Shield (Fighter)</power_name><power_class_and_level>Fighter Utility 10</power_class_and_level><power_flavor>You yank a foe into the path of an enemy&#x2019;s attack.</power_flavor><power_frequency>Encounter</power_frequency><power_keywords>Martial</power_keywords><power_action_type>Immediate Interrupt</power_action_type><power_range_and_aoe>Melee 1</power_range_and_aoe><power_rules>Trigger: An enemy hits you with a melee or a ranged attack
Requirement: You must have a hand free.
Target: One creature other than the triggering enemy
Effect: Make a grab attack against the target. If you grab the target, the triggering enemy&#x2019;s attack deals half damage to you and half damage to the target.</power_rules><power_rules_html>&lt;span class="flavor"&gt;&lt;b&gt;Trigger: &lt;/b&gt;An enemy hits you with a melee or a ranged attack&lt;/span&gt;
&lt;span class="flavor"&gt;&lt;b&gt;Requirement: &lt;/b&gt;You must have a hand free.&lt;/span&gt;
&lt;span class="flavor"&gt;&lt;b&gt;Target: &lt;/b&gt;One creature other than the triggering enemy&lt;/span&gt;
&lt;span class="flavor"&gt;&lt;b&gt;Effect: &lt;/b&gt;Make a grab attack against the target. If you grab the target, the triggering enemy&#x2019;s attack deals half damage to you and half damage to the target.&lt;/span&gt;
</power_rules_html><power_published_in>Martial Power 2, page(s) 14. </power_published_in><power_dndinsider_id>10513</power_dndinsider_id><formatOutput>1</formatOutput></Power>
