<?xml version="1.0"?>
<Power><power_name>Unstoppable Assault</power_name><power_class_and_level>Fighter Attack 9</power_class_and_level><power_flavor>You fend off an enemy&#x2019;s advance by striking hard and then jabbing the foe with the edge of your shield.</power_flavor><power_frequency>Daily</power_frequency><power_keywords>Martial, Weapon</power_keywords><power_action_type>Immediate Reaction</power_action_type><power_range_and_aoe>Melee 1</power_range_and_aoe><power_rules>Trigger: An enemy moves during its turn to a square adjacent to you
Requirement: You must be using a shield.
Target: The triggering enemy
Attack: Strength vs. AC
Hit: 3[W] + Strength modifier damage.
Effect: Until the end of your next turn, the target cannot grab you, restrain you, or enter your space.
Sustain Minor: Choose one enemy adjacent to you. That creature cannot grab you, restrain you, or enter your space until the end of your next turn.</power_rules><power_rules_html>&lt;span class="flavor"&gt;&lt;b&gt;Trigger: &lt;/b&gt;An enemy moves during its turn to a square adjacent to you&lt;/span&gt;
&lt;span class="flavor"&gt;&lt;b&gt;Requirement: &lt;/b&gt;You must be using a shield.&lt;/span&gt;
&lt;span class="flavor"&gt;&lt;b&gt;Target: &lt;/b&gt;The triggering enemy&lt;/span&gt;
&lt;span class="flavor"&gt;&lt;b&gt;Attack: &lt;/b&gt;Strength vs. AC&lt;/span&gt;
&lt;span class="flavor"&gt;&lt;b&gt;Hit: &lt;/b&gt;3[W] + Strength modifier damage.&lt;/span&gt;
&lt;span class="flavor"&gt;&lt;b&gt;Effect: &lt;/b&gt;Until the end of your next turn, the target cannot grab you, restrain you, or enter your space.&lt;/span&gt;
&lt;span class="flavor"&gt;&lt;b&gt;Sustain Minor: &lt;/b&gt;Choose one enemy adjacent to you. That creature cannot grab you, restrain you, or enter your space until the end of your next turn.&lt;/span&gt;
</power_rules_html><power_published_in>Martial Power 2, page(s) 13. </power_published_in><power_dndinsider_id>10511</power_dndinsider_id><formatOutput>1</formatOutput></Power>
