<?xml version="1.0"?>
<Power><power_name>Fighter's Grit</power_name><power_class_and_level>Fighter Utility 10</power_class_and_level><power_flavor>With pure determination, you ignore weakness and battle on.</power_flavor><power_frequency>Encounter</power_frequency><power_keywords>Martial</power_keywords><power_action_type>Minor Action</power_action_type><power_range_and_aoe>Personal </power_range_and_aoe><power_rules>Effect: Until the end of your next turn, you ignore the effects of the dazed, immobilized, slowed, and weakened conditions.</power_rules><power_rules_html>&lt;span class="flavor"&gt;&lt;b&gt;Effect: &lt;/b&gt;Until the end of your next turn, you ignore the effects of the dazed, immobilized, slowed, and weakened conditions.&lt;/span&gt;
</power_rules_html><power_published_in>Martial Power 2, page(s) 14. </power_published_in><power_dndinsider_id>10512</power_dndinsider_id><formatOutput>1</formatOutput></Power>
