<?xml version="1.0"?>
<Power><power_name>Battle Jump</power_name><power_class_and_level>Fighter Attack 13</power_class_and_level><power_flavor>You leap past your foe in a great bound, stabbing above its guard as you go.</power_flavor><power_frequency>Encounter</power_frequency><power_keywords>Martial, Weapon</power_keywords><power_action_type>Standard Action</power_action_type><power_range_and_aoe>Melee weapon</power_range_and_aoe><power_rules>Effect: Before or after the attack, you jump 2 squares. You do not provoke opportunity attacks during the jump.
Target: One creature
Attack: Strength vs. AC
Hit: 3[W] + Strength modifier damage.</power_rules><power_rules_html>&lt;span class="flavor"&gt;&lt;b&gt;Effect: &lt;/b&gt;Before or after the attack, you jump 2 squares. You do not provoke opportunity attacks during the jump.&lt;/span&gt;
&lt;span class="flavor"&gt;&lt;b&gt;Target: &lt;/b&gt;One creature&lt;/span&gt;
&lt;span class="flavor"&gt;&lt;b&gt;Attack: &lt;/b&gt;Strength vs. AC&lt;/span&gt;
&lt;span class="flavor"&gt;&lt;b&gt;Hit: &lt;/b&gt;3[W] + Strength modifier damage.&lt;/span&gt;
</power_rules_html><power_published_in>Martial Power 2, page(s) 15. </power_published_in><power_dndinsider_id>10518</power_dndinsider_id><formatOutput>1</formatOutput></Power>
