<?xml version="1.0"?>
<Power><power_name>Steely Persuasion</power_name><power_class_and_level>Fighter Utility 10</power_class_and_level><power_flavor>Your skill with the blade is enough to daunt even stalwart foes.</power_flavor><power_frequency>Encounter</power_frequency><power_keywords>Martial</power_keywords><power_action_type>Free Action</power_action_type><power_range_and_aoe>Personal </power_range_and_aoe><power_rules>Trigger: You make an Intimidate check or a Streetwise check
Requirement: You must be wielding a melee weapon.
Effect: You gain a bonus to the skill check equal to the weapon&#x2019;s proficiency bonus plus the weapon&#x2019;s enhancement bonus.</power_rules><power_rules_html>&lt;span class="flavor"&gt;&lt;b&gt;Trigger: &lt;/b&gt;You make an Intimidate check or a Streetwise check&lt;/span&gt;
&lt;span class="flavor"&gt;&lt;b&gt;Requirement: &lt;/b&gt;You must be wielding a melee weapon.&lt;/span&gt;
&lt;span class="flavor"&gt;&lt;b&gt;Effect: &lt;/b&gt;You gain a bonus to the skill check equal to the weapon&#x2019;s proficiency bonus plus the weapon&#x2019;s enhancement bonus.&lt;/span&gt;
</power_rules_html><power_published_in>Martial Power 2, page(s) 14. </power_published_in><power_dndinsider_id>10516</power_dndinsider_id><formatOutput>1</formatOutput></Power>
