<?xml version="1.0"?>
<Power><power_name>Bash and Pummel</power_name><power_class_and_level>Fighter Attack 13</power_class_and_level><power_flavor>You hack down one enemy and then slash at another nearby with your next blow.</power_flavor><power_frequency>Encounter</power_frequency><power_keywords>Invigorating, Martial, Weapon</power_keywords><power_action_type>Standard Action</power_action_type><power_range_and_aoe>Melee weapon</power_range_and_aoe><power_rules>Target: One or two creatures
Attack: Strength vs. AC. You make the attack twice, distributing the attacks between the targets or making both attacks against one.
Hit: 1[W] + Strength modifier damage, and the target is dazed until the end of your next turn. If you hit the same target twice with this power, the second attack deals extra damage equal to your Dexterity modifier.</power_rules><power_rules_html>&lt;span class="flavor"&gt;&lt;b&gt;Target: &lt;/b&gt;One or two creatures&lt;/span&gt;
&lt;span class="flavor"&gt;&lt;b&gt;Attack: &lt;/b&gt;Strength vs. AC. You make the attack twice, distributing the attacks between the targets or making both attacks against one.&lt;/span&gt;
&lt;span class="flavor"&gt;&lt;b&gt;Hit: &lt;/b&gt;1[W] + Strength modifier damage, and the target is dazed until the end of your next turn. If you hit the same target twice with this power, the second attack deals extra damage equal to your Dexterity modifier.&lt;/span&gt;
</power_rules_html><power_published_in>Martial Power 2, page(s) 15. </power_published_in><power_dndinsider_id>10517</power_dndinsider_id><formatOutput>1</formatOutput></Power>
