<?xml version="1.0"?>
<Power><power_name>Staggering Blow</power_name><power_class_and_level>Fighter Attack 9</power_class_and_level><power_flavor>You batter your enemy with a powerful blow and send it stumbling away from you.</power_flavor><power_frequency>Daily</power_frequency><power_keywords>Martial, Weapon</power_keywords><power_action_type>Standard Action</power_action_type><power_range_and_aoe>Melee weapon</power_range_and_aoe><power_rules>Requirement: You must have a hand free.
Target: One creature
Attack: Strength vs. AC
Hit: 3[W] + Strength modifier damage, and you push the target 3 squares. The target is dazed (save ends).
Miss: Half damage, and you push the target 1 square. The target is dazed until the end of your next turn.</power_rules><power_rules_html>&lt;span class="flavor"&gt;&lt;b&gt;Requirement: &lt;/b&gt;You must have a hand free.&lt;/span&gt;
&lt;span class="flavor"&gt;&lt;b&gt;Target: &lt;/b&gt;One creature&lt;/span&gt;
&lt;span class="flavor"&gt;&lt;b&gt;Attack: &lt;/b&gt;Strength vs. AC&lt;/span&gt;
&lt;span class="flavor"&gt;&lt;b&gt;Hit: &lt;/b&gt;3[W] + Strength modifier damage, and you push the target 3 squares. The target is dazed (save ends).&lt;/span&gt;
&lt;span class="flavor"&gt;&lt;b&gt;Miss: &lt;/b&gt;Half damage, and you push the target 1 square. The target is dazed until the end of your next turn.&lt;/span&gt;
</power_rules_html><power_published_in>Martial Power 2, page(s) 13. </power_published_in><power_dndinsider_id>10510</power_dndinsider_id><formatOutput>1</formatOutput></Power>
