<?xml version="1.0"?>
<Power><power_name>Stranglehold</power_name><power_class_and_level>Fighter Attack 13</power_class_and_level><power_flavor>While your foe is still reeling from your hit, you wrap your arm around its neck and squeeze.</power_flavor><power_frequency>Encounter</power_frequency><power_keywords>Martial, Weapon</power_keywords><power_action_type>Standard Action</power_action_type><power_range_and_aoe>Melee weapon</power_range_and_aoe><power_rules>Requirement: You must have a hand free.
Target: One creature
Attack: Strength vs. AC
Hit: 2[W] + Strength modifier damage, and you grab the target. The target is dazed until the grab ends. The grab ends automatically at the end of your next turn.
Special: When making an opportunity attack, you can use this power in place of a melee basic attack.</power_rules><power_rules_html>&lt;span class="flavor"&gt;&lt;b&gt;Requirement: &lt;/b&gt;You must have a hand free.&lt;/span&gt;
&lt;span class="flavor"&gt;&lt;b&gt;Target: &lt;/b&gt;One creature&lt;/span&gt;
&lt;span class="flavor"&gt;&lt;b&gt;Attack: &lt;/b&gt;Strength vs. AC&lt;/span&gt;
&lt;span class="flavor"&gt;&lt;b&gt;Hit: &lt;/b&gt;2[W] + Strength modifier damage, and you grab the target. The target is dazed until the grab ends. The grab ends automatically at the end of your next turn.&lt;/span&gt;
&lt;span class="flavor"&gt;&lt;b&gt;Special: &lt;/b&gt;When making an opportunity attack, you can use this power in place of a melee basic attack.&lt;/span&gt;
</power_rules_html><power_published_in>Martial Power 2, page(s) 15. </power_published_in><power_dndinsider_id>10520</power_dndinsider_id><formatOutput>1</formatOutput></Power>
