<?xml version="1.0"?>
<Power><power_name>Relentless Headlock</power_name><power_class_and_level>Fighter Attack 15</power_class_and_level><power_flavor>After a preparatory strike with you weapon, you wrap your arm around your foe, leaving no room to escape.</power_flavor><power_frequency>Daily</power_frequency><power_keywords>Martial, Weapon</power_keywords><power_action_type>Standard Action</power_action_type><power_range_and_aoe>Melee weapon</power_range_and_aoe><power_rules>Requirement: You must have a hand free.
Target: One creature
Attack: Strength vs. AC
Hit: 2[W] + Strength modifier damage, and you grab the target. Until the grab ends, the target grants combat advantage to you. Whenever the target fails to escape the grab, you can make an opportunity attack against it.
Miss: Half damage, and you grab the target.</power_rules><power_rules_html>&lt;span class="flavor"&gt;&lt;b&gt;Requirement: &lt;/b&gt;You must have a hand free.&lt;/span&gt;
&lt;span class="flavor"&gt;&lt;b&gt;Target: &lt;/b&gt;One creature&lt;/span&gt;
&lt;span class="flavor"&gt;&lt;b&gt;Attack: &lt;/b&gt;Strength vs. AC&lt;/span&gt;
&lt;span class="flavor"&gt;&lt;b&gt;Hit: &lt;/b&gt;2[W] + Strength modifier damage, and you grab the target. Until the grab ends, the target grants combat advantage to you. Whenever the target fails to escape the grab, you can make an opportunity attack against it.&lt;/span&gt;
&lt;span class="flavor"&gt;&lt;b&gt;Miss: &lt;/b&gt;Half damage, and you grab the target.&lt;/span&gt;
</power_rules_html><power_published_in>Martial Power 2, page(s) 15. </power_published_in><power_dndinsider_id>10523</power_dndinsider_id><formatOutput>1</formatOutput></Power>
