<?xml version="1.0"?>
<Power><power_name>Eye Gouge</power_name><power_class_and_level>Fighter Attack 15</power_class_and_level><power_flavor>You deliver a quick strike to your foe and then go for its eyes, attempting to gouge them out with your free hand.</power_flavor><power_frequency>Daily</power_frequency><power_keywords>Martial, Weapon</power_keywords><power_action_type>Standard Action</power_action_type><power_range_and_aoe>Melee weapon</power_range_and_aoe><power_rules>Requirement: You must have a hand free.
Target: One creature
Primary Attack: Strength vs. AC
Hit: 2[W] + Strength modifier damage.
Effect: Make a secondary attack against the target.
Secondary Attack: Strength vs. Reflex (unarmed)
Hit: 2[W] + Strength modifier damage, and the target is blinded (save ends).
Miss: Half damage, and the target is blinded until the end of your next turn.</power_rules><power_rules_html>&lt;span class="flavor"&gt;&lt;b&gt;Requirement: &lt;/b&gt;You must have a hand free.&lt;/span&gt;
&lt;span class="flavor"&gt;&lt;b&gt;Target: &lt;/b&gt;One creature&lt;/span&gt;
&lt;span class="flavor"&gt;&lt;b&gt;Primary Attack: &lt;/b&gt;Strength vs. AC&lt;/span&gt;
&lt;span class="flavor"&gt;&lt;b&gt;Hit: &lt;/b&gt;2[W] + Strength modifier damage.&lt;/span&gt;
&lt;span class="flavor"&gt;&lt;b&gt;Effect: &lt;/b&gt;Make a secondary attack against the target.&lt;/span&gt;
&lt;span class="flavor"&gt;&lt;b&gt;Secondary Attack: &lt;/b&gt;Strength vs. Reflex (unarmed)&lt;/span&gt;
&lt;span class="flavor"&gt;&lt;b&gt;Hit: &lt;/b&gt;2[W] + Strength modifier damage, and the target is blinded (save ends).&lt;/span&gt;
&lt;span class="flavor"&gt;&lt;b&gt;Miss: &lt;/b&gt;Half damage, and the target is blinded until the end of your next turn.&lt;/span&gt;
</power_rules_html><power_published_in>Martial Power 2, page(s) 15. </power_published_in><power_dndinsider_id>10521</power_dndinsider_id><formatOutput>1</formatOutput></Power>
